date,snapshot_type,security,jq_quantity,alignment_status
2026-05-06,END_OF_DAY,300405.XSHE,2800,JQ_POSITION
2026-05-06,END_OF_DAY,300417.XSHE,1400,JQ_POSITION
2026-05-06,END_OF_DAY,300500.XSHE,1600,JQ_POSITION
2026-05-06,END_OF_DAY,300665.XSHE,2300,JQ_POSITION
2026-05-06,END_OF_DAY,300929.XSHE,1300,JQ_POSITION
2026-05-06,END_OF_DAY,301098.XSHE,2000,JQ_POSITION
2026-05-06,END_OF_DAY,301167.XSHE,1100,JQ_POSITION
2026-05-06,END_OF_DAY,600455.XSHG,700,JQ_POSITION
2026-05-06,END_OF_DAY,600561.XSHG,2800,JQ_POSITION
2026-05-06,END_OF_DAY,600697.XSHG,1500,JQ_POSITION
2026-05-07,END_OF_DAY,300405.XSHE,2800,JQ_POSITION
2026-05-07,END_OF_DAY,300417.XSHE,1400,JQ_POSITION
2026-05-07,END_OF_DAY,300500.XSHE,1600,JQ_POSITION
2026-05-07,END_OF_DAY,300665.XSHE,2300,JQ_POSITION
2026-05-07,END_OF_DAY,300929.XSHE,1300,JQ_POSITION
2026-05-07,END_OF_DAY,301098.XSHE,2000,JQ_POSITION
2026-05-07,END_OF_DAY,301167.XSHE,1100,JQ_POSITION
2026-05-07,END_OF_DAY,600455.XSHG,700,JQ_POSITION
2026-05-07,END_OF_DAY,600561.XSHG,2800,JQ_POSITION
2026-05-07,END_OF_DAY,600697.XSHG,1500,JQ_POSITION
2026-05-08,END_OF_DAY,300405.XSHE,2800,JQ_POSITION
2026-05-08,END_OF_DAY,300417.XSHE,1400,JQ_POSITION
2026-05-08,END_OF_DAY,300500.XSHE,1600,JQ_POSITION
2026-05-08,END_OF_DAY,300665.XSHE,2300,JQ_POSITION
2026-05-08,END_OF_DAY,300929.XSHE,1300,JQ_POSITION
2026-05-08,END_OF_DAY,301098.XSHE,2000,JQ_POSITION
2026-05-08,END_OF_DAY,301167.XSHE,1100,JQ_POSITION
2026-05-08,END_OF_DAY,600455.XSHG,700,JQ_POSITION
2026-05-08,END_OF_DAY,600561.XSHG,2800,JQ_POSITION
2026-05-08,END_OF_DAY,600697.XSHG,1500,JQ_POSITION
2026-05-11,END_OF_DAY,300405.XSHE,5600,JQ_POSITION
2026-05-11,END_OF_DAY,300417.XSHE,2600,JQ_POSITION
2026-05-11,END_OF_DAY,300500.XSHE,1600,JQ_POSITION
2026-05-11,END_OF_DAY,300665.XSHE,4400,JQ_POSITION
2026-05-11,END_OF_DAY,300929.XSHE,2700,JQ_POSITION
2026-05-11,END_OF_DAY,301098.XSHE,4100,JQ_POSITION
2026-05-11,END_OF_DAY,301167.XSHE,2200,JQ_POSITION
2026-05-11,END_OF_DAY,600455.XSHG,1300,JQ_POSITION
2026-05-11,END_OF_DAY,600493.XSHG,2600,JQ_POSITION
2026-05-11,END_OF_DAY,600561.XSHG,5600,JQ_POSITION
2026-05-11,END_OF_DAY,600697.XSHG,3100,JQ_POSITION
2026-05-12,END_OF_DAY,300405.XSHE,5600,JQ_POSITION
2026-05-12,END_OF_DAY,300417.XSHE,2600,JQ_POSITION
2026-05-12,END_OF_DAY,300500.XSHE,1600,JQ_POSITION
2026-05-12,END_OF_DAY,300665.XSHE,4400,JQ_POSITION
2026-05-12,END_OF_DAY,300929.XSHE,2700,JQ_POSITION
2026-05-12,END_OF_DAY,301098.XSHE,4100,JQ_POSITION
2026-05-12,END_OF_DAY,301167.XSHE,2200,JQ_POSITION
2026-05-12,END_OF_DAY,600455.XSHG,1300,JQ_POSITION
2026-05-12,END_OF_DAY,600493.XSHG,2600,JQ_POSITION
2026-05-12,END_OF_DAY,600561.XSHG,5600,JQ_POSITION
2026-05-12,END_OF_DAY,600697.XSHG,3100,JQ_POSITION
2026-05-13,END_OF_DAY,300405.XSHE,5600,JQ_POSITION
2026-05-13,END_OF_DAY,300417.XSHE,2600,JQ_POSITION
2026-05-13,END_OF_DAY,300500.XSHE,1600,JQ_POSITION
2026-05-13,END_OF_DAY,300665.XSHE,4400,JQ_POSITION
2026-05-13,END_OF_DAY,300929.XSHE,2700,JQ_POSITION
2026-05-13,END_OF_DAY,301098.XSHE,4100,JQ_POSITION
2026-05-13,END_OF_DAY,301167.XSHE,2200,JQ_POSITION
2026-05-13,END_OF_DAY,600455.XSHG,1300,JQ_POSITION
2026-05-13,END_OF_DAY,600493.XSHG,2600,JQ_POSITION
2026-05-13,END_OF_DAY,600561.XSHG,5600,JQ_POSITION
2026-05-13,END_OF_DAY,600697.XSHG,3100,JQ_POSITION
2026-05-14,END_OF_DAY,300405.XSHE,5600,JQ_POSITION
2026-05-14,END_OF_DAY,300417.XSHE,3900,JQ_POSITION
2026-05-14,END_OF_DAY,300500.XSHE,1600,JQ_POSITION
2026-05-14,END_OF_DAY,300535.XSHE,1000,JQ_POSITION
2026-05-14,END_OF_DAY,300665.XSHE,6500,JQ_POSITION
2026-05-14,END_OF_DAY,300929.XSHE,4200,JQ_POSITION
2026-05-14,END_OF_DAY,301098.XSHE,5500,JQ_POSITION
2026-05-14,END_OF_DAY,301167.XSHE,3400,JQ_POSITION
2026-05-14,END_OF_DAY,600455.XSHG,2000,JQ_POSITION
2026-05-14,END_OF_DAY,600493.XSHG,5400,JQ_POSITION
2026-05-14,END_OF_DAY,600561.XSHG,8500,JQ_POSITION
2026-05-14,END_OF_DAY,600697.XSHG,4800,JQ_POSITION
2026-05-15,END_OF_DAY,300405.XSHE,5600,JQ_POSITION
2026-05-15,END_OF_DAY,300417.XSHE,3900,JQ_POSITION
2026-05-15,END_OF_DAY,300500.XSHE,1600,JQ_POSITION
2026-05-15,END_OF_DAY,300535.XSHE,1000,JQ_POSITION
2026-05-15,END_OF_DAY,300665.XSHE,6500,JQ_POSITION
2026-05-15,END_OF_DAY,300929.XSHE,4200,JQ_POSITION
2026-05-15,END_OF_DAY,301098.XSHE,5500,JQ_POSITION
2026-05-15,END_OF_DAY,301167.XSHE,3400,JQ_POSITION
2026-05-15,END_OF_DAY,600455.XSHG,2000,JQ_POSITION
2026-05-15,END_OF_DAY,600493.XSHG,5400,JQ_POSITION
2026-05-15,END_OF_DAY,600561.XSHG,8500,JQ_POSITION
2026-05-15,END_OF_DAY,600697.XSHG,4800,JQ_POSITION
2026-05-18,END_OF_DAY,300405.XSHE,5600,JQ_POSITION
2026-05-18,END_OF_DAY,300417.XSHE,3900,JQ_POSITION
2026-05-18,END_OF_DAY,300500.XSHE,1600,JQ_POSITION
2026-05-18,END_OF_DAY,300535.XSHE,1000,JQ_POSITION
2026-05-18,END_OF_DAY,300665.XSHE,6500,JQ_POSITION
2026-05-18,END_OF_DAY,300929.XSHE,4200,JQ_POSITION
2026-05-18,END_OF_DAY,301098.XSHE,5500,JQ_POSITION
2026-05-18,END_OF_DAY,301167.XSHE,3400,JQ_POSITION
2026-05-18,END_OF_DAY,600455.XSHG,2000,JQ_POSITION
2026-05-18,END_OF_DAY,600493.XSHG,5400,JQ_POSITION
2026-05-18,END_OF_DAY,600561.XSHG,8500,JQ_POSITION
2026-05-18,END_OF_DAY,600697.XSHG,4800,JQ_POSITION
2026-05-19,END_OF_DAY,300405.XSHE,8300,JQ_POSITION
2026-05-19,END_OF_DAY,300417.XSHE,5200,JQ_POSITION
2026-05-19,END_OF_DAY,300500.XSHE,1600,JQ_POSITION
2026-05-19,END_OF_DAY,300535.XSHE,2100,JQ_POSITION
2026-05-19,END_OF_DAY,300665.XSHE,6200,JQ_POSITION
2026-05-19,END_OF_DAY,300929.XSHE,5700,JQ_POSITION
2026-05-19,END_OF_DAY,301098.XSHE,7500,JQ_POSITION
2026-05-19,END_OF_DAY,301167.XSHE,4600,JQ_POSITION
2026-05-19,END_OF_DAY,600455.XSHG,2700,JQ_POSITION
2026-05-19,END_OF_DAY,600493.XSHG,8100,JQ_POSITION
2026-05-19,END_OF_DAY,600561.XSHG,11600,JQ_POSITION
2026-05-19,END_OF_DAY,600697.XSHG,6400,JQ_POSITION
2026-05-20,END_OF_DAY,300405.XSHE,8300,JQ_POSITION
2026-05-20,END_OF_DAY,300417.XSHE,5200,JQ_POSITION
2026-05-20,END_OF_DAY,300500.XSHE,1600,JQ_POSITION
2026-05-20,END_OF_DAY,300535.XSHE,2100,JQ_POSITION
2026-05-20,END_OF_DAY,300665.XSHE,6200,JQ_POSITION
2026-05-20,END_OF_DAY,300929.XSHE,5700,JQ_POSITION
2026-05-20,END_OF_DAY,301098.XSHE,7500,JQ_POSITION
2026-05-20,END_OF_DAY,301167.XSHE,4600,JQ_POSITION
2026-05-20,END_OF_DAY,600455.XSHG,2700,JQ_POSITION
2026-05-20,END_OF_DAY,600493.XSHG,8100,JQ_POSITION
2026-05-20,END_OF_DAY,600561.XSHG,11600,JQ_POSITION
2026-05-20,END_OF_DAY,600697.XSHG,6400,JQ_POSITION
2026-05-21,END_OF_DAY,300405.XSHE,8300,JQ_POSITION
2026-05-21,END_OF_DAY,300417.XSHE,5200,JQ_POSITION
2026-05-21,END_OF_DAY,300500.XSHE,1600,JQ_POSITION
2026-05-21,END_OF_DAY,300535.XSHE,2100,JQ_POSITION
2026-05-21,END_OF_DAY,300665.XSHE,6200,JQ_POSITION
2026-05-21,END_OF_DAY,300929.XSHE,5700,JQ_POSITION
2026-05-21,END_OF_DAY,301098.XSHE,7500,JQ_POSITION
2026-05-21,END_OF_DAY,301167.XSHE,4600,JQ_POSITION
2026-05-21,END_OF_DAY,600455.XSHG,2700,JQ_POSITION
2026-05-21,END_OF_DAY,600493.XSHG,8100,JQ_POSITION
2026-05-21,END_OF_DAY,600561.XSHG,11600,JQ_POSITION
2026-05-21,END_OF_DAY,600697.XSHG,6400,JQ_POSITION
2026-05-22,END_OF_DAY,300405.XSHE,8400,JQ_POSITION
2026-05-22,END_OF_DAY,300417.XSHE,6600,JQ_POSITION
2026-05-22,END_OF_DAY,300500.XSHE,1600,JQ_POSITION
2026-05-22,END_OF_DAY,300535.XSHE,3200,JQ_POSITION
2026-05-22,END_OF_DAY,300665.XSHE,6200,JQ_POSITION
2026-05-22,END_OF_DAY,300929.XSHE,7300,JQ_POSITION
2026-05-22,END_OF_DAY,301098.XSHE,9400,JQ_POSITION
2026-05-22,END_OF_DAY,301167.XSHE,5800,JQ_POSITION
2026-05-22,END_OF_DAY,600455.XSHG,3300,JQ_POSITION
2026-05-22,END_OF_DAY,600493.XSHG,11000,JQ_POSITION
2026-05-22,END_OF_DAY,600561.XSHG,14600,JQ_POSITION
2026-05-22,END_OF_DAY,600697.XSHG,8100,JQ_POSITION
2026-05-22,END_OF_DAY,603879.XSHG,3600,JQ_POSITION
2026-05-25,END_OF_DAY,300405.XSHE,8400,JQ_POSITION
2026-05-25,END_OF_DAY,300417.XSHE,6600,JQ_POSITION
2026-05-25,END_OF_DAY,300500.XSHE,1600,JQ_POSITION
2026-05-25,END_OF_DAY,300535.XSHE,3200,JQ_POSITION
2026-05-25,END_OF_DAY,300665.XSHE,6200,JQ_POSITION
2026-05-25,END_OF_DAY,300929.XSHE,7300,JQ_POSITION
2026-05-25,END_OF_DAY,301098.XSHE,9400,JQ_POSITION
2026-05-25,END_OF_DAY,301167.XSHE,5800,JQ_POSITION
2026-05-25,END_OF_DAY,600455.XSHG,3300,JQ_POSITION
2026-05-25,END_OF_DAY,600493.XSHG,11000,JQ_POSITION
2026-05-25,END_OF_DAY,600561.XSHG,14600,JQ_POSITION
2026-05-25,END_OF_DAY,600697.XSHG,8100,JQ_POSITION
2026-05-25,END_OF_DAY,603879.XSHG,3600,JQ_POSITION
2026-05-26,END_OF_DAY,300405.XSHE,8400,JQ_POSITION
2026-05-26,END_OF_DAY,300417.XSHE,6600,JQ_POSITION
2026-05-26,END_OF_DAY,300500.XSHE,1600,JQ_POSITION
2026-05-26,END_OF_DAY,300535.XSHE,3200,JQ_POSITION
2026-05-26,END_OF_DAY,300665.XSHE,6200,JQ_POSITION
2026-05-26,END_OF_DAY,300929.XSHE,7300,JQ_POSITION
2026-05-26,END_OF_DAY,301098.XSHE,9400,JQ_POSITION
2026-05-26,END_OF_DAY,301167.XSHE,5800,JQ_POSITION
2026-05-26,END_OF_DAY,600455.XSHG,3300,JQ_POSITION
2026-05-26,END_OF_DAY,600493.XSHG,11000,JQ_POSITION
2026-05-26,END_OF_DAY,600561.XSHG,14600,JQ_POSITION
2026-05-26,END_OF_DAY,600697.XSHG,8100,JQ_POSITION
2026-05-26,END_OF_DAY,603879.XSHG,3600,JQ_POSITION
2026-05-27,END_OF_DAY,300405.XSHE,5600,JQ_POSITION
2026-05-27,END_OF_DAY,300417.XSHE,5500,JQ_POSITION
2026-05-27,END_OF_DAY,300535.XSHE,4300,JQ_POSITION
2026-05-27,END_OF_DAY,300605.XSHE,1600,JQ_POSITION
2026-05-27,END_OF_DAY,300665.XSHE,3900,JQ_POSITION
2026-05-27,END_OF_DAY,300929.XSHE,7300,JQ_POSITION
2026-05-27,END_OF_DAY,301098.XSHE,9400,JQ_POSITION
2026-05-27,END_OF_DAY,301167.XSHE,5900,JQ_POSITION
2026-05-27,END_OF_DAY,600455.XSHG,3300,JQ_POSITION
2026-05-27,END_OF_DAY,600493.XSHG,14000,JQ_POSITION
2026-05-27,END_OF_DAY,600561.XSHG,14700,JQ_POSITION
2026-05-27,END_OF_DAY,600697.XSHG,8200,JQ_POSITION
2026-05-27,END_OF_DAY,603879.XSHG,7200,JQ_POSITION
2026-05-28,END_OF_DAY,300405.XSHE,5600,JQ_POSITION
2026-05-28,END_OF_DAY,300417.XSHE,5500,JQ_POSITION
2026-05-28,END_OF_DAY,300535.XSHE,4300,JQ_POSITION
2026-05-28,END_OF_DAY,300605.XSHE,1600,JQ_POSITION
2026-05-28,END_OF_DAY,300665.XSHE,3900,JQ_POSITION
2026-05-28,END_OF_DAY,300929.XSHE,7300,JQ_POSITION
2026-05-28,END_OF_DAY,301098.XSHE,9400,JQ_POSITION
2026-05-28,END_OF_DAY,301167.XSHE,5900,JQ_POSITION
2026-05-28,END_OF_DAY,600455.XSHG,3300,JQ_POSITION
2026-05-28,END_OF_DAY,600493.XSHG,14000,JQ_POSITION
2026-05-28,END_OF_DAY,600561.XSHG,14700,JQ_POSITION
2026-05-28,END_OF_DAY,600697.XSHG,8200,JQ_POSITION
2026-05-28,END_OF_DAY,603879.XSHG,7200,JQ_POSITION
2026-05-29,END_OF_DAY,300405.XSHE,5600,JQ_POSITION
2026-05-29,END_OF_DAY,300417.XSHE,5500,JQ_POSITION
2026-05-29,END_OF_DAY,300535.XSHE,4300,JQ_POSITION
2026-05-29,END_OF_DAY,300605.XSHE,1600,JQ_POSITION
2026-05-29,END_OF_DAY,300665.XSHE,3900,JQ_POSITION
2026-05-29,END_OF_DAY,300929.XSHE,7300,JQ_POSITION
2026-05-29,END_OF_DAY,301098.XSHE,9400,JQ_POSITION
2026-05-29,END_OF_DAY,301167.XSHE,5900,JQ_POSITION
2026-05-29,END_OF_DAY,600455.XSHG,3300,JQ_POSITION
2026-05-29,END_OF_DAY,600493.XSHG,14000,JQ_POSITION
2026-05-29,END_OF_DAY,600561.XSHG,14700,JQ_POSITION
2026-05-29,END_OF_DAY,600697.XSHG,8200,JQ_POSITION
2026-05-29,END_OF_DAY,603879.XSHG,7200,JQ_POSITION
2026-06-01,END_OF_DAY,300405.XSHE,2900,JQ_POSITION
2026-06-01,END_OF_DAY,300417.XSHE,5500,JQ_POSITION
2026-06-01,END_OF_DAY,300535.XSHE,5500,JQ_POSITION
2026-06-01,END_OF_DAY,300605.XSHE,3200,JQ_POSITION
2026-06-01,END_OF_DAY,300665.XSHE,1900,JQ_POSITION
2026-06-01,END_OF_DAY,300886.XSHE,700,JQ_POSITION
2026-06-01,END_OF_DAY,300929.XSHE,7500,JQ_POSITION
2026-06-01,END_OF_DAY,301098.XSHE,7300,JQ_POSITION
2026-06-01,END_OF_DAY,301167.XSHE,6000,JQ_POSITION
2026-06-01,END_OF_DAY,600455.XSHG,3300,JQ_POSITION
2026-06-01,END_OF_DAY,600493.XSHG,14000,JQ_POSITION
2026-06-01,END_OF_DAY,600561.XSHG,15000,JQ_POSITION
2026-06-01,END_OF_DAY,600697.XSHG,6400,JQ_POSITION
2026-06-01,END_OF_DAY,603879.XSHG,10900,JQ_POSITION
2026-06-02,END_OF_DAY,300405.XSHE,2900,JQ_POSITION
2026-06-02,END_OF_DAY,300417.XSHE,5500,JQ_POSITION
2026-06-02,END_OF_DAY,300535.XSHE,5500,JQ_POSITION
2026-06-02,END_OF_DAY,300605.XSHE,3200,JQ_POSITION
2026-06-02,END_OF_DAY,300665.XSHE,1900,JQ_POSITION
2026-06-02,END_OF_DAY,300886.XSHE,700,JQ_POSITION
2026-06-02,END_OF_DAY,300929.XSHE,7500,JQ_POSITION
2026-06-02,END_OF_DAY,301098.XSHE,7300,JQ_POSITION
2026-06-02,END_OF_DAY,301167.XSHE,6000,JQ_POSITION
2026-06-02,END_OF_DAY,600455.XSHG,3300,JQ_POSITION
2026-06-02,END_OF_DAY,600493.XSHG,14000,JQ_POSITION
2026-06-02,END_OF_DAY,600561.XSHG,15000,JQ_POSITION
2026-06-02,END_OF_DAY,600697.XSHG,6400,JQ_POSITION
2026-06-02,END_OF_DAY,603879.XSHG,10900,JQ_POSITION
2026-06-03,END_OF_DAY,300405.XSHE,2900,JQ_POSITION
2026-06-03,END_OF_DAY,300417.XSHE,5500,JQ_POSITION
2026-06-03,END_OF_DAY,300535.XSHE,5500,JQ_POSITION
2026-06-03,END_OF_DAY,300605.XSHE,3200,JQ_POSITION
2026-06-03,END_OF_DAY,300665.XSHE,1900,JQ_POSITION
2026-06-03,END_OF_DAY,300886.XSHE,700,JQ_POSITION
2026-06-03,END_OF_DAY,300929.XSHE,7500,JQ_POSITION
2026-06-03,END_OF_DAY,301098.XSHE,7300,JQ_POSITION
2026-06-03,END_OF_DAY,301167.XSHE,6000,JQ_POSITION
2026-06-03,END_OF_DAY,600455.XSHG,3300,JQ_POSITION
2026-06-03,END_OF_DAY,600493.XSHG,14000,JQ_POSITION
2026-06-03,END_OF_DAY,600561.XSHG,15000,JQ_POSITION
2026-06-03,END_OF_DAY,600697.XSHG,6400,JQ_POSITION
2026-06-03,END_OF_DAY,603879.XSHG,10900,JQ_POSITION
2026-06-04,END_OF_DAY,300405.XSHE,5600,JQ_POSITION
2026-06-04,END_OF_DAY,300417.XSHE,5500,JQ_POSITION
2026-06-04,END_OF_DAY,300535.XSHE,5600,JQ_POSITION
2026-06-04,END_OF_DAY,300605.XSHE,4800,JQ_POSITION
2026-06-04,END_OF_DAY,300886.XSHE,700,JQ_POSITION
2026-06-04,END_OF_DAY,300929.XSHE,7500,JQ_POSITION
2026-06-04,END_OF_DAY,301098.XSHE,5900,JQ_POSITION
2026-06-04,END_OF_DAY,301167.XSHE,6000,JQ_POSITION
2026-06-04,END_OF_DAY,600455.XSHG,3400,JQ_POSITION
2026-06-04,END_OF_DAY,600493.XSHG,14000,JQ_POSITION
2026-06-04,END_OF_DAY,600561.XSHG,15000,JQ_POSITION
2026-06-04,END_OF_DAY,600697.XSHG,6300,JQ_POSITION
2026-06-04,END_OF_DAY,603879.XSHG,10600,JQ_POSITION
2026-06-05,END_OF_DAY,300405.XSHE,5600,JQ_POSITION
2026-06-05,END_OF_DAY,300417.XSHE,5500,JQ_POSITION
2026-06-05,END_OF_DAY,300535.XSHE,5600,JQ_POSITION
2026-06-05,END_OF_DAY,300605.XSHE,4800,JQ_POSITION
2026-06-05,END_OF_DAY,300886.XSHE,700,JQ_POSITION
2026-06-05,END_OF_DAY,300929.XSHE,7500,JQ_POSITION
2026-06-05,END_OF_DAY,301098.XSHE,5900,JQ_POSITION
2026-06-05,END_OF_DAY,301167.XSHE,6000,JQ_POSITION
2026-06-05,END_OF_DAY,600455.XSHG,3400,JQ_POSITION
2026-06-05,END_OF_DAY,600493.XSHG,14000,JQ_POSITION
2026-06-05,END_OF_DAY,600561.XSHG,15000,JQ_POSITION
2026-06-05,END_OF_DAY,600697.XSHG,6300,JQ_POSITION
2026-06-05,END_OF_DAY,603879.XSHG,10600,JQ_POSITION
2026-06-08,END_OF_DAY,300405.XSHE,5600,JQ_POSITION
2026-06-08,END_OF_DAY,300417.XSHE,5500,JQ_POSITION
2026-06-08,END_OF_DAY,300535.XSHE,5600,JQ_POSITION
2026-06-08,END_OF_DAY,300605.XSHE,4800,JQ_POSITION
2026-06-08,END_OF_DAY,300886.XSHE,700,JQ_POSITION
2026-06-08,END_OF_DAY,300929.XSHE,7500,JQ_POSITION
2026-06-08,END_OF_DAY,301098.XSHE,5900,JQ_POSITION
2026-06-08,END_OF_DAY,301167.XSHE,6000,JQ_POSITION
2026-06-08,END_OF_DAY,600455.XSHG,3400,JQ_POSITION
2026-06-08,END_OF_DAY,600493.XSHG,14000,JQ_POSITION
2026-06-08,END_OF_DAY,600561.XSHG,15000,JQ_POSITION
2026-06-08,END_OF_DAY,600697.XSHG,6300,JQ_POSITION
2026-06-08,END_OF_DAY,603879.XSHG,10600,JQ_POSITION
2026-06-09,END_OF_DAY,300405.XSHE,5600,JQ_POSITION
2026-06-09,END_OF_DAY,300417.XSHE,5500,JQ_POSITION
2026-06-09,END_OF_DAY,300535.XSHE,5600,JQ_POSITION
2026-06-09,END_OF_DAY,300605.XSHE,4800,JQ_POSITION
2026-06-09,END_OF_DAY,300886.XSHE,700,JQ_POSITION
2026-06-09,END_OF_DAY,300929.XSHE,7500,JQ_POSITION
2026-06-09,END_OF_DAY,301098.XSHE,6100,JQ_POSITION
2026-06-09,END_OF_DAY,301167.XSHE,6000,JQ_POSITION
2026-06-09,END_OF_DAY,600455.XSHG,3400,JQ_POSITION
2026-06-09,END_OF_DAY,600493.XSHG,13800,JQ_POSITION
2026-06-09,END_OF_DAY,600561.XSHG,15000,JQ_POSITION
2026-06-09,END_OF_DAY,600697.XSHG,4700,JQ_POSITION
2026-06-09,END_OF_DAY,603879.XSHG,14200,JQ_POSITION
2026-06-10,END_OF_DAY,300405.XSHE,5600,JQ_POSITION
2026-06-10,END_OF_DAY,300417.XSHE,5500,JQ_POSITION
2026-06-10,END_OF_DAY,300535.XSHE,5600,JQ_POSITION
2026-06-10,END_OF_DAY,300605.XSHE,4800,JQ_POSITION
2026-06-10,END_OF_DAY,300886.XSHE,700,JQ_POSITION
2026-06-10,END_OF_DAY,300929.XSHE,7500,JQ_POSITION
2026-06-10,END_OF_DAY,301098.XSHE,6100,JQ_POSITION
2026-06-10,END_OF_DAY,301167.XSHE,6000,JQ_POSITION
2026-06-10,END_OF_DAY,600455.XSHG,3400,JQ_POSITION
2026-06-10,END_OF_DAY,600493.XSHG,13800,JQ_POSITION
2026-06-10,END_OF_DAY,600561.XSHG,15000,JQ_POSITION
2026-06-10,END_OF_DAY,600697.XSHG,4700,JQ_POSITION
2026-06-10,END_OF_DAY,603879.XSHG,14200,JQ_POSITION
2026-06-11,END_OF_DAY,300405.XSHE,5600,JQ_POSITION
2026-06-11,END_OF_DAY,300417.XSHE,5500,JQ_POSITION
2026-06-11,END_OF_DAY,300535.XSHE,5600,JQ_POSITION
2026-06-11,END_OF_DAY,300605.XSHE,4800,JQ_POSITION
2026-06-11,END_OF_DAY,300886.XSHE,700,JQ_POSITION
2026-06-11,END_OF_DAY,300929.XSHE,7500,JQ_POSITION
2026-06-11,END_OF_DAY,301098.XSHE,6100,JQ_POSITION
2026-06-11,END_OF_DAY,301167.XSHE,6000,JQ_POSITION
2026-06-11,END_OF_DAY,600455.XSHG,3400,JQ_POSITION
2026-06-11,END_OF_DAY,600493.XSHG,13800,JQ_POSITION
2026-06-11,END_OF_DAY,600561.XSHG,15000,JQ_POSITION
2026-06-11,END_OF_DAY,600697.XSHG,4700,JQ_POSITION
2026-06-11,END_OF_DAY,603879.XSHG,14200,JQ_POSITION
2026-06-12,END_OF_DAY,300405.XSHE,8300,JQ_POSITION
2026-06-12,END_OF_DAY,300417.XSHE,5800,JQ_POSITION
2026-06-12,END_OF_DAY,300535.XSHE,5600,JQ_POSITION
2026-06-12,END_OF_DAY,300605.XSHE,6400,JQ_POSITION
2026-06-12,END_OF_DAY,300886.XSHE,700,JQ_POSITION
2026-06-12,END_OF_DAY,300929.XSHE,7500,JQ_POSITION
2026-06-12,END_OF_DAY,301098.XSHE,3900,JQ_POSITION
2026-06-12,END_OF_DAY,301167.XSHE,6000,JQ_POSITION
2026-06-12,END_OF_DAY,600455.XSHG,3400,JQ_POSITION
2026-06-12,END_OF_DAY,600493.XSHG,13900,JQ_POSITION
2026-06-12,END_OF_DAY,600561.XSHG,15000,JQ_POSITION
2026-06-12,END_OF_DAY,600697.XSHG,3200,JQ_POSITION
2026-06-12,END_OF_DAY,603879.XSHG,14100,JQ_POSITION
2026-06-15,END_OF_DAY,300405.XSHE,8300,JQ_POSITION
2026-06-15,END_OF_DAY,300417.XSHE,5800,JQ_POSITION
2026-06-15,END_OF_DAY,300535.XSHE,5600,JQ_POSITION
2026-06-15,END_OF_DAY,300605.XSHE,6400,JQ_POSITION
2026-06-15,END_OF_DAY,300886.XSHE,700,JQ_POSITION
2026-06-15,END_OF_DAY,300929.XSHE,7500,JQ_POSITION
2026-06-15,END_OF_DAY,301098.XSHE,3900,JQ_POSITION
2026-06-15,END_OF_DAY,301167.XSHE,6000,JQ_POSITION
2026-06-15,END_OF_DAY,600455.XSHG,3400,JQ_POSITION
2026-06-15,END_OF_DAY,600493.XSHG,13900,JQ_POSITION
2026-06-15,END_OF_DAY,600561.XSHG,15000,JQ_POSITION
2026-06-15,END_OF_DAY,600697.XSHG,3200,JQ_POSITION
2026-06-15,END_OF_DAY,603879.XSHG,14100,JQ_POSITION
2026-06-16,END_OF_DAY,300405.XSHE,8300,JQ_POSITION
2026-06-16,END_OF_DAY,300417.XSHE,5800,JQ_POSITION
2026-06-16,END_OF_DAY,300535.XSHE,5600,JQ_POSITION
2026-06-16,END_OF_DAY,300605.XSHE,6400,JQ_POSITION
2026-06-16,END_OF_DAY,300886.XSHE,700,JQ_POSITION
2026-06-16,END_OF_DAY,300929.XSHE,7500,JQ_POSITION
2026-06-16,END_OF_DAY,301098.XSHE,3900,JQ_POSITION
2026-06-16,END_OF_DAY,301167.XSHE,6000,JQ_POSITION
2026-06-16,END_OF_DAY,600455.XSHG,3400,JQ_POSITION
2026-06-16,END_OF_DAY,600493.XSHG,13900,JQ_POSITION
2026-06-16,END_OF_DAY,600561.XSHG,15000,JQ_POSITION
2026-06-16,END_OF_DAY,600697.XSHG,3200,JQ_POSITION
2026-06-16,END_OF_DAY,603879.XSHG,14100,JQ_POSITION
2026-06-17,END_OF_DAY,300405.XSHE,11000,JQ_POSITION
2026-06-17,END_OF_DAY,300417.XSHE,7200,JQ_POSITION
2026-06-17,END_OF_DAY,300535.XSHE,5600,JQ_POSITION
2026-06-17,END_OF_DAY,300605.XSHE,4800,JQ_POSITION
2026-06-17,END_OF_DAY,300886.XSHE,1400,JQ_POSITION
2026-06-17,END_OF_DAY,300929.XSHE,7500,JQ_POSITION
2026-06-17,END_OF_DAY,301098.XSHE,2100,JQ_POSITION
2026-06-17,END_OF_DAY,301167.XSHE,6000,JQ_POSITION
2026-06-17,END_OF_DAY,600455.XSHG,3400,JQ_POSITION
2026-06-17,END_OF_DAY,600493.XSHG,13900,JQ_POSITION
2026-06-17,END_OF_DAY,600561.XSHG,15000,JQ_POSITION
2026-06-17,END_OF_DAY,600697.XSHG,3200,JQ_POSITION
2026-06-17,END_OF_DAY,603879.XSHG,10400,JQ_POSITION
2026-06-18,END_OF_DAY,300405.XSHE,11000,JQ_POSITION
2026-06-18,END_OF_DAY,300417.XSHE,7200,JQ_POSITION
2026-06-18,END_OF_DAY,300535.XSHE,5600,JQ_POSITION
2026-06-18,END_OF_DAY,300605.XSHE,4800,JQ_POSITION
2026-06-18,END_OF_DAY,300886.XSHE,1400,JQ_POSITION
2026-06-18,END_OF_DAY,300929.XSHE,7500,JQ_POSITION
2026-06-18,END_OF_DAY,301098.XSHE,2100,JQ_POSITION
2026-06-18,END_OF_DAY,301167.XSHE,6000,JQ_POSITION
2026-06-18,END_OF_DAY,600455.XSHG,3400,JQ_POSITION
2026-06-18,END_OF_DAY,600493.XSHG,13900,JQ_POSITION
2026-06-18,END_OF_DAY,600561.XSHG,15000,JQ_POSITION
2026-06-18,END_OF_DAY,600697.XSHG,3200,JQ_POSITION
2026-06-18,END_OF_DAY,603879.XSHG,10400,JQ_POSITION
2026-06-22,END_OF_DAY,300405.XSHE,11000,JQ_POSITION
2026-06-22,END_OF_DAY,300417.XSHE,7200,JQ_POSITION
2026-06-22,END_OF_DAY,300535.XSHE,5600,JQ_POSITION
2026-06-22,END_OF_DAY,300605.XSHE,4800,JQ_POSITION
2026-06-22,END_OF_DAY,300886.XSHE,1400,JQ_POSITION
2026-06-22,END_OF_DAY,300929.XSHE,7500,JQ_POSITION
2026-06-22,END_OF_DAY,301098.XSHE,2100,JQ_POSITION
2026-06-22,END_OF_DAY,301167.XSHE,6000,JQ_POSITION
2026-06-22,END_OF_DAY,600455.XSHG,3400,JQ_POSITION
2026-06-22,END_OF_DAY,600493.XSHG,13900,JQ_POSITION
2026-06-22,END_OF_DAY,600561.XSHG,15000,JQ_POSITION
2026-06-22,END_OF_DAY,600697.XSHG,3200,JQ_POSITION
2026-06-22,END_OF_DAY,603879.XSHG,10400,JQ_POSITION
2026-06-23,END_OF_DAY,300405.XSHE,14000,JQ_POSITION
2026-06-23,END_OF_DAY,300417.XSHE,7300,JQ_POSITION
2026-06-23,END_OF_DAY,300535.XSHE,5500,JQ_POSITION
2026-06-23,END_OF_DAY,300605.XSHE,3200,JQ_POSITION
2026-06-23,END_OF_DAY,300886.XSHE,1500,JQ_POSITION
2026-06-23,END_OF_DAY,300929.XSHE,7300,JQ_POSITION
2026-06-23,END_OF_DAY,301098.XSHE,1900,JQ_POSITION
2026-06-23,END_OF_DAY,301167.XSHE,6000,JQ_POSITION
2026-06-23,END_OF_DAY,600455.XSHG,3400,JQ_POSITION
2026-06-23,END_OF_DAY,600493.XSHG,14100,JQ_POSITION
2026-06-23,END_OF_DAY,600561.XSHG,15000,JQ_POSITION
2026-06-23,END_OF_DAY,600697.XSHG,4700,JQ_POSITION
2026-06-23,END_OF_DAY,603879.XSHG,7100,JQ_POSITION
2026-06-24,END_OF_DAY,300405.XSHE,14000,JQ_POSITION
2026-06-24,END_OF_DAY,300417.XSHE,7300,JQ_POSITION
2026-06-24,END_OF_DAY,300535.XSHE,5500,JQ_POSITION
2026-06-24,END_OF_DAY,300605.XSHE,3200,JQ_POSITION
2026-06-24,END_OF_DAY,300886.XSHE,1500,JQ_POSITION
2026-06-24,END_OF_DAY,300929.XSHE,7300,JQ_POSITION
2026-06-24,END_OF_DAY,301098.XSHE,1900,JQ_POSITION
2026-06-24,END_OF_DAY,301167.XSHE,6000,JQ_POSITION
2026-06-24,END_OF_DAY,600455.XSHG,3400,JQ_POSITION
2026-06-24,END_OF_DAY,600493.XSHG,14100,JQ_POSITION
2026-06-24,END_OF_DAY,600561.XSHG,15000,JQ_POSITION
2026-06-24,END_OF_DAY,600697.XSHG,4700,JQ_POSITION
2026-06-24,END_OF_DAY,603879.XSHG,7100,JQ_POSITION
