date,gross_value,net_value,cum_cost,daily_trade_value
2024-01-02,1000168.3,995213.647,4954.653,990930.6
2024-01-03,1000188.1,995233.4469999999,4954.653,0.0
2024-01-04,1000257.4,995302.747,4954.653,0.0
2024-01-05,1000435.6,995480.9469999999,4954.653,0.0
2024-01-08,1000435.6,995480.9469999999,4954.653,0.0
2024-01-09,1000475.2,995520.5469999999,4954.653,0.0
2024-01-10,1000554.4,995599.747,4954.653,0.0
2024-01-11,1000534.6,995579.9469999999,4954.653,0.0
2024-01-12,1000752.4,995797.747,4954.653,0.0
2024-01-15,1000841.5,995886.847,4954.653,0.0
2024-01-16,1000831.6,995876.9469999999,4954.653,0.0
2024-01-17,1000871.2,995916.5469999999,4954.653,0.0
2024-01-18,1000960.3,996005.647,4954.653,0.0
2024-01-19,1001128.6,996173.9469999999,4954.653,0.0
2024-01-22,1001287.0,996332.347,4954.653,0.0
2024-01-23,1001207.8,996253.147,4954.653,0.0
2024-01-24,1001207.8,996253.147,4954.653,0.0
2024-01-25,1001098.9,996144.247,4954.653,0.0
2024-01-26,1001376.1,996421.4469999999,4954.653,0.0
2024-01-29,1001455.3,996500.647,4954.653,0.0
2024-01-30,1001584.0,996629.347,4954.653,0.0
2024-01-31,1001643.4,996688.747,4954.653,0.0
2024-02-01,996510.2,985617.6129999999,10892.587,1187586.8
2024-02-02,983471.2,972578.6129999999,10892.587,0.0
2024-02-05,962061.2,951168.6129999999,10892.587,0.0
2024-02-06,954737.2,942737.6129999999,11999.587,221400.0
2024-02-07,912890.2,900890.6129999999,11999.587,0.0
2024-02-08,946402.2,934402.6129999999,11999.587,0.0
2024-02-19,987206.11,974166.943,13039.167,207916.0
2024-02-20,1012831.11,999791.943,13039.167,0.0
2024-02-21,1053054.59,1039987.8430000001,13066.747,5516.0
2024-02-22,1093942.78,1079809.178,14133.601999999999,213371.0
2024-02-23,1144921.78,1130788.178,14133.601999999999,0.0
2024-02-26,1168776.78,1154643.178,14133.601999999999,0.0
2024-02-27,1211731.19,1196497.8029999998,15233.386999999999,219957.0
2024-02-28,1079505.19,1064271.8029999998,15233.386999999999,0.0
2024-02-29,1117486.19,1102252.8029999998,15233.386999999999,0.0
2024-03-01,1127361.01,1111427.718,15933.292,139981.0
2024-03-04,1117844.01,1101910.718,15933.292,0.0
2024-03-05,1074941.01,1059007.718,15933.292,0.0
2024-03-06,1120813.62,1103315.7680000002,17497.852,312912.0
2024-03-07,1111048.15,1093528.578,17519.572,4344.0
2024-03-08,1116151.15,1098631.578,17519.572,0.0
2024-03-11,1152844.7,1134605.293,18239.407,143967.0
2024-03-12,1183338.7,1165099.293,18239.407,0.0
2024-03-13,1186482.7,1168243.293,18239.407,0.0
2024-03-14,1193416.27,1174650.518,18765.752,105269.0
2024-03-15,1240085.27,1221319.518,18765.752,0.0
2024-03-18,1275077.6,1256263.533,18814.067,9663.0
2024-03-19,1268668.61,1249318.043,19350.567,107300.0
2024-03-20,1303271.7,1283901.5729999999,19370.127,3911.9999999999995
2024-03-21,1304410.7,1285040.5729999999,19370.127,0.0
2024-03-22,1279445.61,1259751.9880000001,19693.622,64699.0
2024-03-25,1256096.61,1236402.9880000001,19693.622,0.0
2024-03-26,1265268.61,1245574.9880000001,19693.622,0.0
2024-03-27,1237949.58,1217734.908,20214.672,104210.0
2024-03-28,1281939.7200000002,1261710.7380000001,20228.982,2862.0
2024-03-29,1293052.7200000002,1272823.7380000001,20228.982,0.0
2024-04-01,1296771.41,1264273.511,32497.898999999998,2453783.4
2024-04-02,1291845.61,1259347.7110000001,32497.898999999998,0.0
2024-04-03,1286193.61,1253695.7110000001,32497.898999999998,0.0
2024-04-08,1281966.21,1249468.311,32497.898999999998,0.0
2024-04-09,1282240.01,1249742.111,32497.898999999998,0.0
2024-04-10,1279894.01,1247396.111,32497.898999999998,0.0
2024-04-11,1279446.0100000002,1246948.1110000003,32497.898999999998,0.0
2024-04-12,1280559.21,1248061.311,32497.898999999998,0.0
2024-04-15,1275459.21,1242961.311,32497.898999999998,0.0
2024-04-16,1270966.81,1238468.911,32497.898999999998,0.0
2024-04-17,1272370.41,1239872.511,32497.898999999998,0.0
2024-04-18,1272672.0100000002,1240174.1110000003,32497.898999999998,0.0
2024-04-19,1271288.41,1238790.511,32497.898999999998,0.0
2024-04-22,1269297.21,1236799.311,32497.898999999998,0.0
2024-04-23,1273348.41,1240850.511,32497.898999999998,0.0
2024-04-24,1272736.41,1240238.511,32497.898999999998,0.0
2024-04-25,1273242.0100000002,1240744.1110000003,32497.898999999998,0.0
2024-04-26,1277628.0100000002,1245130.1110000003,32497.898999999998,0.0
2024-04-29,1277954.01,1245456.111,32497.898999999998,0.0
2024-04-30,1276622.61,1244124.7110000001,32497.898999999998,0.0
2024-05-06,1286066.4700000002,1245924.2130000002,40142.257,1528871.6
2024-05-07,1291145.2400000002,1250991.7930000003,40153.447,2238.0
2024-05-08,1283419.2400000002,1243265.7930000003,40153.447,0.0
2024-05-09,1295779.2400000002,1254361.6180000002,41417.622,252835.0
2024-05-10,1285761.2400000002,1244343.6180000002,41417.622,0.0
2024-05-13,1263650.2400000002,1222232.6180000002,41417.622,0.0
2024-05-14,1295722.2400000002,1252978.7130000002,42743.527,265181.0
2024-05-15,1307144.2400000002,1264400.7130000002,42743.527,0.0
2024-05-16,1312051.6,1269279.898,42771.702000000005,5635.000000000001
2024-05-17,1321921.6,1277907.638,44013.96200000001,248452.0
2024-05-20,1301104.6,1257090.638,44013.96200000001,0.0
2024-05-21,1288175.6,1244161.638,44013.96200000001,0.0
2024-05-22,1299278.8100000003,1253934.9180000003,45343.89200000001,265986.0
2024-05-23,1251764.8100000003,1206420.9180000003,45343.89200000001,0.0
2024-05-24,1243394.8100000003,1198050.9180000003,45343.89200000001,0.0
2024-05-27,1260340.2600000002,1214441.7230000002,45898.537000000004,110929.0
2024-05-28,1233330.2600000002,1187431.7230000002,45898.537000000004,0.0
2024-05-29,1267091.2600000002,1221192.7230000002,45898.537000000004,0.0
2024-05-30,1219456.3600000003,1173111.5680000004,46344.792,89251.0
2024-05-31,1219719.3600000003,1173374.5680000004,46344.792,0.0
2024-06-03,1171892.3600000003,1125547.5680000004,46344.792,0.0
2024-06-04,1121596.5400000005,1074372.0880000005,47224.452000000005,175932.0
2024-06-05,1109766.5400000005,1062542.0880000005,47224.452000000005,0.0
2024-06-06,1022016.1200000002,974669.5880000002,47346.53200000001,24416.0
2024-06-07,1094663.3200000003,1046317.1430000003,48346.177,199929.0
2024-06-11,1084294.6,1035929.8580000001,48364.742000000006,3713.0
2024-06-12,1138583.6,1090218.858,48364.742000000006,0.0
2024-06-13,1115825.0500000005,1066696.8230000006,49128.227000000006,152697.0
2024-06-14,1104376.0500000005,1055247.8230000006,49128.227000000006,0.0
2024-06-17,1079240.0500000005,1030111.8230000006,49128.227000000006,0.0
2024-06-18,1121526.8800000004,1071589.2630000003,49937.617000000006,161878.0
2024-06-19,1116670.8800000004,1066733.2630000003,49937.617000000006,0.0
2024-06-20,1075537.8800000004,1025600.2630000004,49937.617000000006,0.0
2024-06-21,1056163.8800000004,1005535.7580000004,50628.122,138101.0
2024-06-24,997422.8800000002,946794.7580000003,50628.122,0.0
2024-06-25,1014305.8800000002,963677.7580000003,50628.122,0.0
2024-06-26,1058230.7600000002,1006921.5980000002,51309.162000000004,136208.0
2024-06-27,1047203.7600000002,995894.5980000002,51309.162000000004,0.0
2024-06-28,1040250.7600000002,988941.5980000002,51309.162000000004,0.0
2024-07-01,1046678.8300000002,995281.4330000002,51397.397000000004,17647.0
2024-07-02,1111331.83,1059934.433,51397.397000000004,0.0
2024-07-03,1153260.4200000002,1101835.9780000001,51424.442,5409.0
2024-07-04,1140917.3000000005,1089165.0180000006,51752.282,65568.0
2024-07-05,1177120.1100000003,1125256.8780000003,51863.231999999996,22190.0
2024-07-08,1131809.6,1079858.223,51951.37699999999,17629.0
2024-07-09,1109323.4900000002,1056711.7680000002,52611.721999999994,132069.0
2024-07-10,1074323.4900000002,1021711.7680000003,52611.721999999994,0.0
2024-07-11,1147990.4900000002,1095378.7680000002,52611.721999999994,0.0
2024-07-12,1140464.0500000005,1087183.7130000005,53280.33699999999,133723.0
2024-07-15,1130581.0500000005,1077300.7130000005,53280.33699999999,0.0
2024-07-16,1128902.4800000002,1075539.2680000002,53363.21199999999,16575.0
2024-07-17,1115240.3100000003,1060663.4680000003,54576.84199999999,242726.0
2024-07-18,1122566.3200000003,1067949.5180000004,54616.80199999999,7992.0
2024-07-19,1128823.7000000002,1074153.7980000002,54669.90199999999,10620.0
2024-07-22,1151580.5300000005,1096178.0780000004,55402.45199999999,146510.0
2024-07-23,1162906.7800000005,1107470.5530000005,55436.22699999999,6755.0
2024-07-24,1141805.7800000005,1086369.5530000005,55436.22699999999,0.0
2024-07-25,1158655.9400000002,1102402.3780000003,56253.56199999999,163467.0
2024-07-26,1174482.9400000002,1118229.3780000003,56253.56199999999,0.0
2024-07-29,1194589.9400000002,1138336.3780000003,56253.56199999999,0.0
2024-07-30,1219808.5100000002,1163022.3730000001,56786.13699999999,106515.0
2024-07-31,1250427.5100000002,1193641.3730000001,56786.13699999999,0.0
2024-08-01,1266083.5100000002,1209297.3730000001,56786.13699999999,0.0
2024-08-02,1254280.64,1196930.998,57349.641999999985,112701.0
2024-08-05,1236952.64,1179602.998,57349.641999999985,0.0
2024-08-06,1283569.64,1226219.998,57349.641999999985,0.0
2024-08-07,1284861.9800000002,1226726.7130000002,58135.266999999985,157125.0
2024-08-08,1290881.9800000002,1232746.7130000002,58135.266999999985,0.0
2024-08-09,1273847.0500000005,1215672.1280000005,58174.921999999984,7931.0
2024-08-12,1250782.2900000005,1191808.3480000005,58973.94199999998,159804.0
2024-08-13,1289215.2900000005,1230241.3480000005,58973.94199999998,0.0
2024-08-14,1305144.0900000003,1246089.1480000003,59054.94199999998,16200.0
2024-08-15,1306406.0300000005,1246972.3680000005,59433.66199999998,75744.0
2024-08-16,1277327.0300000005,1217893.3680000005,59433.66199999998,0.0
2024-08-19,1290993.0300000005,1231559.3680000005,59433.66199999998,0.0
2024-08-20,1281136.64,1221180.2729999998,59956.366999999984,104541.0
2024-08-21,1269239.64,1209283.2729999998,59956.366999999984,0.0
2024-08-22,1253676.64,1193720.2729999998,59956.366999999984,0.0
2024-08-23,1219004.6800000002,1158670.3930000002,60334.28699999998,75584.0
2024-08-26,1251700.6800000002,1191366.3930000002,60334.28699999998,0.0
2024-08-27,1242715.6800000002,1182381.3930000002,60334.28699999998,0.0
2024-08-28,1253954.7500000002,1192847.7280000004,61107.02199999998,154547.0
2024-08-29,1265412.7500000002,1204305.7280000004,61107.02199999998,0.0
2024-08-30,1294041.7500000002,1232934.7280000004,61107.02199999998,0.0
2024-09-02,1281384.7700000005,1219709.0580000004,61675.711999999985,113738.0
2024-09-03,1286518.7700000005,1224843.0580000004,61675.711999999985,0.0
2024-09-04,1266996.7700000005,1205321.0580000004,61675.711999999985,0.0
2024-09-05,1296248.0400000005,1233956.6480000005,62291.391999999985,123136.0
2024-09-06,1271908.0400000005,1209616.6480000005,62291.391999999985,0.0
2024-09-09,1287530.0400000005,1225238.6480000005,62291.391999999985,0.0
2024-09-10,1316923.65,1253587.878,63335.77199999998,208876.0
2024-09-11,1314578.65,1251242.878,63335.77199999998,0.0
2024-09-12,1312830.66,1249464.963,63365.696999999986,5985.0
2024-09-13,1303004.66,1238513.788,64490.87199999999,225035.0
2024-09-18,1272756.66,1208265.788,64490.87199999999,0.0
2024-09-19,1327720.66,1263229.788,64490.87199999999,0.0
2024-09-20,1311786.1900000002,1246301.7130000002,65484.47699999999,198721.0
2024-09-23,1322375.1900000002,1256890.7130000002,65484.47699999999,0.0
2024-09-24,1361282.1900000002,1295797.7130000002,65484.47699999999,0.0
2024-09-25,1381355.7800000005,1315082.1430000006,66273.63699999999,157832.0
2024-09-26,1422198.7800000005,1355925.1430000006,66273.63699999999,0.0
2024-09-27,1486645.7800000005,1420372.1430000006,66273.63699999999,0.0
2024-09-30,1624831.5200000005,1558110.8030000005,66720.71699999999,89416.0
2024-10-08,1733464.5200000005,1666740.3080000004,66724.21199999998,699.0
2024-10-09,1548895.5200000005,1482171.3080000004,66724.21199999998,0.0
2024-10-10,1586206.37,1518981.543,67224.82699999999,100123.0
2024-10-11,1525742.6100000003,1458514.0030000003,67228.60699999999,756.0
2024-10-14,1599550.61,1532322.003,67228.60699999999,0.0
2024-10-15,1589637.4800000002,1521553.6580000003,68083.82199999999,171043.0
2024-10-16,1599631.4800000002,1531478.6580000003,68152.82199999999,13799.999999999998
2024-10-17,1568277.4800000002,1500124.6580000003,68152.82199999999,0.0
2024-10-18,1608161.6900000002,1538794.1380000003,69367.55199999998,242946.0
2024-10-21,1652748.8600000003,1583272.1530000004,69476.70699999998,21831.0
2024-10-22,1710479.8600000003,1641003.1530000004,69476.70699999998,0.0
2024-10-23,1758501.3000000005,1688276.9330000004,70224.36699999998,149532.0
2024-10-24,1798413.15,1728118.0429999998,70295.10699999999,14148.0
2024-10-25,1887937.15,1817642.0429999998,70295.10699999999,0.0
2024-10-28,2003795.19,1933084.683,70710.50699999998,83080.0
2024-10-29,1975912.19,1905201.683,70710.50699999998,0.0
2024-10-30,1976605.51,1905841.6030000001,70763.90699999998,10680.0
2024-10-31,2006122.51,1932642.908,73479.60199999998,543139.0
2024-11-01,1956489.0200000005,1883001.9580000006,73487.06199999999,1492.0
2024-11-04,1997363.2800000005,1923752.5330000005,73610.74699999999,24736.999999999996
2024-11-05,2074941.23,1997382.298,77558.93199999999,789637.0
2024-11-06,2131828.8200000003,2054112.8280000002,77715.99199999998,31412.0
2024-11-07,2183330.8200000003,2105614.828,77715.99199999998,0.0
2024-11-08,2173923.25,2093396.643,80526.60699999999,562123.0
2024-11-11,2241131.25,2160604.643,80526.60699999999,0.0
2024-11-12,2252040.91,2171432.628,80608.28199999999,16335.0
2024-11-13,2258085.41,2174436.583,83648.82699999999,608109.0
2024-11-14,2197492.31,2113438.483,84053.82699999999,81000.0
2024-11-15,2149138.31,2065084.483,84053.82699999999,0.0
2024-11-18,2087004.9600000004,2000458.5830000003,86546.377,498510.0
2024-11-19,2128185.96,2041639.5829999999,86546.377,0.0
2024-11-20,2195637.96,2109091.583,86546.377,0.0
2024-11-21,2208187.3200000003,2119411.4880000004,88775.832,445891.0
2024-11-22,2112764.3200000003,2023988.4880000004,88775.832,0.0
2024-11-25,2181036.3200000003,2092260.4880000004,88775.832,0.0
2024-11-26,2185730.74,2095161.4130000002,90569.32699999999,358699.0
2024-11-27,2203651.74,2113082.413,90569.32699999999,0.0
2024-11-28,2243464.74,2152895.413,90569.32699999999,0.0
2024-11-29,2288097.5300000003,2195591.6380000003,92505.89199999999,387313.0
2024-12-02,2357558.5300000003,2265052.6380000003,92505.89199999999,0.0
2024-12-03,2375016.5300000003,2282510.6380000003,92505.89199999999,0.0
2024-12-04,2365072.0300000003,2271298.478,93773.552,253532.0
2024-12-05,2392254.49,2297961.7830000003,94292.707,103831.0
2024-12-06,2428324.49,2334031.7830000003,94292.707,0.0
2024-12-09,2445467.5200000005,2349189.4180000005,96278.102,397079.0
2024-12-10,2448545.8000000003,2351793.4430000004,96752.357,94851.0
2024-12-11,2479982.8000000003,2383230.4430000004,96752.357,0.0
2024-12-12,2587960.74,2489252.858,98707.882,391105.0
2024-12-13,2538745.5700000003,2440001.813,98743.757,7175.0
2024-12-16,2534708.5700000003,2435964.813,98743.757,0.0
2024-12-17,2360491.93,2260563.248,99928.682,236985.0
2024-12-18,2367046.93,2267118.248,99928.682,0.0
2024-12-19,2342757.72,2242762.998,99994.722,13208.0
2024-12-20,2401707.6500000004,2299598.8230000003,102108.82699999999,422821.0
2024-12-23,2201855.6500000004,2099746.8230000003,102108.82699999999,0.0
2024-12-24,2169663.6500000004,2067524.7980000004,102138.85199999998,6005.0
2024-12-25,2111762.21,2007920.268,103841.94199999998,340618.0
2024-12-26,2154288.21,2050446.268,103841.94199999998,0.0
2024-12-27,2206968.4800000004,2103037.9030000004,103930.57699999998,17727.0
2024-12-30,2145189.93,2039386.2930000003,105803.63699999997,374612.0
2024-12-31,2096071.93,1990268.293,105803.63699999997,0.0
2025-01-02,2092132.17,1965398.9285,126733.24149999997,4185920.9000000004
2025-01-03,2092299.37,1965566.1285,126733.24149999997,0.0
2025-01-06,2092341.1700000004,1965607.9285000004,126733.24149999997,0.0
2025-01-07,2092508.37,1965775.1285,126733.24149999997,0.0
2025-01-08,2093198.0700000003,1966464.8285000003,126733.24149999997,0.0
2025-01-09,2092947.2700000005,1966214.0285000005,126733.24149999997,0.0
2025-01-10,2093135.3700000003,1966402.1285000003,126733.24149999997,0.0
2025-01-13,2092800.97,1966067.7285,126733.24149999997,0.0
2025-01-14,2092633.7700000005,1965900.5285000005,126733.24149999997,0.0
2025-01-15,2093030.8700000003,1966297.6285000003,126733.24149999997,0.0
2025-01-16,2092842.7700000005,1966109.5285000005,126733.24149999997,0.0
2025-01-17,2093009.97,1966276.7285,126733.24149999997,0.0
2025-01-20,2092884.5700000003,1966151.3285000003,126733.24149999997,0.0
2025-01-21,2093156.2700000005,1966423.0285000005,126733.24149999997,0.0
2025-01-22,2093344.3700000003,1966611.1285000003,126733.24149999997,0.0
2025-01-23,2093218.9700000004,1966485.7285000004,126733.24149999997,0.0
2025-01-24,2093260.7700000005,1966527.5285000005,126733.24149999997,0.0
2025-01-27,2094619.2700000005,1967886.0285000005,126733.24149999997,0.0
2025-02-05,2094452.0700000003,1957249.8095000004,137202.26049999997,2093803.8
2025-02-06,2095190.0700000003,1955908.3245000003,139281.74549999996,415897.0
2025-02-07,2105106.0700000003,1965824.3245000003,139281.74549999996,0.0
2025-02-10,2125137.0700000003,1985855.3245000003,139281.74549999996,0.0
2025-02-11,2119882.0700000003,1978564.5195000004,141317.55049999995,407161.0
2025-02-12,2113850.1800000006,1972498.1895000008,141351.99049999996,6888.0
2025-02-13,2101747.18,1960395.1895000003,141351.99049999996,0.0
2025-02-14,2099711.1800000006,1956149.4845000007,143561.69549999994,441941.0
2025-02-17,2178568.1800000006,2035006.4845000007,143561.69549999994,0.0
2025-02-18,2179083.9400000004,2035251.0695000004,143832.87049999993,54235.0
2025-02-19,2216812.6800000006,2070668.3545000008,146144.32549999992,462291.0
2025-02-20,2219011.95,2072773.9645000002,146237.98549999992,18732.0
2025-02-21,2203729.95,2057491.9645000002,146237.98549999992,0.0
2025-02-24,2229468.37,2080881.3295000002,148587.04049999992,469811.0
2025-02-25,2230010.37,2081423.3295000002,148587.04049999992,0.0
2025-02-26,2252101.37,2103514.3295,148587.04049999992,0.0
2025-02-27,2246017.7500000005,2095553.4495000006,150464.30049999992,375452.0
2025-02-28,2218387.3300000005,2067880.9095000005,150506.42049999992,8424.0
2025-03-03,2219150.4300000006,2068559.5295000006,150590.90049999993,16896.0
2025-03-04,2231184.3600000003,2079481.6795000003,151702.68049999993,222356.0
2025-03-05,2207029.3600000003,2055326.6795000003,151702.68049999993,0.0
2025-03-06,2237449.3600000003,2085746.6795000003,151702.68049999993,0.0
2025-03-07,2207310.12,2054537.6045000001,152772.51549999992,213967.0
2025-03-10,2295456.12,2142683.6045000004,152772.51549999992,0.0
2025-03-11,2304698.100000001,2151755.559500001,152942.54049999992,34005.0
2025-03-12,2316977.91,2162470.3595000003,154507.55049999992,313002.0
2025-03-13,2283877.91,2129370.3595000003,154507.55049999992,0.0
2025-03-14,2330625.91,2176118.3595000003,154507.55049999992,0.0
2025-03-17,2350388.6700000004,2194496.5695000007,155892.1004999999,276910.0
2025-03-18,2349506.6700000004,2193614.5695000007,155892.1004999999,0.0
2025-03-19,2340070.6700000004,2184178.5695000007,155892.1004999999,0.0
2025-03-20,2351374.43,2194785.6445000004,156588.7854999999,139337.0
2025-03-21,2304730.4300000006,2148141.644500001,156588.7854999999,0.0
2025-03-24,2197762.4300000006,2041173.6445000006,156588.7854999999,0.0
2025-03-25,2188322.5500000003,2031338.4145000004,156984.13549999992,79070.0
2025-03-26,2259059.5500000003,2102075.4145000004,156984.13549999992,0.0
2025-03-27,2212418.0000000005,2055356.6795000006,157061.3204999999,15437.0
2025-03-28,2137822.5600000005,1979219.5245000005,158603.0354999999,308343.0
2025-03-31,2080376.5600000003,1921773.5245000003,158603.0354999999,0.0
2025-04-01,2088107.0500000007,1910291.943000001,177815.1069999999,3842414.3
2025-04-02,2088259.8500000008,1910444.743000001,177815.1069999999,0.0
2025-04-03,2088355.3500000008,1910540.243000001,177815.1069999999,0.0
2025-04-07,2088183.450000001,1910368.343000001,177815.1069999999,0.0
2025-04-08,2104800.250000001,1926985.143000001,177815.1069999999,0.0
2025-04-09,2122871.750000001,1945056.643000001,177815.1069999999,0.0
2025-04-10,2129649.0500000007,1951833.943000001,177815.1069999999,0.0
2025-04-11,2110966.750000001,1933151.643000001,177815.1069999999,0.0
2025-04-14,2110932.4500000007,1933117.3430000008,177815.1069999999,0.0
2025-04-15,2118664.350000001,1940849.2430000012,177815.1069999999,0.0
2025-04-16,2110863.850000001,1933048.7430000012,177815.1069999999,0.0
2025-04-17,2104907.4500000007,1927092.3430000008,177815.1069999999,0.0
2025-04-18,2106889.1500000004,1929074.0430000005,177815.1069999999,0.0
2025-04-21,2105151.850000001,1927336.7430000012,177815.1069999999,0.0
2025-04-22,2105919.350000001,1928104.2430000012,177815.1069999999,0.0
2025-04-23,2101887.350000001,1924072.2430000012,177815.1069999999,0.0
2025-04-24,2102525.0500000007,1924709.943000001,177815.1069999999,0.0
2025-04-25,2103311.6500000004,1925496.5430000005,177815.1069999999,0.0
2025-04-28,2103273.4500000007,1925458.3430000008,177815.1069999999,0.0
2025-04-29,2107679.6500000004,1929864.5430000005,177815.1069999999,0.0
2025-04-30,2115045.1500000004,1937230.0430000005,177815.1069999999,0.0
2025-05-06,2116633.5500000007,1929222.0300000007,187411.5199999999,1919282.6
2025-05-07,2115106.6200000006,1924649.3750000007,190457.2449999999,609145.0
2025-05-08,2121125.6200000006,1930668.3750000007,190457.2449999999,0.0
2025-05-09,2117635.6200000006,1927178.3750000007,190457.2449999999,0.0
2025-05-12,2122445.4800000004,1929872.7250000006,192572.75499999992,423102.0
2025-05-13,2114034.4800000004,1921461.7250000006,192572.75499999992,0.0
2025-05-14,2108576.4800000004,1916003.7250000006,192572.75499999992,0.0
2025-05-15,2117039.4400000004,1922312.6800000004,194726.75999999992,430801.0
2025-05-16,2122207.4400000004,1927480.6800000004,194726.75999999992,0.0
2025-05-19,2146383.4400000004,1951656.6800000004,194726.75999999992,0.0
2025-05-20,2185671.250000001,1988866.035000001,196805.2149999999,415691.0
2025-05-21,2158280.2500000005,1961475.0350000006,196805.2149999999,0.0
2025-05-22,2129353.250000001,1932548.035000001,196805.2149999999,0.0
2025-05-23,2102423.250000001,1903441.920000001,198981.3299999999,435223.0
2025-05-26,2128918.250000001,1929936.920000001,198981.3299999999,0.0
2025-05-27,2148751.250000001,1949769.920000001,198981.3299999999,0.0
2025-05-28,2134776.250000001,1935318.7400000012,199457.5099999999,95236.0
2025-05-29,2177864.250000001,1978406.7400000012,199457.5099999999,0.0
2025-05-30,2166825.250000001,1967367.7400000012,199457.5099999999,0.0
2025-06-03,2182182.9700000007,1982146.9650000008,200036.0049999999,115699.0
2025-06-04,2203153.9700000007,2003117.9650000008,200036.0049999999,0.0
2025-06-05,2201907.9700000007,2001871.9650000008,200036.0049999999,0.0
2025-06-06,2226375.4700000007,2025848.9400000009,200526.52999999988,98105.0
2025-06-09,2262166.4700000007,2061639.9400000009,200526.52999999988,0.0
2025-06-10,2243624.4700000007,2043097.9400000009,200526.52999999988,0.0
2025-06-11,2247129.330000001,2046511.6650000012,200617.6649999999,18227.0
2025-06-12,2258104.3300000005,2057486.6650000007,200617.6649999999,0.0
2025-06-13,2204549.3300000005,2003931.6650000007,200617.6649999999,0.0
2025-06-16,2233492.960000001,2032334.765000001,201158.1949999999,108106.0
2025-06-17,2224977.9600000004,2023819.7650000006,201158.1949999999,0.0
2025-06-18,2207370.960000001,2006212.765000001,201158.1949999999,0.0
2025-06-19,2146931.4400000004,1944787.9450000005,202143.49499999988,197060.0
2025-06-20,2135388.4400000004,1933244.9450000005,202143.49499999988,0.0
2025-06-23,2190878.4400000004,1988734.9450000005,202143.49499999988,0.0
2025-06-24,2270393.2000000007,2067710.9950000008,202682.20499999987,107742.0
2025-06-25,2274739.2000000007,2072056.9950000008,202682.20499999987,0.0
2025-06-26,2307419.9800000004,2104473.1100000003,202946.86999999988,52933.0
2025-06-27,2331237.3000000007,2127752.8000000007,203484.49999999988,107526.0
2025-06-30,2356479.3000000007,2152994.8000000007,203484.49999999988,0.0
2025-07-01,2447856.3000000007,2244371.8000000007,203484.49999999988,0.0
2025-07-02,2436580.7700000005,2231353.7950000004,205226.9749999999,348495.0
2025-07-03,2414734.7700000005,2209507.7950000004,205226.9749999999,0.0
2025-07-04,2377562.5200000005,2172304.2950000004,205258.2249999999,6250.0
2025-07-07,2423642.850000001,2217310.050000001,206332.7999999999,214915.0
2025-07-08,2433604.850000001,2227272.050000001,206332.7999999999,0.0
2025-07-09,2429074.850000001,2222742.050000001,206332.7999999999,0.0
2025-07-10,2443816.600000001,2236492.625000001,207323.9749999999,198235.0
2025-07-11,2422164.600000001,2214840.625000001,207323.9749999999,0.0
2025-07-14,2452046.600000001,2244722.625000001,207323.9749999999,0.0
2025-07-15,2400705.840000001,2192302.940000001,208402.89999999988,215785.0
2025-07-16,2429033.840000001,2220630.940000001,208402.89999999988,0.0
2025-07-17,2436418.460000001,2227998.680000001,208419.77999999988,3376.0
2025-07-18,2441580.210000001,2232548.485000001,209031.7249999999,122389.0
2025-07-21,2513601.2100000004,2304569.4850000003,209031.7249999999,0.0
2025-07-22,2518488.210000001,2309456.485000001,209031.7249999999,0.0
2025-07-23,2497461.630000001,2287595.160000001,209866.46999999988,166949.0
2025-07-24,2523366.630000001,2313500.160000001,209866.46999999988,0.0
2025-07-25,2555242.630000001,2345376.160000001,209866.46999999988,0.0
2025-07-28,2567249.7300000004,2356261.4300000006,210988.29999999987,224366.0
2025-07-29,2589068.7300000004,2378080.4300000006,210988.29999999987,0.0
2025-07-30,2601354.9900000007,2390081.500000001,211273.48999999987,57038.0
2025-07-31,2558034.6200000006,2345170.5800000005,212864.03999999986,318110.0
2025-08-01,2584621.6200000006,2371757.5800000005,212864.03999999986,0.0
2025-08-04,2618834.960000001,2405947.625000001,212887.33499999988,4659.0
2025-08-05,2651812.8900000006,2437803.2200000007,214009.66999999987,224467.0
2025-08-06,2672167.8900000006,2458158.2200000007,214009.66999999987,0.0
2025-08-07,2662004.1200000006,2447935.590000001,214068.52999999985,11772.0
2025-08-08,2678979.7800000007,2463796.325000001,215183.45499999984,222985.0
2025-08-11,2716988.7800000007,2501805.325000001,215183.45499999984,0.0
2025-08-12,2707029.7800000007,2491846.325000001,215183.45499999984,0.0
2025-08-13,2680939.500000001,2463972.280000001,216967.21999999986,356753.0
2025-08-14,2600232.500000001,2383265.280000001,216967.21999999986,0.0
2025-08-15,2598396.500000001,2381429.280000001,216967.21999999986,0.0
2025-08-18,2632026.630000001,2413395.210000001,218631.41999999987,332840.0
2025-08-19,2714917.630000001,2496286.210000001,218631.41999999987,0.0
2025-08-20,2726876.630000001,2508245.210000001,218631.41999999987,0.0
2025-08-21,2755262.090000001,2535306.325000001,219955.76499999987,264869.0
2025-08-22,2723501.090000001,2503545.325000001,219955.76499999987,0.0
2025-08-25,2718286.090000001,2498330.325000001,219955.76499999987,0.0
2025-08-26,2763266.8700000006,2542563.485000001,220703.38499999986,149524.0
2025-08-27,2656184.8700000006,2435481.485000001,220703.38499999986,0.0
2025-08-28,2628038.8700000006,2407335.485000001,220703.38499999986,0.0
2025-08-29,2600657.1300000004,2377962.7600000007,222694.36999999985,398197.0
2025-09-01,2642757.130000001,2420062.760000001,222694.36999999985,0.0
2025-09-02,2633449.1300000004,2410754.7600000007,222694.36999999985,0.0
2025-09-03,2549330.2000000007,2325019.8900000006,224310.30999999985,323188.0
2025-09-04,2588109.2000000007,2363798.8900000006,224310.30999999985,0.0
2025-09-05,2630640.2000000007,2406329.8900000006,224310.30999999985,0.0
2025-09-08,2682805.210000001,2457320.260000001,225484.94999999987,234928.0
2025-09-09,2673295.210000001,2447810.260000001,225484.94999999987,0.0
2025-09-10,2689314.210000001,2463829.260000001,225484.94999999987,0.0
2025-09-11,2699733.8100000005,2473078.0700000008,226655.73999999987,234158.0
2025-09-12,2669103.8100000005,2442448.0700000008,226655.73999999987,0.0
2025-09-15,2694164.8100000005,2467509.0700000008,226655.73999999987,0.0
2025-09-16,2767154.4000000004,2539179.7100000004,227974.6899999999,263790.0
2025-09-17,2742831.4000000004,2514856.7100000004,227974.6899999999,0.0
2025-09-18,2664459.4000000004,2436484.7100000004,227974.6899999999,0.0
2025-09-19,2636418.7000000007,2406582.8050000006,229835.89499999987,372241.0
2025-09-22,2608520.7000000007,2378684.8050000006,229835.89499999987,0.0
2025-09-23,2565523.7000000007,2335687.8050000006,229835.89499999987,0.0
2025-09-24,2632100.840000001,2401715.0300000007,230385.80999999988,109983.0
2025-09-25,2600306.840000001,2369921.0300000007,230385.80999999988,0.0
2025-09-26,2614330.8400000003,2383945.0300000003,230385.80999999988,0.0
2025-09-29,2703631.840000001,2473246.0300000007,230385.80999999988,0.0
2025-09-30,2779567.840000001,2549182.0300000007,230385.80999999988,0.0
2025-10-09,2831630.840000001,2601245.0300000007,230385.80999999988,0.0
2025-10-10,2955374.420000001,2722418.665000001,232955.7549999999,513989.0
2025-10-13,2923537.420000001,2690581.665000001,232955.7549999999,0.0
2025-10-14,2922311.420000001,2689355.665000001,232955.7549999999,0.0
2025-10-15,2923126.2000000007,2687608.580000001,235517.61999999988,512373.0
2025-10-16,2887368.2000000007,2651850.580000001,235517.61999999988,0.0
2025-10-17,2857457.2000000007,2621939.580000001,235517.61999999988,0.0
2025-10-20,2915065.5800000005,2678703.2600000007,236362.3199999999,168940.0
2025-10-21,2989426.5800000005,2753064.2600000007,236362.3199999999,0.0
2025-10-22,3015436.5800000005,2779074.2600000007,236362.3199999999,0.0
2025-10-23,3011469.630000001,2774407.220000001,237062.4099999999,140018.0
2025-10-24,3041936.630000001,2804874.220000001,237062.4099999999,0.0
2025-10-27,3072636.630000001,2835574.220000001,237062.4099999999,0.0
2025-10-28,3139314.6400000006,2901186.775000001,238127.86499999987,213091.0
2025-10-29,3064059.2700000005,2825764.5550000006,238294.71499999988,33370.0
2025-10-30,3058551.2700000005,2820256.5550000006,238294.71499999988,0.0
2025-10-31,3108980.630000001,2869823.900000001,239156.7299999999,172403.0
2025-11-03,3146703.630000001,2907546.900000001,239156.7299999999,0.0
2025-11-04,3156493.630000001,2917336.900000001,239156.7299999999,0.0
2025-11-05,3208513.2600000007,2968003.1600000006,240510.0999999999,270674.0
2025-11-06,3223105.2600000007,2982595.1600000006,240510.0999999999,0.0
2025-11-07,3240099.2600000007,2999589.1600000006,240510.0999999999,0.0
2025-11-10,3273789.5300000007,3031659.290000001,242130.2399999999,324028.0
2025-11-11,3308644.5300000003,3066514.2900000005,242130.2399999999,0.0
2025-11-12,3310394.5300000007,3068264.290000001,242130.2399999999,0.0
2025-11-13,3333830.4900000007,3089945.560000001,243884.9299999999,350938.0
2025-11-14,3361104.4900000007,3117219.560000001,243884.9299999999,0.0
2025-11-17,3395523.4900000007,3151638.560000001,243884.9299999999,0.0
2025-11-18,3361556.670000001,3116156.0700000008,245400.59999999992,303134.0
2025-11-19,3263986.670000001,3018586.0700000008,245400.59999999992,0.0
2025-11-20,3221090.670000001,2975690.0700000008,245400.59999999992,0.0
2025-11-21,3035471.460000001,2788593.355000001,246878.10499999992,295501.0
2025-11-24,3124396.460000001,2877518.355000001,246878.10499999992,0.0
2025-11-25,3195973.460000001,2949095.355000001,246878.10499999992,0.0
2025-11-26,3142612.710000001,2894289.205000001,248323.50499999992,289080.0
2025-11-27,3175108.710000001,2926785.205000001,248323.50499999992,0.0
2025-11-28,3246962.710000001,2998639.205000001,248323.50499999992,0.0
2025-12-01,3262254.3700000006,3013167.1550000007,249087.2149999999,152742.0
2025-12-02,3254096.3700000006,3005009.1550000007,249087.2149999999,0.0
2025-12-03,3200240.3700000006,2951153.1550000007,249087.2149999999,0.0
2025-12-04,3124413.7200000007,2874389.215000001,250024.50499999992,187458.0
2025-12-05,3192796.7200000007,2942772.215000001,250024.50499999992,0.0
2025-12-08,3231914.7200000007,2981890.215000001,250024.50499999992,0.0
2025-12-09,3193538.3600000003,2942733.2500000005,250805.10999999993,156121.0
2025-12-10,3114775.3600000003,2863970.2500000005,250805.10999999993,0.0
2025-12-11,3004349.3600000003,2753544.2500000005,250805.10999999993,0.0
2025-12-12,2926863.3700000006,2675262.7450000006,251600.62499999994,159103.0
2025-12-15,2977529.3700000006,2725928.7450000006,251600.62499999994,0.0
2025-12-16,2916510.3700000006,2664909.7450000006,251600.62499999994,0.0
2025-12-17,2931440.460000001,2679117.1950000008,252323.26499999996,144528.0
2025-12-18,2994957.460000001,2742634.1950000008,252323.26499999996,0.0
2025-12-19,3088354.460000001,2836031.1950000008,252323.26499999996,0.0
2025-12-22,3069066.670000001,2816019.2800000007,253047.38999999996,144825.0
2025-12-23,3050993.670000001,2797946.2800000007,253047.38999999996,0.0
2025-12-24,3090858.670000001,2837811.2800000007,253047.38999999996,0.0
2025-12-25,3102421.1600000006,2847720.170000001,254700.98999999996,330720.0
2025-12-26,3074274.1600000006,2819573.170000001,254700.98999999996,0.0
2025-12-29,3109690.1600000006,2854989.170000001,254700.98999999996,0.0
2025-12-30,3076923.4800000004,2820854.1250000005,256069.35499999995,273673.0
2025-12-31,3076486.4800000004,2820417.1250000005,256069.35499999995,0.0
2026-01-05,3074745.72,2787935.6725000003,286810.0474999999,6148138.5
2026-01-06,3074530.8200000003,2787720.7725000004,286810.0474999999,0.0
2026-01-07,3075022.02,2788211.9725,286810.0474999999,0.0
2026-01-08,3075144.8200000003,2788334.7725000004,286810.0474999999,0.0
2026-01-09,3075329.02,2788518.9725,286810.0474999999,0.0
2026-01-12,3075267.62,2788457.5725000002,286810.0474999999,0.0
2026-01-13,3075636.0200000005,2788825.9725000006,286810.0474999999,0.0
2026-01-14,3075758.82,2788948.7725,286810.0474999999,0.0
2026-01-15,3076342.12,2789532.0725000002,286810.0474999999,0.0
2026-01-16,3076986.8200000003,2790176.7725000004,286810.0474999999,0.0
2026-01-19,3076802.62,2789992.5725000002,286810.0474999999,0.0
2026-01-20,3076710.52,2789900.4725,286810.0474999999,0.0
2026-01-21,3076342.12,2789532.0725000002,286810.0474999999,0.0
2026-01-22,3076557.0200000005,2789746.9725000006,286810.0474999999,0.0
2026-01-23,3076741.22,2789931.1725000003,286810.0474999999,0.0
2026-01-26,3076956.12,2790146.0725000002,286810.0474999999,0.0
2026-01-27,3077109.6200000006,2790299.5725000007,286810.0474999999,0.0
2026-01-28,3077048.22,2790238.1725000003,286810.0474999999,0.0
2026-01-29,3077017.5200000005,2790207.4725000006,286810.0474999999,0.0
2026-01-30,3077263.12,2790453.0725000002,286810.0474999999,0.0
2026-02-02,3077201.72,2775020.95,302180.7699999999,3074144.5
2026-02-03,3082818.6300000004,2777583.4200000004,305235.2099999999,610888.0
2026-02-04,3090748.6300000004,2785513.4200000004,305235.2099999999,0.0
2026-02-05,3092594.6300000004,2787359.4200000004,305235.2099999999,0.0
2026-02-06,3101252.200000001,2792995.3550000014,308256.8449999999,604327.0
2026-02-09,3123657.200000001,2815400.3550000014,308256.8449999999,0.0
2026-02-10,3123954.2000000016,2815697.355000002,308256.8449999999,0.0
2026-02-11,3115793.620000001,2804487.705000001,311305.9149999999,609814.0
2026-02-12,3081720.620000001,2770414.705000001,311305.9149999999,0.0
2026-02-13,3086090.620000001,2774784.705000001,311305.9149999999,0.0
2026-02-24,3123516.5500000007,2809033.5700000008,314482.9799999999,635413.0
2026-02-25,3116922.5500000007,2802439.5700000008,314482.9799999999,0.0
2026-02-26,3102981.5500000007,2788498.5700000008,314482.9799999999,0.0
2026-02-27,3090170.6800000006,2772560.480000001,317610.1999999999,625444.0
2026-03-02,2969212.6800000006,2651602.480000001,317610.1999999999,0.0
2026-03-03,2887192.6800000006,2569582.480000001,317610.1999999999,0.0
2026-03-04,2864738.000000001,2546426.580000001,318311.41999999987,140244.0
2026-03-05,2916135.000000001,2597823.580000001,318311.41999999987,0.0
2026-03-06,3019433.000000001,2701121.580000001,318311.41999999987,0.0
2026-03-09,2994904.0700000008,2675575.660000001,319328.40999999986,203398.0
2026-03-10,3086645.0700000008,2767316.660000001,319328.40999999986,0.0
2026-03-11,3057017.0700000008,2737688.660000001,319328.40999999986,0.0
2026-03-12,2997926.3300000005,2677566.9250000007,320359.40499999985,206199.0
2026-03-13,3000256.3300000005,2679896.9250000007,320359.40499999985,0.0
2026-03-16,3004297.3300000005,2683937.9250000007,320359.40499999985,0.0
2026-03-17,2950542.340000001,2629497.765000001,321044.57499999984,137034.0
2026-03-18,3007597.340000001,2686552.765000001,321044.57499999984,0.0
2026-03-19,2909039.340000001,2587994.765000001,321044.57499999984,0.0
2026-03-20,2777978.6200000006,2456189.1450000005,321789.47499999986,148980.0
2026-03-23,2598112.6200000006,2276323.1450000005,321789.47499999986,0.0
2026-03-24,2784678.6200000006,2462889.1450000005,321789.47499999986,0.0
2026-03-25,2856294.4900000007,2533834.410000001,322460.07999999984,134121.0
2026-03-26,2806606.4900000007,2484146.410000001,322460.07999999984,0.0
2026-03-27,2859938.4900000007,2537478.410000001,322460.07999999984,0.0
2026-03-30,2902040.100000001,2578790.7750000013,323249.32499999984,157849.0
2026-03-31,2847041.100000001,2523791.7750000013,323249.32499999984,0.0
2026-04-01,2906146.4700000007,2553865.204000001,352281.2659999998,5806388.2
2026-04-02,2906579.9700000007,2554298.704000001,352281.2659999998,0.0
2026-04-03,2907735.970000001,2555454.7040000013,352281.2659999998,0.0
2026-04-07,2907302.470000001,2555021.2040000013,352281.2659999998,0.0
2026-04-08,2906522.170000001,2554240.904000001,352281.2659999998,0.0
2026-04-09,2906868.970000001,2554587.7040000013,352281.2659999998,0.0
2026-04-10,2907071.2700000005,2554790.0040000007,352281.2659999998,0.0
2026-04-13,2907244.670000001,2554963.404000001,352281.2659999998,0.0
2026-04-14,2907446.9700000007,2555165.704000001,352281.2659999998,0.0
2026-04-15,2907475.870000001,2555194.604000001,352281.2659999998,0.0
2026-04-16,2907273.5700000008,2554992.304000001,352281.2659999998,0.0
2026-04-17,2907620.370000001,2555339.104000001,352281.2659999998,0.0
2026-04-20,2907649.270000001,2555368.004000001,352281.2659999998,0.0
2026-04-21,2907735.970000001,2555454.7040000013,352281.2659999998,0.0
2026-04-22,2907793.770000001,2555512.504000001,352281.2659999998,0.0
2026-04-23,2907851.5700000008,2555570.304000001,352281.2659999998,0.0
2026-04-24,2908169.470000001,2555888.2040000013,352281.2659999998,0.0
2026-04-27,2908140.5700000008,2555859.304000001,352281.2659999998,0.0
2026-04-28,2908429.570000001,2556148.3040000014,352281.2659999998,0.0
2026-04-29,2908805.270000001,2556524.004000001,352281.2659999998,0.0
2026-04-30,2908891.9700000007,2556610.704000001,352281.2659999998,0.0
2026-05-06,2908834.170000001,2542044.381500001,366789.78849999985,2901704.5
2026-05-07,2910849.6900000013,2541185.2115000016,369664.47849999985,574938.0
2026-05-08,2917970.6900000013,2548306.2115000016,369664.47849999985,0.0
2026-05-11,2924740.6900000013,2555076.2115000016,369664.47849999985,0.0
2026-05-12,2912412.3800000013,2539852.3015000015,372560.0784999998,579120.0
2026-05-13,2910481.3800000013,2537921.3015000015,372560.0784999998,0.0
2026-05-14,2928230.3800000013,2555670.3015000015,372560.0784999998,0.0
2026-05-15,2899903.430000001,2524377.256500001,375526.1734999998,593219.0
2026-05-18,2924647.430000001,2549121.256500001,375526.1734999998,0.0
2026-05-19,2923368.430000001,2547842.256500001,375526.1734999998,0.0
2026-05-20,2889579.400000001,2511079.171500001,378500.2284999998,594811.0
2026-05-21,2801663.400000001,2423163.171500001,378500.2284999998,0.0
2026-05-22,2873555.400000001,2495055.171500001,378500.2284999998,0.0
2026-05-25,2814647.7600000007,2433220.181500001,381427.57849999977,585470.0
2026-05-26,2760620.7600000007,2379193.181500001,381427.57849999977,0.0
2026-05-27,2694873.7600000007,2313446.181500001,381427.57849999977,0.0
2026-05-28,2693218.830000001,2309492.8065000013,383726.0234999998,459689.0
