date,jq_total_value,local_total_value,value_diff,jq_cash,local_cash,cash_diff,jq_position_value,local_position_value,position_value_diff,jq_position_count,local_position_count
2025-01-02,999901.0,8800363.479999997,7800462.479999997,9198.1,0.0,-9198.1,990702.9,0.0,-990702.9,1,
2025-01-03,999980.2,8801041.079999996,7801060.879999996,9198.1,0.0,-9198.1,990782.1,0.0,-990782.1,1,
2025-01-06,1000000.0,8801210.479999999,7801210.479999999,9198.1,0.0,-9198.1,990801.9,0.0,-990801.9,1,
2025-01-07,1000079.2,8801888.079999998,7801808.879999998,9198.1,0.0,-9198.1,990881.1,0.0,-990881.1,1,
2025-01-08,1000405.9,8804683.179999998,7804277.2799999975,9198.1,0.0,-9198.1,991207.8,0.0,-991207.8,1,
2025-01-09,1000287.1,8803666.779999997,7803379.679999998,9198.1,0.0,-9198.1,991089.0,0.0,-991089.0,1,
2025-01-10,1000376.2,8804429.079999998,7804052.879999998,9198.1,0.0,-9198.1,991178.1,0.0,-991178.1,1,
2025-01-13,1000217.8,8803073.879999997,7802856.079999997,9198.1,0.0,-9198.1,991019.7000000001,0.0,-991019.7000000001,1,
2025-01-14,1000138.6,8802396.279999997,7802257.679999998,9198.1,0.0,-9198.1,990940.5,0.0,-990940.5,1,
2025-01-15,1000326.7,8804005.579999998,7803678.879999998,9198.1,0.0,-9198.1,991128.6,0.0,-991128.6,1,
2025-01-16,1000237.6,8803243.279999997,7803005.679999998,9198.1,0.0,-9198.1,991039.5,0.0,-991039.5,1,
2025-01-17,1000316.8,8803920.879999997,7803604.079999997,9198.1,0.0,-9198.1,991118.7000000001,0.0,-991118.7000000001,1,
2025-01-20,1000257.4,8803412.679999998,7803155.2799999975,9198.1,0.0,-9198.1,991059.3,0.0,-991059.3,1,
2025-01-21,1000386.1,8804513.779999997,7804127.679999998,9198.1,0.0,-9198.1,991188.0,0.0,-991188.0,1,
2025-01-22,1000475.2,8805276.079999998,7804800.879999998,9198.1,0.0,-9198.1,991277.1,0.0,-991277.1,1,
2025-01-23,1000415.8,8804767.879999997,7804352.079999997,9198.1,0.0,-9198.1,991217.7000000001,0.0,-991217.7000000001,1,
2025-01-24,1000435.6,8804937.279999997,7804501.679999998,9198.1,0.0,-9198.1,991237.5,0.0,-991237.5,1,
2025-01-27,1001079.1,8810442.779999997,7809363.679999998,9198.1,0.0,-9198.1,991881.0,0.0,-991881.0,1,
2025-02-05,1009580.9,8809765.179999998,7800184.2799999975,804121.9,0.0,-804121.9,205459.0,0.0,-205459.0,10,
2025-02-06,1013365.88,8812974.259999998,7799608.379999998,809130.88,0.0,-809130.88,204235.0,0.0,-204235.0,10,
2025-02-07,1018218.88,8854908.259999998,7836689.379999998,809130.88,0.0,-809130.88,209088.0,0.0,-209088.0,10,
2025-02-10,1034789.22,8939581.259999998,7904792.039999998,616581.22,0.0,-616581.22,418208.0,0.0,-418208.0,11,
2025-02-11,1035201.22,8917327.569999997,7882126.349999997,616581.22,0.0,-616581.22,418620.0,0.0,-418620.0,11,
2025-02-12,1031578.26,8891982.719999997,7860404.459999997,623518.26,0.0,-623518.26,408060.0,0.0,-408060.0,11,
2025-02-13,1023957.26,8840941.719999997,7816984.459999997,417806.26,0.0,-417806.26,606151.0,0.0,-606151.0,12,
2025-02-14,1023512.26,8832800.149999997,7809287.889999997,417806.26,0.0,-417806.26,605706.0,0.0,-605706.0,12,
2025-02-17,1062697.26,9165853.149999997,8103155.889999997,417806.26,0.0,-417806.26,644891.0,0.0,-644891.0,12,
2025-02-18,1060489.58,9168049.399999997,8107559.819999997,222212.58,0.0,-222212.58,838277.0000000001,0.0,-838277.0000000001,14,
2025-02-19,1075875.04,9327099.279999997,8251224.239999997,226743.04,0.0,-226743.04,849132.0,0.0,-849132.0,14,
2025-02-20,1076043.58,9336444.919999998,8260401.339999998,233188.58,0.0,-233188.58,842855.0000000001,0.0,-842855.0000000001,14,
2025-02-21,1066385.35,9272120.919999998,8205735.569999998,2914.35,0.0,-2914.35,1063471.0,0.0,-1063471.0,15,
2025-02-24,1074639.35,9374018.209999997,8299378.859999998,2914.35,0.0,-2914.35,1071725.0,0.0,-1071725.0,15,
2025-02-25,1074895.35,9378602.209999997,8303706.859999998,2914.35,0.0,-2914.35,1071981.0,0.0,-1071981.0,15,
2025-02-26,1086332.55,9471608.209999997,8385275.659999997,862.55,0.0,-862.55,1085470.0,0.0,-1085470.0,15,
2025-02-27,1083362.55,9449697.239999996,8366334.689999997,862.55,0.0,-862.55,1082500.0,0.0,-1082500.0,15,
2025-02-28,1066193.02,9344992.949999997,8278799.929999998,5389.02,0.0,-5389.02,1060804.0,0.0,-1060804.0,15,
2025-03-03,1065467.6,9350435.959999997,8284968.359999998,27081.6,0.0,-27081.6,1038386.0000000001,0.0,-1038386.0000000001,14,
2025-03-04,1071178.6,9392698.239999998,8321519.639999999,27081.6,0.0,-27081.6,1044097.0000000001,0.0,-1044097.0000000001,14,
2025-03-05,1060936.6,9295020.239999998,8234083.639999999,27081.6,0.0,-27081.6,1033855.0000000001,0.0,-1033855.0000000001,14,
2025-03-06,1076384.7,9419055.239999998,8342670.539999998,1926.7,0.0,-1926.7,1074458.0,0.0,-1074458.0,13,
2025-03-07,1060974.7,9300601.339999996,8239626.639999996,1926.7,0.0,-1926.7,1059048.0,0.0,-1059048.0,13,
2025-03-10,1102867.7,9669366.339999996,8566498.639999997,1926.7,0.0,-1926.7,1100941.0,0.0,-1100941.0,13,
2025-03-11,1106399.39,9710162.639999997,8603763.249999996,36487.39,0.0,-36487.39,1069912.0,0.0,-1069912.0,11,
2025-03-12,1112424.39,9760875.989999998,8648451.599999998,36487.39,0.0,-36487.39,1075937.0,0.0,-1075937.0,11,
2025-03-13,1097351.39,9628603.989999998,8531252.599999998,36487.39,0.0,-36487.39,1060864.0,0.0,-1060864.0,11,
2025-03-14,1118960.89,9815679.989999998,8696719.099999998,253.89,0.0,-253.89,1118707.0,0.0,-1118707.0,12,
2025-03-17,1128623.89,9897751.719999997,8769127.829999996,253.89,0.0,-253.89,1128370.0,0.0,-1128370.0,12,
2025-03-18,1128134.89,9896119.719999997,8767984.829999996,253.89,0.0,-253.89,1127881.0,0.0,-1127881.0,12,
2025-03-19,1125231.41,9833423.719999997,8708192.309999997,150.41,0.0,-150.41,1125081.0,0.0,-1125081.0,12,
2025-03-20,1133342.41,9856069.599999998,8722727.189999998,150.41,0.0,-150.41,1133192.0,0.0,-1133192.0,12,
2025-03-21,1113962.41,9635550.599999998,8521588.189999998,150.41,0.0,-150.41,1113812.0,0.0,-1113812.0,12,
2025-03-24,1064749.5,9211523.599999998,8146774.099999998,48.5,0.0,-48.5,1064701.0,0.0,-1064701.0,12,
2025-03-25,1059477.76,9194818.849999998,8135341.089999998,16761.76,0.0,-16761.76,1042716.0,0.0,-1042716.0,12,
2025-03-26,1089719.76,9504050.849999998,8414331.089999998,16761.76,0.0,-16761.76,1072958.0,0.0,-1072958.0,12,
2025-03-27,1066961.2,9324298.069999997,8257336.869999996,26555.2,0.0,-26555.2,1040406.0,0.0,-1040406.0,12,
2025-03-28,1030264.53,9019939.309999997,7989674.779999997,33212.53,0.0,-33212.53,997052.0,0.0,-997052.0,12,
2025-03-31,1001574.53,8782706.309999997,7781131.779999997,33212.53,0.0,-33212.53,968362.0,0.0,-968362.0,12,
2025-04-01,1005275.13,8813702.959999997,7808427.829999997,6206.13,0.0,-6206.13,999069.0,0.0,-999069.0,2,
2025-04-02,1005347.13,8814324.559999997,7808977.429999997,6206.13,0.0,-6206.13,999141.0,0.0,-999141.0,2,
2025-04-03,1005392.13,8814713.059999997,7809320.929999997,6206.13,0.0,-6206.13,999186.0,0.0,-999186.0,2,
2025-04-07,1005311.13,8814013.759999998,7808702.629999998,6206.13,0.0,-6206.13,999105.0,0.0,-999105.0,2,
2025-04-08,1014987.13,8884117.359999998,7869130.229999998,6206.13,0.0,-6206.13,1008781.0,0.0,-1008781.0,2,
2025-04-09,1025518.13,8960368.859999998,7934850.729999998,6206.13,0.0,-6206.13,1019312.0,0.0,-1019312.0,2,
2025-04-10,1029465.13,8988961.959999997,7959496.829999997,6206.13,0.0,-6206.13,1023259.0,0.0,-1023259.0,2,
2025-04-11,1018552.13,8910097.859999998,7891545.729999998,6206.13,0.0,-6206.13,1012346.0,0.0,-1012346.0,2,
2025-04-14,1018517.13,8909932.759999998,7891415.629999998,6206.13,0.0,-6206.13,1012311.0,0.0,-1012311.0,2,
2025-04-15,1023008.13,8942537.059999997,7919528.929999997,6206.13,0.0,-6206.13,1016802.0,0.0,-1016802.0,2,
2025-04-16,1018447.13,8909602.559999997,7891155.429999997,6206.13,0.0,-6206.13,1012241.0,0.0,-1012241.0,2,
2025-04-17,1014981.13,8884476.759999998,7869495.629999998,6206.13,0.0,-6206.13,1008775.0,0.0,-1008775.0,2,
2025-04-18,1016122.13,8892819.659999996,7876697.529999997,6206.13,0.0,-6206.13,1009916.0,0.0,-1009916.0,2,
2025-04-21,1015115.13,8885496.559999997,7870381.429999997,6206.13,0.0,-6206.13,1008909.0,0.0,-1008909.0,2,
2025-04-22,1015552.13,8888721.059999997,7873168.929999997,6206.13,0.0,-6206.13,1009346.0,0.0,-1009346.0,2,
2025-04-23,1013200.13,8871705.059999997,7858504.929999997,6206.13,0.0,-6206.13,1006994.0,0.0,-1006994.0,2,
2025-04-24,1013557.13,8874375.959999997,7860818.829999997,6206.13,0.0,-6206.13,1007351.0,0.0,-1007351.0,2,
2025-04-25,1014003.13,8877678.159999996,7863675.029999997,6206.13,0.0,-6206.13,1007797.0,0.0,-1007797.0,2,
2025-04-28,1013985.13,8877522.759999998,7863537.629999998,6206.13,0.0,-6206.13,1007779.0,0.0,-1007779.0,2,
2025-04-29,1016551.13,8896112.159999996,7879561.029999997,6206.13,0.0,-6206.13,1010345.0,0.0,-1010345.0,2,
2025-04-30,1020794.13,8927123.659999996,7906329.529999997,6206.13,0.0,-6206.13,1014588.0,0.0,-1014588.0,2,
2025-05-06,1027510.32,8933815.459999997,7906305.139999997,822083.32,0.0,-822083.32,205427.0,0.0,-205427.0,10,
2025-05-07,1028690.32,8927336.309999995,7898645.989999995,822083.32,0.0,-822083.32,206607.0,0.0,-206607.0,10,
2025-05-08,1031631.32,8952942.309999995,7921310.989999995,822083.32,0.0,-822083.32,209548.0,0.0,-209548.0,10,
2025-05-09,1027692.46,8938055.309999995,7910362.849999995,623189.46,0.0,-623189.46,404503.0,0.0,-404503.0,11,
2025-05-12,1032116.46,8958607.619999994,7926491.159999994,623189.46,0.0,-623189.46,408927.0,0.0,-408927.0,11,
2025-05-13,1027831.46,8922909.619999994,7895078.159999994,623189.46,0.0,-623189.46,404642.0,0.0,-404642.0,11,
2025-05-14,1023274.46,8899714.619999994,7876440.159999994,414960.46,0.0,-414960.46,608314.0,0.0,-608314.0,12,
2025-05-15,1026855.46,8935631.419999994,7908775.959999994,414960.46,0.0,-414960.46,611895.0,0.0,-611895.0,12,
2025-05-16,1029557.46,8957504.419999994,7927946.959999994,414960.46,0.0,-414960.46,614597.0,0.0,-614597.0,12,
2025-05-19,1042894.46,9059919.419999994,8017024.959999994,214430.46,0.0,-214430.46,828464.0,0.0,-828464.0,12,
2025-05-20,1062797.46,9226314.919999994,8163517.459999994,214430.46,0.0,-214430.46,848367.0,0.0,-848367.0,12,
2025-05-21,1048617.46,9110442.919999994,8061825.459999994,214430.46,0.0,-214430.46,834187.0,0.0,-834187.0,12,
2025-05-22,1031445.46,8988006.919999994,7956561.459999994,4678.46,0.0,-4678.46,1026767.0,0.0,-1026767.0,12,
2025-05-23,1018482.46,8879724.699999996,7861242.239999996,4678.46,0.0,-4678.46,1013804.0,0.0,-1013804.0,12,
2025-05-26,1031354.46,8986816.699999996,7955462.239999996,4678.46,0.0,-4678.46,1026676.0,0.0,-1026676.0,12,
2025-05-27,1040730.06,9068827.699999996,8028097.639999995,2770.06,0.0,-2770.06,1037960.0,0.0,-1037960.0,11,
2025-05-28,1033866.06,9011907.969999995,7978041.909999995,2770.06,0.0,-2770.06,1031096.0,0.0,-1031096.0,11,
2025-05-29,1054736.06,9187423.969999995,8132687.909999995,2770.06,0.0,-2770.06,1051966.0,0.0,-1051966.0,11,
2025-05-30,1048791.38,9143148.969999995,8094357.589999995,588.38,0.0,-588.38,1048202.9999999999,0.0,-1048202.9999999999,10,
2025-06-03,1056576.38,9204969.759999994,8148393.379999994,588.38,0.0,-588.38,1055988.0,0.0,-1055988.0,10,
2025-06-04,1066112.38,9290311.759999994,8224199.379999994,588.38,0.0,-588.38,1065524.0,0.0,-1065524.0,10,
2025-06-05,1065153.97,9282910.759999994,8217756.789999994,373.97,0.0,-373.97,1064780.0,0.0,-1064780.0,10,
2025-06-06,1076704.97,9383240.609999996,8306535.639999996,373.97,0.0,-373.97,1076331.0,0.0,-1076331.0,10,
2025-06-09,1093866.97,9525028.609999996,8431161.639999995,373.97,0.0,-373.97,1093493.0,0.0,-1093493.0,10,
2025-06-10,1085111.89,9447150.609999996,8362038.719999996,717.89,0.0,-717.89,1084394.0,0.0,-1084394.0,10,
2025-06-11,1086910.89,9463978.029999996,8377067.139999996,717.89,0.0,-717.89,1086193.0,0.0,-1086193.0,10,
2025-06-12,1092313.89,9508567.029999994,8416253.139999993,717.89,0.0,-717.89,1091596.0,0.0,-1091596.0,10,
2025-06-13,1066783.73,9292827.029999994,8226043.299999993,897.73,0.0,-897.73,1065886.0,0.0,-1065886.0,11,
2025-06-16,1080641.73,9409318.559999995,8328676.8299999945,897.73,0.0,-897.73,1079744.0,0.0,-1079744.0,11,
2025-06-17,1076386.73,9370217.559999995,8293830.8299999945,897.73,0.0,-897.73,1075489.0,0.0,-1075489.0,11,
2025-06-18,1065673.84,9286000.559999995,8220326.719999995,307.84,0.0,-307.84,1065366.0,0.0,-1065366.0,12,
2025-06-19,309908.0,9040963.409999995,8731055.409999995,0.0,0.0,0.0,309908.0,0.0,-309908.0,3,
