date,code,side,jq_price,local_price,price_diff,jq_amount,local_amount,amount_diff,jq_value,local_value,value_diff,jq_commission,local_commission,commission_diff,match_status,diff_reason
2025-01-02,511880.XSHG,buy,100.081,100.081,0.0,9900,9900,0,990801.9,990801.9,0.0,0.0,0.0,0.0,exact_match,
2025-02-05,000668.XSHE,buy,6.32,6.32,0.0,3100,3100,0,19592.0,19592.0,0.0,5.0,5.0,0.0,exact_match,
2025-02-05,000691.XSHE,buy,2.86,2.86,0.0,6900,6900,0,19734.0,19734.0,0.0,5.0,5.0,0.0,exact_match,
2025-02-05,000929.XSHE,buy,6.26,6.26,0.0,3100,3100,0,19406.0,19406.0,0.0,5.0,5.0,0.0,exact_match,
2025-02-05,002620.XSHE,buy,2.99,2.99,0.0,6600,6600,0,19734.0,19734.0,0.0,5.0,5.0,0.0,exact_match,
2025-02-05,002848.XSHE,buy,5.74,5.74,0.0,3400,3400,0,19516.0,19516.0,0.0,5.0,5.0,0.0,exact_match,
2025-02-05,300929.XSHE,buy,8.67,8.67,0.0,2300,2300,0,19941.0,19941.0,0.0,5.0,5.0,0.0,exact_match,
2025-02-05,511880.XSHG,sell,100.182,100.182,0.0,0,9900,9900,0.0,991801.8,991801.8,0.0,0.0,0.0,amount_diff,fill quantity difference
2025-02-05,600193.XSHG,buy,2.62,2.62,0.0,7600,7600,0,19912.0,19912.0,0.0,5.0,5.0,0.0,exact_match,
2025-02-05,600421.XSHG,buy,5.32,5.32,0.0,3700,3700,0,19684.0,19684.0,0.0,5.0,5.0,0.0,exact_match,
2025-02-05,603813.XSHG,buy,9.21,9.21,0.0,2100,2100,0,19341.0,19341.0,0.0,5.0,5.0,0.0,exact_match,
2025-02-05,605081.XSHG,buy,8.32,8.32,0.0,2400,2400,0,19968.0,19968.0,0.0,5.0,5.0,0.0,exact_match,
2025-02-06,600193.XSHG,sell,3.21,3.21,0.0,0,1200,1200,0.0,3852.0,3852.0,8.85,5.0,-3.8499999999999996,amount_diff,fill quantity difference
2025-02-06,600421.XSHG,sell,5.86,5.86,0.0,0,200,200,0.0,1172.0,1172.0,6.17,5.0,-1.17,amount_diff,fill quantity difference
2025-02-10,000668.XSHE,buy,6.05,6.05,0.0,3600,3600,0,21780.0,21780.0,0.0,5.0,5.0,0.0,exact_match,
2025-02-10,000691.XSHE,buy,3.12,3.12,0.0,6100,6100,0,19032.0,19032.0,0.0,5.0,5.0,0.0,exact_match,
2025-02-10,000929.XSHE,buy,6.43,6.43,0.0,3200,3200,0,20576.0,20576.0,0.0,5.0,5.0,0.0,exact_match,
2025-02-10,002620.XSHE,buy,3.27,3.27,0.0,5800,5800,0,18966.0,18966.0,0.0,5.0,5.0,0.0,exact_match,
2025-02-10,002848.XSHE,buy,6.55,6.55,0.0,2800,2800,0,18340.0,18340.0,0.0,5.0,5.0,0.0,exact_match,
2025-02-10,300478.XSHE,buy,9.66,9.66,0.0,2100,2100,0,20286.0,20286.0,0.0,5.0,5.0,0.0,exact_match,
2025-02-10,300929.XSHE,buy,9.01,9.01,0.0,2200,2200,0,19822.0,19822.0,0.0,5.0,5.0,0.0,exact_match,
2025-02-10,600193.XSHG,sell,3.3,3.3,0.0,0,200,200,0.0,660.0,660.0,5.66,5.0,-0.6600000000000001,amount_diff,fill quantity difference
2025-02-10,600421.XSHG,buy,6.39,6.39,0.0,2800,2800,0,17892.0,17892.0,0.0,5.0,5.0,0.0,exact_match,
2025-02-10,603813.XSHG,buy,10.0,10.0,0.0,1900,1900,0,19000.0,19000.0,0.0,5.0,5.0,0.0,exact_match,
2025-02-10,605081.XSHG,buy,9.7,9.7,0.0,1800,1800,0,17460.0,17460.0,0.0,5.0,5.0,0.0,exact_match,
2025-02-12,300478.XSHE,sell,11.48,11.48,0.0,0,300,300,0.0,3444.0,3444.0,8.44,5.0,-3.4399999999999995,amount_diff,fill quantity difference
2025-02-12,600193.XSHG,sell,3.9,3.9,0.0,0,900,900,0.0,3510.0,3510.0,8.51,5.0,-3.51,amount_diff,fill quantity difference
2025-02-13,000668.XSHE,buy,6.09,6.09,0.0,3400,3400,0,20706.0,20706.0,0.0,5.0,5.0,0.0,exact_match,
2025-02-13,000691.XSHE,buy,3.14,3.14,0.0,6700,6700,0,21038.0,21038.0,0.0,5.0,5.0,0.0,exact_match,
2025-02-13,000929.XSHE,buy,6.6,6.6,0.0,3000,3000,0,19800.0,19800.0,0.0,5.0,5.0,0.0,exact_match,
2025-02-13,002620.XSHE,buy,3.39,3.39,0.0,5800,5800,0,19662.0,19662.0,0.0,5.0,5.0,0.0,exact_match,
2025-02-13,002848.XSHE,buy,6.63,6.63,0.0,3100,3100,0,20553.0,20553.0,0.0,5.0,5.0,0.0,exact_match,
2025-02-13,002856.XSHE,buy,9.15,9.15,0.0,2200,2200,0,20130.0,20130.0,0.0,5.0,5.0,0.0,exact_match,
2025-02-13,300929.XSHE,buy,9.13,9.13,0.0,2200,2200,0,20086.0,20086.0,0.0,5.0,5.0,0.0,exact_match,
2025-02-13,600421.XSHG,buy,6.42,6.42,0.0,3300,3300,0,21186.0,21186.0,0.0,5.0,5.0,0.0,exact_match,
2025-02-13,603813.XSHG,buy,10.15,10.15,0.0,2100,2100,0,21315.0,21315.0,0.0,5.0,5.0,0.0,exact_match,
2025-02-13,605081.XSHG,buy,9.63,9.63,0.0,2200,2200,0,21186.0,21186.0,0.0,5.0,5.0,0.0,exact_match,
2025-02-18,000668.XSHE,buy,6.0,6.0,0.0,4200,4200,0,25200.0,25200.0,0.0,5.0,5.0,0.0,exact_match,
2025-02-18,000691.XSHE,buy,3.27,3.27,0.0,6600,6600,0,21582.0,21582.0,0.0,5.0,5.0,0.0,exact_match,
2025-02-18,000929.XSHE,buy,6.6,6.6,0.0,3700,3700,0,24420.0,24420.0,0.0,5.0,5.0,0.0,exact_match,
2025-02-18,002620.XSHE,buy,3.62,3.62,0.0,5600,5600,0,20272.0,20272.0,0.0,5.0,5.0,0.0,exact_match,
2025-02-18,002848.XSHE,buy,7.06,7.06,0.0,2900,2900,0,20474.0,20474.0,0.0,5.0,5.0,0.0,exact_match,
2025-02-18,002848.XSHE,sell,7.36,7.35,-0.010000000000000675,0,600,600,0.0,4410.0,4410.0,9.42,5.0,-4.42,price_and_amount_diff,price and amount both differ
2025-02-18,002856.XSHE,buy,9.25,9.25,0.0,2400,2400,0,22200.0,22200.0,0.0,5.0,5.0,0.0,exact_match,
2025-02-18,300478.XSHE,sell,15.75,15.74,-0.009999999999999787,0,400,400,0.0,6296.0,6296.0,11.3,5.0,-6.300000000000001,price_and_amount_diff,price and amount both differ
2025-02-18,300929.XSHE,buy,9.24,9.24,0.0,2600,2600,0,24024.0,24024.0,0.0,5.0,5.0,0.0,exact_match,
2025-02-18,600193.XSHG,buy,3.9,3.9,0.0,200,200,0,780.0,780.0,0.0,5.0,5.0,0.0,exact_match,
2025-02-18,600421.XSHG,sell,8.36,8.3,-0.05999999999999872,0,1900,1900,0.0,15770.000000000002,15770.000000000002,20.88,5.0,-15.879999999999999,price_and_amount_diff,price and amount both differ
2025-02-18,600768.XSHG,buy,9.52,9.52,0.0,2200,2200,0,20944.0,20944.0,0.0,5.0,5.0,0.0,exact_match,
2025-02-18,603316.XSHG,buy,5.06,5.06,0.0,4200,4200,0,21252.0,21252.0,0.0,5.0,5.0,0.0,exact_match,
2025-02-18,603813.XSHG,sell,10.79,10.79,0.0,0,100,100,0.0,1079.0,1079.0,6.08,5.0,-1.08,amount_diff,fill quantity difference
2025-02-18,605081.XSHG,buy,10.01,10.01,0.0,2200,2200,0,22022.0,22022.0,0.0,5.0,5.0,0.0,exact_match,
2025-02-19,600421.XSHG,sell,9.08,9.08,0.0,0,500,500,0.0,4540.0,4540.0,9.54,5.0,-4.539999999999999,amount_diff,fill quantity difference
2025-02-20,603316.XSHG,sell,5.32,5.32,0.0,0,100,100,0.0,532.0,532.0,5.53,5.0,-0.5300000000000002,amount_diff,fill quantity difference
2025-02-20,603813.XSHG,sell,11.86,11.86,0.0,0,500,500,0.0,5930.0,5930.0,10.93,5.0,-5.93,amount_diff,fill quantity difference
2025-02-21,000668.XSHE,buy,5.92,5.92,0.0,3900,3900,0,23088.0,23088.0,0.0,5.0,5.0,0.0,exact_match,
2025-02-21,000691.XSHE,buy,3.17,3.17,0.0,7700,7700,0,24409.0,24409.0,0.0,5.0,5.0,0.0,exact_match,
2025-02-21,000929.XSHE,buy,6.77,6.77,0.0,2900,2900,0,19633.0,19633.0,0.0,5.0,5.0,0.0,exact_match,
2025-02-21,002620.XSHE,buy,3.52,3.52,0.0,600,600,0,2112.0,2112.0,0.0,5.0,5.0,0.0,exact_match,
2025-02-21,002848.XSHE,buy,6.96,6.96,0.0,3800,3800,0,26448.0,26448.0,0.0,5.0,5.0,0.0,exact_match,
2025-02-21,002856.XSHE,buy,9.14,9.14,0.0,2400,2400,0,21936.0,21936.0,0.0,5.0,5.0,0.0,exact_match,
2025-02-21,300929.XSHE,buy,9.24,9.24,0.0,2300,2300,0,21252.0,21252.0,0.0,5.0,5.0,0.0,exact_match,
2025-02-21,600193.XSHG,sell,4.09,4.08,-0.009999999999999787,0,300,300,0.0,1224.0,1224.0,6.23,5.0,-1.2300000000000004,price_and_amount_diff,price and amount both differ
2025-02-21,600421.XSHG,buy,7.77,7.77,0.0,1100,1100,0,8547.0,8547.0,0.0,5.0,5.0,0.0,exact_match,
2025-02-21,600753.XSHG,buy,5.68,5.68,0.0,3700,3700,0,21016.0,21016.0,0.0,5.0,5.0,0.0,exact_match,
2025-02-21,600768.XSHG,buy,9.66,9.66,0.0,2200,2200,0,21252.0,21252.0,0.0,5.0,5.0,0.0,exact_match,
2025-02-21,603813.XSHG,buy,12.18,12.18,0.0,1500,1500,0,18270.0,18270.0,0.0,5.0,5.0,0.0,exact_match,
2025-02-21,605081.XSHG,buy,9.78,9.78,0.0,2400,2400,0,23472.0,23472.0,0.0,5.0,5.0,0.0,exact_match,
2025-02-26,000691.XSHE,buy,3.12,3.12,0.0,500,500,0,1560.0,1560.0,0.0,5.0,5.0,0.0,exact_match,
2025-02-26,000929.XSHE,buy,6.73,6.73,0.0,100,100,0,673.0,673.0,0.0,5.0,5.0,0.0,exact_match,
2025-02-26,002620.XSHE,sell,3.58,3.58,0.0,0,6300,6300,0.0,22554.0,22554.0,27.55,5.0,-22.55,amount_diff,fill quantity difference
2025-02-26,002856.XSHE,buy,8.89,8.89,0.0,2600,2600,0,23114.0,23114.0,0.0,5.0,5.0,0.0,exact_match,
2025-02-26,300478.XSHE,buy,14.21,14.21,0.0,100,100,0,1421.0,1421.0,0.0,5.0,5.0,0.0,exact_match,
2025-02-26,300736.XSHE,buy,10.32,10.32,0.0,1600,1600,0,16512.0,16512.0,0.0,5.0,5.0,0.0,exact_match,
2025-02-26,300929.XSHE,buy,9.1,9.1,0.0,200,200,0,1820.0,1820.0,0.0,5.0,5.0,0.0,exact_match,
2025-02-26,600193.XSHG,sell,3.91,3.91,0.0,0,5200,5200,0.0,20332.0,20332.0,25.33,5.0,-20.33,amount_diff,fill quantity difference
2025-02-26,600421.XSHG,sell,7.18,7.18,0.0,0,2200,2200,0.0,15796.0,15796.0,20.8,5.0,-15.8,amount_diff,fill quantity difference
2025-02-26,600753.XSHG,buy,5.55,5.55,0.0,4000,4000,0,22200.0,22200.0,0.0,5.0,5.0,0.0,exact_match,
2025-02-26,600768.XSHG,buy,9.36,9.36,0.0,2500,2500,0,23400.0,23400.0,0.0,5.0,5.0,0.0,exact_match,
2025-02-26,603813.XSHG,sell,13.02,13.02,0.0,0,2000,2000,0.0,26040.0,26040.0,31.04,5.0,-26.04,amount_diff,fill quantity difference
2025-02-26,605081.XSHG,sell,10.2,10.2,0.0,0,400,400,0.0,4079.9999999999995,4079.9999999999995,9.08,5.0,-4.08,amount_diff,fill quantity difference
2025-02-28,603316.XSHG,sell,6.48,6.48,0.0,0,700,700,0.0,4536.0,4536.0,9.54,5.0,-4.539999999999999,amount_diff,fill quantity difference
2025-03-03,000929.XSHE,sell,6.76,6.76,0.0,0,100,100,0.0,676.0,676.0,5.68,5.0,-0.6799999999999997,amount_diff,fill quantity difference
2025-03-03,002620.XSHE,sell,3.59,3.59,0.0,0,6100,6100,0.0,21899.0,21899.0,26.9,5.0,-21.9,amount_diff,fill quantity difference
2025-03-03,002856.XSHE,buy,8.79,8.79,0.0,2500,2500,0,21974.999999999996,21974.999999999996,0.0,5.0,5.0,0.0,exact_match,
2025-03-03,300478.XSHE,sell,13.33,13.33,0.0,0,1500,1500,0.0,19995.0,19995.0,25.0,5.0,-20.0,amount_diff,fill quantity difference
2025-03-03,300929.XSHE,buy,8.85,8.85,0.0,200,200,0,1770.0,1770.0,0.0,5.0,5.0,0.0,exact_match,
2025-03-03,600421.XSHG,sell,7.03,7.03,0.0,0,3000,3000,0.0,21090.0,21090.0,26.09,5.0,-21.09,amount_diff,fill quantity difference
2025-03-03,600753.XSHG,buy,5.29,5.29,0.0,4200,4200,0,22218.0,22218.0,0.0,5.0,5.0,0.0,exact_match,
2025-03-03,600768.XSHG,buy,9.38,9.38,0.0,2200,2200,0,20636.0,20636.0,0.0,5.0,5.0,0.0,exact_match,
2025-03-03,603813.XSHG,sell,14.08,14.08,0.0,0,1900,1900,0.0,26752.0,26752.0,31.75,5.0,-26.75,amount_diff,fill quantity difference
2025-03-03,605081.XSHG,buy,9.9,9.9,0.0,200,200,0,1980.0,1980.0,0.0,5.0,5.0,0.0,exact_match,
2025-03-06,000668.XSHE,buy,5.65,5.65,0.0,500,500,0,2825.0,2825.0,0.0,5.0,5.0,0.0,exact_match,
2025-03-06,000691.XSHE,sell,3.13,3.13,0.0,0,500,500,0.0,1565.0,1565.0,6.56,5.0,-1.5599999999999996,amount_diff,fill quantity difference
2025-03-06,000929.XSHE,buy,6.47,6.47,0.0,500,500,0,3235.0,3235.0,0.0,5.0,5.0,0.0,exact_match,
2025-03-06,002620.XSHE,sell,3.72,3.72,0.0,0,6200,6200,0.0,23064.0,23064.0,28.06,5.0,-23.06,amount_diff,fill quantity difference
2025-03-06,002848.XSHE,buy,6.74,6.74,0.0,300,300,0,2022.0,2022.0,0.0,5.0,5.0,0.0,exact_match,
2025-03-06,002856.XSHE,sell,9.04,9.04,0.0,0,300,300,0.0,2711.9999999999995,2711.9999999999995,7.71,5.0,-2.71,amount_diff,fill quantity difference
2025-03-06,300736.XSHE,buy,9.84,9.84,0.0,4800,4800,0,47232.0,47232.0,0.0,5.0,5.0,0.0,exact_match,
2025-03-06,300929.XSHE,sell,9.05,9.05,0.0,0,200,200,0.0,1810.0000000000002,1810.0000000000002,6.81,5.0,-1.8099999999999996,amount_diff,fill quantity difference
2025-03-06,600421.XSHG,sell,6.78,6.78,0.0,0,3100,3100,0.0,21018.0,21018.0,26.02,5.0,-21.02,amount_diff,fill quantity difference
2025-03-06,600753.XSHG,buy,5.3,5.3,0.0,4100,4100,0,21730.0,21730.0,0.0,5.0,5.0,0.0,exact_match,
2025-03-06,600768.XSHG,buy,9.68,9.68,0.0,1800,1800,0,17424.0,17424.0,0.0,5.0,5.0,0.0,exact_match,
2025-03-06,603316.XSHG,buy,5.99,5.99,0.0,100,100,0,599.0,599.0,0.0,5.0,5.0,0.0,exact_match,
2025-03-06,603813.XSHG,sell,14.21,14.21,0.0,0,1600,1600,0.0,22736.0,22736.0,27.74,5.0,-22.74,amount_diff,fill quantity difference
2025-03-06,605081.XSHG,buy,9.5,9.5,0.0,300,300,0,2850.0,2850.0,0.0,5.0,5.0,0.0,exact_match,
2025-03-11,000691.XSHE,buy,3.19,3.19,0.0,300,300,0,957.0,957.0,0.0,5.0,5.0,0.0,exact_match,
2025-03-11,000929.XSHE,sell,7.41,7.41,0.0,0,4500,4500,0.0,33345.0,33345.0,38.34,5.0,-33.34,amount_diff,fill quantity difference
2025-03-11,002620.XSHE,sell,3.66,3.66,0.0,0,5800,5800,0.0,21228.0,21228.0,26.23,5.0,-21.23,amount_diff,fill quantity difference
2025-03-11,002848.XSHE,buy,6.66,6.66,0.0,100,100,0,666.0,666.0,0.0,5.0,5.0,0.0,exact_match,
2025-03-11,002848.XSHE,buy,,6.66,,,100,,,666.0,,,5.0,,missing_in_jq,extra local trade not in JQ
2025-03-11,002856.XSHE,buy,9.08,9.08,0.0,200,200,0,1816.0,1816.0,0.0,5.0,5.0,0.0,exact_match,
2025-03-11,300736.XSHE,buy,9.61,9.61,0.0,1800,1700,-100,17298.0,16336.999999999998,-961.0000000000018,5.0,5.0,0.0,amount_diff,fill quantity difference
2025-03-11,600753.XSHG,buy,5.56,5.56,0.0,3600,3600,0,20016.0,20016.0,0.0,5.0,5.0,0.0,exact_match,
2025-03-11,600768.XSHG,buy,9.66,9.66,0.0,400,400,0,3864.0,3864.0,0.0,5.0,5.0,0.0,exact_match,
2025-03-11,603316.XSHG,sell,6.19,6.19,0.0,0,3500,3500,0.0,21665.0,21665.0,26.66,5.0,-21.66,amount_diff,fill quantity difference
2025-03-11,605081.XSHG,sell,10.23,10.23,0.0,0,300,300,0.0,3069.0,3069.0,8.07,5.0,-3.0700000000000003,amount_diff,fill quantity difference
2025-03-14,000668.XSHE,buy,5.82,5.82,0.0,100,100,0,582.0,582.0,0.0,5.0,5.0,0.0,exact_match,
2025-03-14,000691.XSHE,buy,2.97,2.97,0.0,2600,2600,0,7722.000000000001,7722.000000000001,0.0,5.0,5.0,0.0,exact_match,
2025-03-14,000929.XSHE,sell,7.27,7.27,0.0,0,2800,2800,0.0,20356.0,20356.0,25.36,5.0,-20.36,amount_diff,fill quantity difference
2025-03-14,002848.XSHE,sell,7.0,7.0,0.0,0,200,200,0.0,1400.0,1400.0,5.7,5.0,-0.7000000000000002,amount_diff,fill quantity difference
2025-03-14,002856.XSHE,sell,9.36,9.36,0.0,0,200,200,0.0,1872.0,1872.0,6.87,5.0,-1.87,amount_diff,fill quantity difference
2025-03-14,300736.XSHE,buy,9.55,9.55,0.0,3300,3400,100,31515.000000000004,32470.000000000004,955.0,5.0,5.0,0.0,amount_diff,fill quantity difference
2025-03-14,600243.XSHG,buy,2.89,2.89,0.0,15200,15200,0,43928.0,43928.0,0.0,5.0,5.0,0.0,exact_match,
2025-03-14,600421.XSHG,buy,6.52,6.52,0.0,3200,3200,0,20864.0,20864.0,0.0,5.0,5.0,0.0,exact_match,
2025-03-14,600768.XSHG,sell,9.56,9.56,0.0,0,2100,2100,0.0,20076.0,20076.0,25.08,5.0,-20.08,amount_diff,fill quantity difference
2025-03-14,603813.XSHG,sell,14.9,14.9,0.0,0,1500,1500,0.0,22350.0,22350.0,27.35,5.0,-22.35,amount_diff,fill quantity difference
2025-03-14,605081.XSHG,sell,10.49,10.49,0.0,0,300,300,0.0,3147.0,3147.0,8.15,5.0,-3.1500000000000004,amount_diff,fill quantity difference
2025-03-19,000691.XSHE,buy,2.98,2.98,0.0,900,900,0,2682.0,2682.0,0.0,5.0,5.0,0.0,exact_match,
2025-03-19,000929.XSHE,sell,7.31,7.31,0.0,0,2900,2900,0.0,21199.0,21199.0,26.2,5.0,-21.2,amount_diff,fill quantity difference
2025-03-19,300736.XSHE,sell,10.0,10.0,0.0,0,200,200,0.0,2000.0,2000.0,7.0,5.0,-2.0,amount_diff,fill quantity difference
2025-03-19,600243.XSHG,buy,2.98,2.98,0.0,7400,7400,0,22052.0,22052.0,0.0,5.0,5.0,0.0,exact_match,
2025-03-19,600421.XSHG,buy,6.6,6.6,0.0,3600,3600,0,23760.0,23760.0,0.0,5.0,5.0,0.0,exact_match,
2025-03-19,600753.XSHG,sell,5.8,5.8,0.0,0,4000,4000,0.0,23200.0,23200.0,28.2,5.0,-23.2,amount_diff,fill quantity difference
2025-03-19,600768.XSHG,sell,9.95,9.95,0.0,0,100,100,0.0,994.9999999999999,994.9999999999999,6.0,5.0,-1.0,amount_diff,fill quantity difference
2025-03-19,605081.XSHG,sell,10.85,10.85,0.0,0,100,100,0.0,1085.0,1085.0,6.08,5.0,-1.08,amount_diff,fill quantity difference
2025-03-24,000691.XSHE,sell,2.94,2.94,0.0,0,200,200,0.0,588.0,588.0,5.59,5.0,-0.5899999999999999,amount_diff,fill quantity difference
2025-03-24,000929.XSHE,sell,7.2,7.2,0.0,0,3100,3100,0.0,22320.0,22320.0,27.32,5.0,-22.32,amount_diff,fill quantity difference
2025-03-24,002848.XSHE,buy,6.73,,,100,,,673.0,,,5.0,,,missing_in_local,no matching local trade
2025-03-24,002856.XSHE,buy,9.24,9.24,0.0,100,100,0,924.0,924.0,0.0,5.0,5.0,0.0,exact_match,
2025-03-24,300736.XSHE,buy,9.37,9.37,0.0,400,400,0,3747.9999999999995,3747.9999999999995,0.0,5.0,5.0,0.0,exact_match,
2025-03-24,600421.XSHG,buy,6.29,6.29,0.0,2800,2900,100,17612.0,18241.0,629.0,5.0,5.0,0.0,amount_diff,fill quantity difference
2025-03-25,600421.XSHG,sell,7.37,7.37,0.0,0,1000,1000,0.0,7370.0,7370.0,11.63,5.0,-6.630000000000001,amount_diff,fill quantity difference
2025-03-25,605081.XSHG,sell,11.23,11.23,0.0,0,900,900,0.0,10107.0,10107.0,15.11,5.0,-10.11,amount_diff,fill quantity difference
2025-03-27,000668.XSHE,buy,5.43,5.43,0.0,1000,1000,0,5430.0,5430.0,0.0,5.0,5.0,0.0,exact_match,
2025-03-27,000691.XSHE,sell,3.09,3.09,0.0,0,2600,2600,0.0,8034.0,8034.0,13.03,5.0,-8.03,amount_diff,fill quantity difference
2025-03-27,000929.XSHE,sell,7.02,7.02,0.0,0,3100,3100,0.0,21762.0,21762.0,26.76,5.0,-21.76,amount_diff,fill quantity difference
2025-03-27,002848.XSHE,buy,6.13,6.13,0.0,1800,1900,100,11034.0,11647.0,613.0,5.0,5.0,0.0,amount_diff,fill quantity difference
2025-03-27,300665.XSHE,buy,6.79,6.79,0.0,2700,2700,0,18333.0,18333.0,0.0,5.0,5.0,0.0,exact_match,
2025-03-27,300736.XSHE,buy,9.1,9.1,0.0,100,100,0,910.0,910.0,0.0,5.0,5.0,0.0,exact_match,
2025-03-27,300929.XSHE,buy,8.8,8.8,0.0,400,400,0,3520.0000000000005,3520.0000000000005,0.0,5.0,5.0,0.0,exact_match,
2025-03-27,600243.XSHG,sell,2.9,2.9,0.0,0,200,200,0.0,580.0,580.0,5.58,5.0,-0.5800000000000001,amount_diff,fill quantity difference
2025-03-27,600421.XSHG,buy,6.91,6.91,0.0,600,600,0,4146.0,4146.0,0.0,5.0,5.0,0.0,exact_match,
2025-03-27,600753.XSHG,sell,5.82,5.82,0.0,0,4500,4500,0.0,26190.0,26190.0,31.19,5.0,-26.19,amount_diff,fill quantity difference
2025-03-27,605081.XSHG,buy,10.96,10.96,0.0,300,300,0,3288.0000000000005,3288.0000000000005,0.0,5.0,5.0,0.0,exact_match,
2025-03-28,600421.XSHG,sell,7.41,7.41,0.0,0,900,900,0.0,6669.0,6669.0,11.67,5.0,-6.67,amount_diff,fill quantity difference
2025-04-01,000668.XSHE,sell,5.01,5.01,0.0,0,19800,19800,0.0,99198.0,99198.0,109.12,9.92,-99.2,amount_diff,fill quantity difference
2025-04-01,000691.XSHE,sell,2.86,2.86,0.0,0,35000,35000,0.0,100100.0,100100.0,110.11,10.01,-100.1,amount_diff,fill quantity difference
2025-04-01,002848.XSHE,sell,5.69,5.69,0.0,0,17600,17600,0.0,100144.0,100144.0,110.16,10.01,-100.14999999999999,amount_diff,fill quantity difference
2025-04-01,002856.XSHE,sell,8.52,8.52,0.0,0,11900,11900,0.0,101388.0,101388.0,111.53,10.14,-101.39,amount_diff,fill quantity difference
2025-04-01,300665.XSHE,sell,6.49,6.49,0.0,0,2700,2700,0.0,17523.0,17523.0,22.52,5.0,-17.52,amount_diff,fill quantity difference
2025-04-01,300736.XSHE,sell,8.59,8.59,0.0,0,11800,11800,0.0,101362.0,101362.0,111.5,10.14,-101.36,amount_diff,fill quantity difference
2025-04-01,300929.XSHE,sell,8.41,8.41,0.0,0,12200,12200,0.0,102602.0,102602.0,112.86,10.26,-102.6,amount_diff,fill quantity difference
2025-04-01,511880.XSHG,buy,100.383,100.383,0.0,9000,9000,0,903447.0,903447.0,0.0,0.0,0.0,0.0,exact_match,
2025-04-01,600243.XSHG,sell,2.61,2.61,0.0,0,22400,22400,0.0,58464.0,58464.0,64.31,5.85,-58.46,amount_diff,fill quantity difference
2025-04-01,600421.XSHG,sell,6.7,6.7,0.0,0,8400,8400,0.0,56280.0,56280.0,61.91,5.63,-56.279999999999994,amount_diff,fill quantity difference
2025-04-01,600753.XSHG,sell,5.2,5.2,0.0,0,11100,11100,0.0,57720.0,57720.0,63.49,5.77,-57.72,amount_diff,fill quantity difference
2025-04-01,600768.XSHG,sell,9.08,9.08,0.0,0,9100,9100,0.0,82628.0,82628.0,90.89,8.26,-82.63,amount_diff,fill quantity difference
2025-05-06,002193.XSHE,buy,5.16,5.16,0.0,3900,3900,0,20124.0,20124.0,0.0,5.0,5.0,0.0,exact_match,
2025-05-06,002719.XSHE,buy,8.0,8.0,0.0,2500,2500,0,20000.0,20000.0,0.0,5.0,5.0,0.0,exact_match,
2025-05-06,300405.XSHE,buy,4.89,4.89,0.0,4100,4100,0,20049.0,20049.0,0.0,5.0,5.0,0.0,exact_match,
2025-05-06,300635.XSHE,buy,9.73,9.73,0.0,2000,2000,0,19460.0,19460.0,0.0,5.0,5.0,0.0,exact_match,
2025-05-06,300665.XSHE,buy,7.27,7.27,0.0,2800,2800,0,20356.0,20356.0,0.0,5.0,5.0,0.0,exact_match,
2025-05-06,300736.XSHE,buy,9.44,9.44,0.0,2100,2100,0,19824.0,19824.0,0.0,5.0,5.0,0.0,exact_match,
2025-05-06,300929.XSHE,buy,9.28,9.28,0.0,2200,2200,0,20416.0,20416.0,0.0,5.0,5.0,0.0,exact_match,
2025-05-06,300948.XSHE,buy,9.6,9.6,0.0,2100,2100,0,20160.0,20160.0,0.0,5.0,5.0,0.0,exact_match,
2025-05-06,301372.XSHE,buy,19.22,19.22,0.0,1000,1000,0,19220.0,19220.0,0.0,5.0,5.0,0.0,exact_match,
2025-05-06,511880.XSHG,sell,100.486,100.486,0.0,0,9000,9000,0.0,904374.0,904374.0,0.0,0.0,0.0,amount_diff,fill quantity difference
2025-05-06,600768.XSHG,buy,10.24,10.24,0.0,1900,1900,0,19456.0,19456.0,0.0,5.0,5.0,0.0,exact_match,
2025-05-06,605081.XSHG,sell,11.3,11.3,0.0,0,9800,9800,0.0,110740.0,110740.0,121.81,11.07,-110.74000000000001,amount_diff,fill quantity difference
2025-05-09,002193.XSHE,buy,5.6,5.6,0.0,3400,3400,0,19040.0,19040.0,0.0,5.0,5.0,0.0,exact_match,
2025-05-09,002719.XSHE,sell,8.62,8.62,0.0,0,100,100,0.0,861.9999999999999,861.9999999999999,5.86,5.0,-0.8600000000000003,amount_diff,fill quantity difference
2025-05-09,300405.XSHE,buy,5.16,5.16,0.0,3800,3800,0,19608.0,19608.0,0.0,5.0,5.0,0.0,exact_match,
2025-05-09,300635.XSHE,buy,10.16,10.16,0.0,2000,2000,0,20320.0,20320.0,0.0,5.0,5.0,0.0,exact_match,
2025-05-09,300665.XSHE,buy,7.56,7.56,0.0,2600,2600,0,19656.0,19656.0,0.0,5.0,5.0,0.0,exact_match,
2025-05-09,300736.XSHE,buy,9.75,9.75,0.0,2100,2100,0,20475.0,20475.0,0.0,5.0,5.0,0.0,exact_match,
2025-05-09,300929.XSHE,buy,9.65,9.65,0.0,2000,2000,0,19300.0,19300.0,0.0,5.0,5.0,0.0,exact_match,
2025-05-09,300948.XSHE,buy,10.06,10.06,0.0,2000,2000,0,20120.0,20120.0,0.0,5.0,5.0,0.0,exact_match,
2025-05-09,301372.XSHE,buy,20.55,20.55,0.0,1000,1000,0,20550.0,20550.0,0.0,5.0,5.0,0.0,exact_match,
2025-05-09,600768.XSHG,buy,10.67,10.67,0.0,1900,1900,0,20273.0,20273.0,0.0,5.0,5.0,0.0,exact_match,
2025-05-09,603616.XSHG,buy,3.77,3.77,0.0,5400,5400,0,20358.0,20358.0,0.0,5.0,5.0,0.0,exact_match,
2025-05-14,002193.XSHE,buy,5.55,5.55,0.0,3800,3800,0,21090.0,21090.0,0.0,5.0,5.0,0.0,exact_match,
2025-05-14,300405.XSHE,buy,5.26,5.26,0.0,3800,3800,0,19988.0,19988.0,0.0,5.0,5.0,0.0,exact_match,
2025-05-14,300635.XSHE,buy,10.01,10.01,0.0,2100,2100,0,21021.0,21021.0,0.0,5.0,5.0,0.0,exact_match,
2025-05-14,300665.XSHE,buy,7.39,7.39,0.0,2900,2900,0,21431.0,21431.0,0.0,5.0,5.0,0.0,exact_match,
2025-05-14,300736.XSHE,buy,9.59,9.59,0.0,2200,2200,0,21098.0,21098.0,0.0,5.0,5.0,0.0,exact_match,
2025-05-14,300929.XSHE,buy,9.56,9.56,0.0,2200,2200,0,21032.0,21032.0,0.0,5.0,5.0,0.0,exact_match,
2025-05-14,300948.XSHE,buy,9.9,9.9,0.0,2100,2100,0,20790.0,20790.0,0.0,5.0,5.0,0.0,exact_match,
2025-05-14,301372.XSHE,buy,20.4,20.4,0.0,1000,1000,0,20400.0,20400.0,0.0,5.0,5.0,0.0,exact_match,
2025-05-14,600768.XSHG,buy,10.57,10.57,0.0,2000,2000,0,21140.0,21140.0,0.0,5.0,5.0,0.0,exact_match,
2025-05-14,603729.XSHG,buy,15.53,15.53,0.0,1300,1300,0,20189.0,20189.0,0.0,5.0,5.0,0.0,exact_match,
2025-05-19,002193.XSHE,buy,5.66,5.66,0.0,3500,3500,0,19810.0,19810.0,0.0,5.0,5.0,0.0,exact_match,
2025-05-19,300405.XSHE,buy,5.22,5.22,0.0,4100,4100,0,21402.0,21402.0,0.0,5.0,5.0,0.0,exact_match,
2025-05-19,300635.XSHE,buy,10.11,10.11,0.0,2000,2000,0,20220.0,20220.0,0.0,5.0,5.0,0.0,exact_match,
2025-05-19,300665.XSHE,buy,7.49,7.49,0.0,2700,2700,0,20223.0,20223.0,0.0,5.0,5.0,0.0,exact_match,
2025-05-19,300736.XSHE,buy,9.64,9.64,0.0,2100,2100,0,20244.0,20244.0,0.0,5.0,5.0,0.0,exact_match,
2025-05-19,300929.XSHE,buy,9.75,9.75,0.0,2000,2000,0,19500.0,19500.0,0.0,5.0,5.0,0.0,exact_match,
2025-05-19,300948.XSHE,buy,9.87,9.87,0.0,2100,2100,0,20727.0,20727.0,0.0,5.0,5.0,0.0,exact_match,
2025-05-19,301372.XSHE,buy,20.79,20.79,0.0,900,900,0,18711.0,18711.0,0.0,5.0,5.0,0.0,exact_match,
2025-05-19,600768.XSHG,buy,10.75,10.75,0.0,1800,1900,100,19350.0,20425.0,1075.0,5.0,5.0,0.0,amount_diff,fill quantity difference
2025-05-19,603729.XSHG,buy,15.61,15.61,0.0,1300,1300,0,20293.0,20293.0,0.0,5.0,5.0,0.0,exact_match,
2025-05-22,002193.XSHE,buy,5.76,5.76,0.0,3500,3500,0,20160.0,20160.0,0.0,5.0,5.0,0.0,exact_match,
2025-05-22,300405.XSHE,buy,5.22,5.22,0.0,4200,4200,0,21924.0,21924.0,0.0,5.0,5.0,0.0,exact_match,
2025-05-22,300635.XSHE,buy,10.46,10.46,0.0,1800,1800,0,18828.0,18828.0,0.0,5.0,5.0,0.0,exact_match,
2025-05-22,300665.XSHE,buy,7.58,7.58,0.0,2700,2700,0,20466.0,20466.0,0.0,5.0,5.0,0.0,exact_match,
2025-05-22,300736.XSHE,buy,9.77,9.77,0.0,2100,2100,0,20517.0,20517.0,0.0,5.0,5.0,0.0,exact_match,
2025-05-22,300929.XSHE,buy,9.73,9.73,0.0,2300,2300,0,22379.0,22379.0,0.0,5.0,5.0,0.0,exact_match,
2025-05-22,300948.XSHE,buy,10.13,10.13,0.0,2000,2000,0,20260.0,20260.0,0.0,5.0,5.0,0.0,exact_match,
2025-05-22,301372.XSHE,buy,20.96,20.96,0.0,1000,1000,0,20960.0,20960.0,0.0,5.0,5.0,0.0,exact_match,
2025-05-22,600768.XSHG,buy,10.64,10.64,0.0,2200,2100,-100,23408.0,22344.0,-1064.0,5.0,5.0,0.0,amount_diff,fill quantity difference
2025-05-22,603729.XSHG,buy,16.0,16.0,0.0,1300,1300,0,20800.0,20800.0,0.0,5.0,5.0,0.0,exact_match,
2025-05-27,002193.XSHE,buy,5.64,5.64,0.0,200,200,0,1128.0,1128.0,0.0,5.0,5.0,0.0,exact_match,
2025-05-27,002719.XSHE,sell,8.75,8.75,0.0,0,2400,2400,0.0,21000.0,21000.0,26.0,5.0,-21.0,amount_diff,fill quantity difference
2025-05-27,300665.XSHE,buy,7.42,7.42,0.0,200,200,0,1484.0,1484.0,0.0,5.0,5.0,0.0,exact_match,
2025-05-27,603616.XSHG,sell,3.94,3.94,0.0,0,100,100,0.0,394.0,394.0,5.39,5.0,-0.3899999999999997,amount_diff,fill quantity difference
2025-05-27,603729.XSHG,buy,15.88,15.88,0.0,1300,1300,0,20644.0,20644.0,0.0,5.0,5.0,0.0,exact_match,
2025-05-30,002193.XSHE,buy,5.72,5.72,0.0,200,200,0,1144.0,1144.0,0.0,5.0,5.0,0.0,exact_match,
2025-05-30,300405.XSHE,buy,5.26,5.26,0.0,100,100,0,526.0,526.0,0.0,5.0,5.0,0.0,exact_match,
2025-05-30,600768.XSHG,buy,10.69,10.69,0.0,100,100,0,1069.0,1069.0,0.0,5.0,5.0,0.0,exact_match,
2025-05-30,603616.XSHG,sell,4.09,4.09,0.0,0,5300,5300,0.0,21677.0,21677.0,26.68,5.0,-21.68,amount_diff,fill quantity difference
2025-05-30,603729.XSHG,buy,16.21,16.21,0.0,1300,1300,0,21073.0,21073.0,0.0,5.0,5.0,0.0,exact_match,
2025-06-05,002193.XSHE,sell,5.84,5.84,0.0,0,200,200,0.0,1168.0,1168.0,6.17,5.0,-1.17,amount_diff,fill quantity difference
2025-06-05,300635.XSHE,buy,10.64,10.64,0.0,100,100,0,1064.0,1064.0,0.0,5.0,5.0,0.0,exact_match,
2025-06-05,300665.XSHE,buy,7.54,7.54,0.0,200,200,0,1508.0,1508.0,0.0,5.0,5.0,0.0,exact_match,
2025-06-05,300948.XSHE,buy,10.26,10.26,0.0,100,100,0,1026.0,1026.0,0.0,5.0,5.0,0.0,exact_match,
2025-06-05,301372.XSHE,sell,22.44,22.44,0.0,0,100,100,0.0,2244.0,2244.0,7.24,5.0,-2.24,amount_diff,fill quantity difference
2025-06-10,002193.XSHE,buy,5.89,5.89,0.0,200,200,0,1178.0,1178.0,0.0,5.0,5.0,0.0,exact_match,
2025-06-10,300405.XSHE,buy,5.41,5.41,0.0,100,100,0,541.0,541.0,0.0,5.0,5.0,0.0,exact_match,
2025-06-10,300736.XSHE,sell,10.51,10.51,0.0,0,100,100,0.0,1051.0,1051.0,6.05,5.0,-1.0499999999999998,amount_diff,fill quantity difference
2025-06-10,300929.XSHE,sell,10.34,10.34,0.0,0,100,100,0.0,1034.0,1034.0,6.03,5.0,-1.0300000000000002,amount_diff,fill quantity difference
2025-06-13,002193.XSHE,buy,5.85,5.85,0.0,100,100,0,585.0,585.0,0.0,5.0,5.0,0.0,exact_match,
2025-06-13,300635.XSHE,sell,11.09,11.09,0.0,0,100,100,0.0,1109.0,1109.0,6.11,5.0,-1.1100000000000003,amount_diff,fill quantity difference
2025-06-13,300736.XSHE,buy,10.29,10.29,0.0,100,100,0,1029.0,1029.0,0.0,5.0,5.0,0.0,exact_match,
2025-06-13,600847.XSHG,buy,10.15,10.15,0.0,2100,2100,0,21315.0,21315.0,0.0,5.0,5.0,0.0,exact_match,
2025-06-13,603729.XSHG,sell,16.96,16.96,0.0,0,1300,1300,0.0,22048.0,22048.0,27.05,5.0,-22.05,amount_diff,fill quantity difference
2025-06-18,002193.XSHE,buy,5.67,5.67,0.0,100,100,0,567.0,567.0,0.0,5.0,5.0,0.0,exact_match,
2025-06-18,002193.XSHE,buy,5.67,5.67,0.0,200,200,0,1134.0,1134.0,0.0,5.0,5.0,0.0,exact_match,
2025-06-18,002719.XSHE,buy,8.77,8.77,0.0,2400,2400,0,21048.0,21048.0,0.0,5.0,5.0,0.0,exact_match,
2025-06-18,300405.XSHE,buy,5.18,5.18,0.0,500,500,0,2590.0,2590.0,0.0,5.0,5.0,0.0,exact_match,
2025-06-18,300635.XSHE,sell,11.35,11.35,0.0,0,2300,2300,0.0,26105.0,26105.0,31.1,5.0,-26.1,amount_diff,fill quantity difference
2025-06-18,600847.XSHG,buy,10.03,10.03,0.0,2100,2100,0,21063.0,21063.0,0.0,5.0,5.0,0.0,exact_match,
2025-06-18,603729.XSHG,sell,16.49,16.49,0.0,0,1200,1200,0.0,19787.999999999996,19787.999999999996,24.79,5.0,-19.79,amount_diff,fill quantity difference
2025-06-23,002193.XSHE,buy,5.33,5.33,0.0,100,100,0,533.0,533.0,0.0,5.0,5.0,0.0,exact_match,
2025-06-23,002719.XSHE,buy,8.41,8.41,0.0,200,200,0,1682.0,1682.0,0.0,5.0,5.0,0.0,exact_match,
2025-06-23,300405.XSHE,sell,5.07,5.07,0.0,0,400,400,0.0,2028.0,2028.0,7.03,5.0,-2.0300000000000002,amount_diff,fill quantity difference
2025-06-26,002193.XSHE,sell,5.99,5.99,0.0,0,400,400,0.0,2396.0,2396.0,7.4,5.0,-2.4000000000000004,amount_diff,fill quantity difference
2025-06-26,002719.XSHE,buy,8.8,8.8,0.0,600,600,0,5280.0,5280.0,0.0,5.0,5.0,0.0,exact_match,
2025-06-26,300405.XSHE,sell,5.62,5.62,0.0,0,500,500,0.0,2810.0,2810.0,7.81,5.0,-2.8099999999999996,amount_diff,fill quantity difference
2025-06-26,300635.XSHE,sell,12.31,12.31,0.0,0,4000,4000,0.0,49240.0,49240.0,54.24,5.0,-49.24,amount_diff,fill quantity difference
2025-07-01,002193.XSHE,buy,6.06,6.06,0.0,300,300,0,1817.9999999999998,1817.9999999999998,0.0,5.0,5.0,0.0,exact_match,
2025-07-01,002719.XSHE,buy,9.06,9.06,0.0,6900,6900,0,62514.0,62514.0,0.0,6.25,6.25,0.0,exact_match,
2025-07-01,300405.XSHE,buy,5.74,5.74,0.0,200,200,0,1148.0,1148.0,0.0,5.0,5.0,0.0,exact_match,
2025-07-01,300635.XSHE,sell,12.59,12.59,0.0,0,1700,1700,0.0,21403.0,21403.0,26.4,5.0,-21.4,amount_diff,fill quantity difference
2025-07-01,300665.XSHE,sell,8.72,8.72,0.0,0,900,900,0.0,7848.000000000001,7848.000000000001,12.85,5.0,-7.85,amount_diff,fill quantity difference
2025-07-01,300736.XSHE,buy,10.66,10.66,0.0,100,100,0,1066.0,1066.0,0.0,5.0,5.0,0.0,exact_match,
2025-07-01,300929.XSHE,buy,10.57,10.57,0.0,200,200,0,2114.0,2114.0,0.0,5.0,5.0,0.0,exact_match,
2025-07-01,300948.XSHE,buy,10.89,10.89,0.0,100,100,0,1089.0,1089.0,0.0,5.0,5.0,0.0,exact_match,
2025-07-01,301372.XSHE,buy,22.78,22.78,0.0,200,200,0,4556.0,4556.0,0.0,5.0,5.0,0.0,exact_match,
2025-07-01,600768.XSHG,buy,11.48,11.48,0.0,100,100,0,1148.0,1148.0,0.0,5.0,5.0,0.0,exact_match,
2025-07-02,300665.XSHE,sell,9.88,9.87,-0.010000000000001563,0,1300,1300,0.0,12830.999999999998,12830.999999999998,17.84,5.0,-12.84,price_and_amount_diff,price and amount both differ
2025-07-04,002193.XSHE,buy,6.09,6.09,0.0,300,300,0,1827.0,1827.0,0.0,5.0,5.0,0.0,exact_match,
2025-07-04,002719.XSHE,buy,9.14,9.14,0.0,2200,2200,0,20108.0,20108.0,0.0,5.0,5.0,0.0,exact_match,
2025-07-04,300405.XSHE,sell,6.0,6.0,0.0,0,400,400,0.0,2400.0,2400.0,7.4,5.0,-2.4000000000000004,amount_diff,fill quantity difference
2025-07-04,300635.XSHE,sell,12.05,12.05,0.0,0,1900,1900,0.0,22895.0,22895.0,27.9,5.0,-22.9,amount_diff,fill quantity difference
2025-07-04,300665.XSHE,sell,8.89,8.89,0.0,0,1300,1300,0.0,11557.0,11557.0,16.56,5.0,-11.559999999999999,amount_diff,fill quantity difference
2025-07-04,300736.XSHE,buy,10.69,10.69,0.0,200,200,0,2138.0,2138.0,0.0,5.0,5.0,0.0,exact_match,
2025-07-04,300929.XSHE,buy,10.66,10.66,0.0,100,100,0,1066.0,1066.0,0.0,5.0,5.0,0.0,exact_match,
2025-07-04,300948.XSHE,buy,10.94,10.94,0.0,200,200,0,2188.0,2188.0,0.0,5.0,5.0,0.0,exact_match,
2025-07-04,600768.XSHG,buy,11.53,11.53,0.0,100,100,0,1153.0,1153.0,0.0,5.0,5.0,0.0,exact_match,
2025-07-04,600847.XSHG,sell,12.5,12.5,0.0,0,2300,2300,0.0,28750.0,28750.0,33.75,5.0,-28.75,amount_diff,fill quantity difference
2025-07-04,603729.XSHG,buy,17.15,17.15,0.0,1400,1400,0,24009.999999999996,24009.999999999996,0.0,5.0,5.0,0.0,exact_match,
2025-07-09,001211.XSHE,buy,23.23,23.23,0.0,2000,2000,0,46460.0,46460.0,0.0,5.0,5.0,0.0,exact_match,
2025-07-09,002719.XSHE,buy,9.17,9.17,0.0,500,500,0,4585.0,4585.0,0.0,5.0,5.0,0.0,exact_match,
2025-07-09,300405.XSHE,buy,5.9,5.9,0.0,300,300,0,1770.0,1770.0,0.0,5.0,5.0,0.0,exact_match,
2025-07-09,300665.XSHE,sell,9.16,9.16,0.0,0,2800,2800,0.0,25648.0,25648.0,30.65,5.0,-25.65,amount_diff,fill quantity difference
2025-07-09,300948.XSHE,sell,11.13,11.13,0.0,0,100,100,0.0,1113.0,1113.0,6.11,5.0,-1.1100000000000003,amount_diff,fill quantity difference
2025-07-09,600847.XSHG,sell,11.29,11.29,0.0,0,1900,1900,0.0,21451.0,21451.0,26.45,5.0,-21.45,amount_diff,fill quantity difference
2025-07-09,603729.XSHG,buy,17.42,17.42,0.0,1300,1300,0,22646.000000000004,22646.000000000004,0.0,5.0,5.0,0.0,exact_match,
2025-07-14,000890.XSHE,buy,3.92,3.92,0.0,5900,5900,0,23128.0,23128.0,0.0,5.0,5.0,0.0,exact_match,
2025-07-14,002193.XSHE,sell,6.15,6.15,0.0,0,100,100,0.0,615.0,615.0,5.62,5.0,-0.6200000000000001,amount_diff,fill quantity difference
2025-07-14,002719.XSHE,buy,9.06,9.06,0.0,100,100,0,906.0,906.0,0.0,5.0,5.0,0.0,exact_match,
2025-07-14,300405.XSHE,sell,5.86,5.86,0.0,0,3800,3800,0.0,22268.0,22268.0,27.27,5.0,-22.27,amount_diff,fill quantity difference
2025-07-14,300665.XSHE,sell,9.13,9.13,0.0,0,2600,2600,0.0,23738.000000000004,23738.000000000004,28.74,5.0,-23.74,amount_diff,fill quantity difference
2025-07-14,300929.XSHE,buy,10.65,10.65,0.0,100,100,0,1065.0,1065.0,0.0,5.0,5.0,0.0,exact_match,
2025-07-14,300948.XSHE,buy,10.92,10.92,0.0,100,100,0,1092.0,1092.0,0.0,5.0,5.0,0.0,exact_match,
2025-07-14,600671.XSHG,buy,13.65,13.65,0.0,1700,1700,0,23205.0,23205.0,0.0,5.0,5.0,0.0,exact_match,
2025-07-14,600768.XSHG,sell,11.99,11.99,0.0,0,300,300,0.0,3597.0,3597.0,8.6,5.0,-3.5999999999999996,amount_diff,fill quantity difference
2025-07-14,603729.XSHG,buy,17.12,17.12,0.0,100,100,0,1712.0,1712.0,0.0,5.0,5.0,0.0,exact_match,
2025-07-17,000890.XSHE,sell,4.22,4.22,0.0,0,300,300,0.0,1266.0,1266.0,6.27,5.0,-1.2699999999999996,amount_diff,fill quantity difference
2025-07-17,001211.XSHE,buy,23.0,23.0,0.0,1000,1000,0,23000.0,23000.0,0.0,5.0,5.0,0.0,exact_match,
2025-07-17,002193.XSHE,sell,6.2,6.2,0.0,0,100,100,0.0,620.0,620.0,5.62,5.0,-0.6200000000000001,amount_diff,fill quantity difference
2025-07-17,300665.XSHE,sell,8.82,8.82,0.0,0,2500,2500,0.0,22050.0,22050.0,27.05,5.0,-22.05,amount_diff,fill quantity difference
2025-07-22,000890.XSHE,buy,4.1,4.1,0.0,300,300,0,1230.0,1230.0,0.0,5.0,5.0,0.0,exact_match,
2025-07-22,001211.XSHE,buy,23.54,23.54,0.0,1100,1100,0,25894.0,25894.0,0.0,5.0,5.0,0.0,exact_match,
2025-07-22,002193.XSHE,buy,6.29,6.29,0.0,500,500,0,3145.0,3145.0,0.0,5.0,5.0,0.0,exact_match,
2025-07-22,002719.XSHE,buy,9.36,9.36,0.0,200,200,0,1872.0,1872.0,0.0,5.0,5.0,0.0,exact_match,
2025-07-22,300405.XSHE,sell,6.96,6.96,0.0,0,5500,5500,0.0,38280.0,38280.0,43.28,5.0,-38.28,amount_diff,fill quantity difference
2025-07-22,300665.XSHE,sell,10.4,10.4,0.0,0,2700,2700,0.0,28080.0,28080.0,33.08,5.0,-28.08,amount_diff,fill quantity difference
2025-07-22,300736.XSHE,buy,10.95,10.95,0.0,100,100,0,1095.0,1095.0,0.0,5.0,5.0,0.0,exact_match,
2025-07-22,300736.XSHE,buy,10.95,10.95,0.0,200,200,0,2190.0,2190.0,0.0,5.0,5.0,0.0,exact_match,
2025-07-22,300929.XSHE,buy,11.0,11.0,0.0,100,100,0,1100.0,1100.0,0.0,5.0,5.0,0.0,exact_match,
2025-07-22,300948.XSHE,sell,12.01,12.01,0.0,0,400,400,0.0,4804.0,4804.0,9.8,5.0,-4.800000000000001,amount_diff,fill quantity difference
2025-07-22,600768.XSHG,buy,12.4,12.4,0.0,100,100,0,1240.0,1240.0,0.0,5.0,5.0,0.0,exact_match,
2025-07-22,603709.XSHG,buy,13.53,13.53,0.0,1800,1800,0,24354.0,24354.0,0.0,5.0,5.0,0.0,exact_match,
2025-07-22,603729.XSHG,buy,17.26,17.26,0.0,300,300,0,5178.000000000001,5178.000000000001,0.0,5.0,5.0,0.0,exact_match,
2025-07-25,000890.XSHE,buy,4.05,4.05,0.0,100,100,0,405.0,405.0,0.0,5.0,5.0,0.0,exact_match,
2025-07-25,002193.XSHE,sell,6.39,6.39,0.0,0,200,200,0.0,1278.0,1278.0,6.28,5.0,-1.2800000000000002,amount_diff,fill quantity difference
2025-07-25,002719.XSHE,sell,9.47,9.47,0.0,0,100,100,0.0,947.0000000000001,947.0000000000001,5.95,5.0,-0.9500000000000002,amount_diff,fill quantity difference
2025-07-25,300405.XSHE,sell,6.71,6.71,0.0,0,3200,3200,0.0,21472.0,21472.0,26.47,5.0,-21.47,amount_diff,fill quantity difference
2025-07-25,300736.XSHE,sell,11.13,11.13,0.0,0,100,100,0.0,1113.0,1113.0,6.11,5.0,-1.1100000000000003,amount_diff,fill quantity difference
2025-07-25,300948.XSHE,buy,11.54,11.54,0.0,300,300,0,3461.9999999999995,3461.9999999999995,0.0,5.0,5.0,0.0,exact_match,
2025-07-25,301372.XSHE,buy,23.8,23.8,0.0,100,100,0,2380.0,2380.0,0.0,5.0,5.0,0.0,exact_match,
2025-07-25,600768.XSHG,sell,12.64,12.64,0.0,0,100,100,0.0,1264.0,1264.0,6.26,5.0,-1.2599999999999998,amount_diff,fill quantity difference
2025-07-25,603709.XSHG,buy,13.54,13.54,0.0,1800,1800,0,24372.0,24372.0,0.0,5.0,5.0,0.0,exact_match,
2025-07-30,000890.XSHE,buy,3.97,3.97,0.0,6600,6600,0,26202.0,26202.0,0.0,5.0,5.0,0.0,exact_match,
2025-07-30,001211.XSHE,sell,23.86,23.86,0.0,0,900,900,0.0,21474.0,21474.0,26.47,5.0,-21.47,amount_diff,fill quantity difference
2025-07-30,002719.XSHE,buy,9.24,9.24,0.0,600,600,0,5544.0,5544.0,0.0,5.0,5.0,0.0,exact_match,
2025-07-30,300163.XSHE,buy,3.36,3.36,0.0,100,100,0,336.0,336.0,0.0,5.0,5.0,0.0,exact_match,
2025-07-30,300405.XSHE,sell,6.49,6.49,0.0,0,3500,3500,0.0,22715.0,22715.0,27.72,5.0,-22.72,amount_diff,fill quantity difference
2025-07-30,301372.XSHE,sell,30.04,30.02,-0.019999999999999574,0,1700,1700,0.0,51034.0,51034.0,56.17,5.1,-51.07,price_and_amount_diff,price and amount both differ
2025-07-30,603709.XSHG,buy,13.58,13.58,0.0,900,900,0,12222.0,12222.0,0.0,5.0,5.0,0.0,exact_match,
2025-08-04,000890.XSHE,buy,3.92,3.92,0.0,200,200,0,784.0,784.0,0.0,5.0,5.0,0.0,exact_match,
2025-08-04,002193.XSHE,buy,6.29,6.29,0.0,600,600,0,3774.0,3774.0,0.0,5.0,5.0,0.0,exact_match,
2025-08-04,002719.XSHE,sell,9.47,9.47,0.0,0,300,300,0.0,2841.0,2841.0,7.84,5.0,-2.84,amount_diff,fill quantity difference
2025-08-04,300163.XSHE,buy,3.33,3.33,0.0,14500,14500,0,48285.0,48285.0,0.0,5.0,5.0,0.0,exact_match,
2025-08-04,300948.XSHE,buy,11.65,11.65,0.0,100,100,0,1165.0,1165.0,0.0,5.0,5.0,0.0,exact_match,
2025-08-04,301372.XSHE,sell,27.15,27.15,0.0,0,600,600,0.0,16290.0,16290.0,21.29,5.0,-16.29,amount_diff,fill quantity difference
2025-08-04,600671.XSHG,sell,15.53,15.53,0.0,0,1700,1700,0.0,26401.0,26401.0,31.4,5.0,-26.4,amount_diff,fill quantity difference
2025-08-04,600768.XSHG,buy,12.43,12.43,0.0,300,300,0,3729.0,3729.0,0.0,5.0,5.0,0.0,exact_match,
2025-08-04,603709.XSHG,buy,13.71,13.71,0.0,900,900,0,12339.0,12339.0,0.0,5.0,5.0,0.0,exact_match,
2025-08-07,000890.XSHE,sell,4.37,4.36,-0.009999999999999787,0,900,900,0.0,3924.0000000000005,3924.0000000000005,9.37,5.0,-4.369999999999999,price_and_amount_diff,price and amount both differ
2025-08-07,002719.XSHE,buy,9.66,9.66,0.0,100,100,0,966.0,966.0,0.0,5.0,5.0,0.0,exact_match,
2025-08-07,300163.XSHE,buy,3.38,3.38,0.0,8400,8400,0,28392.0,28392.0,0.0,5.0,5.0,0.0,exact_match,
2025-08-07,300405.XSHE,sell,6.38,6.38,0.0,0,3900,3900,0.0,24882.0,24882.0,29.88,5.0,-24.88,amount_diff,fill quantity difference
2025-08-07,300736.XSHE,sell,12.0,12.0,0.0,0,200,200,0.0,2400.0,2400.0,7.4,5.0,-2.4000000000000004,amount_diff,fill quantity difference
2025-08-07,300854.XSHE,buy,17.95,17.95,0.0,2500,2500,0,44875.0,44875.0,0.0,5.0,5.0,0.0,exact_match,
2025-08-07,300929.XSHE,sell,11.8,11.8,0.0,0,100,100,0.0,1180.0,1180.0,6.18,5.0,-1.1799999999999997,amount_diff,fill quantity difference
2025-08-07,300948.XSHE,buy,11.9,11.9,0.0,100,100,0,1190.0,1190.0,0.0,5.0,5.0,0.0,exact_match,
2025-08-07,301372.XSHE,sell,26.9,26.9,0.0,0,800,800,0.0,21520.0,21520.0,26.52,5.0,-21.52,amount_diff,fill quantity difference
2025-08-07,600768.XSHG,sell,13.07,13.07,0.0,0,100,100,0.0,1307.0,1307.0,6.31,5.0,-1.3099999999999996,amount_diff,fill quantity difference
2025-08-07,603729.XSHG,buy,17.88,17.88,0.0,100,100,0,1788.0,1788.0,0.0,5.0,5.0,0.0,exact_match,
2025-08-12,000890.XSHE,sell,4.56,4.56,0.0,0,300,300,0.0,1367.9999999999998,1367.9999999999998,5.91,5.0,-0.9100000000000001,amount_diff,fill quantity difference
2025-08-12,002193.XSHE,buy,6.45,6.45,0.0,500,500,0,3225.0,3225.0,0.0,5.0,5.0,0.0,exact_match,
2025-08-12,002719.XSHE,sell,10.13,10.13,0.0,0,300,300,0.0,3039.0000000000005,3039.0000000000005,8.04,5.0,-3.039999999999999,amount_diff,fill quantity difference
2025-08-12,300163.XSHE,buy,3.39,3.39,0.0,8100,8100,0,27459.0,27459.0,0.0,5.0,5.0,0.0,exact_match,
2025-08-12,300854.XSHE,buy,17.51,17.51,0.0,1900,1900,0,33269.0,33269.0,0.0,5.0,5.0,0.0,exact_match,
2025-08-12,301372.XSHE,sell,27.85,27.85,0.0,0,1000,1000,0.0,27850.0,27850.0,32.85,5.0,-27.85,amount_diff,fill quantity difference
2025-08-12,603709.XSHG,sell,15.31,15.31,0.0,0,1900,1900,0.0,29089.0,29089.0,34.09,5.0,-29.090000000000003,amount_diff,fill quantity difference
2025-08-12,603729.XSHG,buy,17.98,17.98,0.0,100,100,0,1798.0,1798.0,0.0,5.0,5.0,0.0,exact_match,
2025-08-15,000890.XSHE,buy,4.25,4.25,0.0,300,300,0,1275.0,1275.0,0.0,5.0,5.0,0.0,exact_match,
2025-08-15,001211.XSHE,sell,24.32,24.32,0.0,0,1100,1100,0.0,26752.0,26752.0,31.75,5.0,-26.75,amount_diff,fill quantity difference
2025-08-15,002193.XSHE,buy,6.12,6.12,0.0,200,200,0,1224.0,1224.0,0.0,5.0,5.0,0.0,exact_match,
2025-08-15,300163.XSHE,buy,3.22,3.22,0.0,8200,8100,-100,26404.0,26082.0,-322.0,5.0,5.0,0.0,amount_diff,fill quantity difference
2025-08-15,300736.XSHE,sell,11.9,11.9,0.0,0,200,200,0.0,2380.0,2380.0,7.38,5.0,-2.38,amount_diff,fill quantity difference
2025-08-15,300854.XSHE,buy,16.63,16.63,0.0,1600,1600,0,26608.0,26608.0,0.0,5.0,5.0,0.0,exact_match,
2025-08-15,300948.XSHE,buy,11.49,11.49,0.0,200,200,0,2298.0,2298.0,0.0,5.0,5.0,0.0,exact_match,
2025-08-15,301372.XSHE,sell,26.45,26.45,0.0,0,1000,1000,0.0,26450.0,26450.0,31.45,5.0,-26.45,amount_diff,fill quantity difference
2025-08-15,600847.XSHG,buy,11.39,11.39,0.0,2200,2200,0,25058.0,25058.0,0.0,5.0,5.0,0.0,exact_match,
2025-08-15,603709.XSHG,sell,15.47,15.47,0.0,0,1800,1800,0.0,27846.0,27846.0,32.85,5.0,-27.85,amount_diff,fill quantity difference
2025-08-20,000890.XSHE,sell,4.33,4.33,0.0,0,5700,5700,0.0,24681.0,24681.0,29.68,5.0,-24.68,amount_diff,fill quantity difference
2025-08-20,002719.XSHE,buy,10.02,,,100,,,1002.0,,,5.0,,,missing_in_local,no matching local trade
2025-08-20,300163.XSHE,sell,3.39,3.39,0.0,0,100,100,0.0,339.0,339.0,5.68,5.0,-0.6799999999999997,amount_diff,fill quantity difference
2025-08-20,300736.XSHE,buy,12.16,12.16,0.0,100,100,0,1216.0,1216.0,0.0,5.0,5.0,0.0,exact_match,
2025-08-20,300854.XSHE,sell,18.6,18.6,0.0,0,300,300,0.0,5580.0,5580.0,10.58,5.0,-5.58,amount_diff,fill quantity difference
2025-08-20,300929.XSHE,buy,11.8,11.8,0.0,200,200,0,2360.0,2360.0,0.0,5.0,5.0,0.0,exact_match,
2025-08-20,300948.XSHE,sell,12.54,12.54,0.0,0,400,400,0.0,5016.0,5016.0,10.02,5.0,-5.02,amount_diff,fill quantity difference
2025-08-20,600455.XSHG,buy,28.2,28.2,0.0,900,900,0,25380.0,25380.0,0.0,5.0,5.0,0.0,exact_match,
2025-08-20,600768.XSHG,buy,12.87,12.87,0.0,200,200,0,2574.0,2574.0,0.0,5.0,5.0,0.0,exact_match,
2025-08-20,600847.XSHG,buy,11.63,11.63,0.0,2300,2300,0,26749.0,26749.0,0.0,5.0,5.0,0.0,exact_match,
2025-08-20,603709.XSHG,sell,14.6,14.6,0.0,0,1700,1700,0.0,24820.0,24820.0,29.82,5.0,-24.82,amount_diff,fill quantity difference
2025-08-25,000890.XSHE,buy,4.2,4.2,0.0,100,100,0,420.0,420.0,0.0,5.0,5.0,0.0,exact_match,
2025-08-25,002193.XSHE,buy,6.32,6.32,0.0,100,200,100,632.0,1264.0,632.0,5.0,5.0,0.0,amount_diff,fill quantity difference
2025-08-25,002193.XSHE,buy,6.32,6.32,0.0,300,200,-100,1896.0,1264.0,-632.0,5.0,5.0,0.0,amount_diff,fill quantity difference
2025-08-25,002719.XSHE,buy,9.92,9.92,0.0,100,200,100,992.0,1984.0,992.0,5.0,5.0,0.0,amount_diff,fill quantity difference
2025-08-25,300163.XSHE,sell,3.44,3.44,0.0,0,400,400,0.0,1376.0,1376.0,6.38,5.0,-1.38,amount_diff,fill quantity difference
2025-08-25,300854.XSHE,sell,20.45,20.45,0.0,0,1800,1800,0.0,36810.0,36810.0,41.81,5.0,-36.81,amount_diff,fill quantity difference
2025-08-25,300929.XSHE,buy,11.73,11.73,0.0,100,100,0,1173.0,1173.0,0.0,5.0,5.0,0.0,exact_match,
2025-08-25,300948.XSHE,buy,12.1,12.1,0.0,300,300,0,3630.0,3630.0,0.0,5.0,5.0,0.0,exact_match,
2025-08-25,600455.XSHG,buy,28.5,28.5,0.0,900,900,0,25650.0,25650.0,0.0,5.0,5.0,0.0,exact_match,
2025-08-28,000890.XSHE,buy,4.02,4.02,0.0,6500,6500,0,26129.999999999996,26129.999999999996,0.0,5.0,5.0,0.0,exact_match,
2025-08-28,001211.XSHE,sell,24.54,24.54,0.0,0,1000,1000,0.0,24540.0,24540.0,29.54,5.0,-24.54,amount_diff,fill quantity difference
2025-08-28,002193.XSHE,buy,6.07,6.07,0.0,300,300,0,1821.0,1821.0,0.0,5.0,5.0,0.0,exact_match,
2025-08-28,300163.XSHE,sell,3.41,3.41,0.0,0,700,700,0.0,2387.0,2387.0,7.39,5.0,-2.3899999999999997,amount_diff,fill quantity difference
2025-08-28,300736.XSHE,sell,13.0,13.0,0.0,0,800,800,0.0,10400.0,10400.0,15.4,5.0,-10.4,amount_diff,fill quantity difference
2025-08-28,300854.XSHE,sell,19.7,19.7,0.0,0,1200,1200,0.0,23640.0,23640.0,28.64,5.0,-23.64,amount_diff,fill quantity difference
2025-08-28,300929.XSHE,buy,10.96,10.96,0.0,500,500,0,5480.0,5480.0,0.0,5.0,5.0,0.0,exact_match,
2025-08-28,300948.XSHE,buy,11.66,11.66,0.0,200,200,0,2332.0,2332.0,0.0,5.0,5.0,0.0,exact_match,
2025-08-28,600768.XSHG,buy,12.52,12.52,0.0,100,100,0,1252.0,1252.0,0.0,5.0,5.0,0.0,exact_match,
2025-08-28,600847.XSHG,buy,11.02,11.02,0.0,2500,2500,0,27550.0,27550.0,0.0,5.0,5.0,0.0,exact_match,
2025-09-02,000890.XSHE,buy,4.01,4.01,0.0,6400,6400,0,25664.0,25664.0,0.0,5.0,5.0,0.0,exact_match,
2025-09-02,001211.XSHE,sell,26.12,26.12,0.0,0,1100,1100,0.0,28732.0,28732.0,33.73,5.0,-28.729999999999997,amount_diff,fill quantity difference
2025-09-02,002193.XSHE,buy,5.9,5.9,0.0,300,300,0,1770.0,1770.0,0.0,5.0,5.0,0.0,exact_match,
2025-09-02,002193.XSHE,buy,5.9,5.9,0.0,200,200,0,1180.0,1180.0,0.0,5.0,5.0,0.0,exact_match,
2025-09-02,002719.XSHE,sell,9.6,9.6,0.0,0,2500,2500,0.0,24000.0,24000.0,29.0,5.0,-24.0,amount_diff,fill quantity difference
2025-09-02,300163.XSHE,sell,3.52,3.52,0.0,0,8700,8700,0.0,30624.0,30624.0,35.62,5.0,-30.619999999999997,amount_diff,fill quantity difference
2025-09-02,300594.XSHE,buy,17.88,17.88,0.0,1400,1400,0,25032.0,25032.0,0.0,5.0,5.0,0.0,exact_match,
2025-09-02,300854.XSHE,sell,21.4,21.4,0.0,0,1400,1400,0.0,29959.999999999996,29959.999999999996,34.96,5.0,-29.96,amount_diff,fill quantity difference
2025-09-02,300948.XSHE,buy,11.29,11.29,0.0,300,200,-100,3386.9999999999995,2258.0,-1128.9999999999995,5.0,5.0,0.0,amount_diff,fill quantity difference
2025-09-02,301098.XSHE,buy,9.09,9.09,0.0,2800,2800,0,25452.0,25452.0,0.0,5.0,5.0,0.0,exact_match,
2025-09-02,600455.XSHG,buy,26.8,26.8,0.0,100,100,0,2680.0,2680.0,0.0,5.0,5.0,0.0,exact_match,
2025-09-02,600847.XSHG,buy,10.95,10.95,0.0,2400,2400,0,26280.0,26280.0,0.0,5.0,5.0,0.0,exact_match,
2025-09-02,603729.XSHG,buy,17.11,17.11,0.0,200,200,0,3422.0,3422.0,0.0,5.0,5.0,0.0,exact_match,
2025-09-05,000890.XSHE,sell,4.03,4.03,0.0,0,300,300,0.0,1209.0,1209.0,6.21,5.0,-1.21,amount_diff,fill quantity difference
2025-09-05,002193.XSHE,sell,5.88,5.88,0.0,0,300,300,0.0,1764.0,1764.0,6.76,5.0,-1.7599999999999998,amount_diff,fill quantity difference
2025-09-05,300163.XSHE,buy,3.4,3.4,0.0,400,400,0,1360.0,1360.0,0.0,5.0,5.0,0.0,exact_match,
2025-09-05,300594.XSHE,buy,17.49,17.49,0.0,1400,1400,0,24485.999999999996,24485.999999999996,0.0,5.0,5.0,0.0,exact_match,
2025-09-05,300736.XSHE,buy,12.35,12.35,0.0,200,200,0,2470.0,2470.0,0.0,5.0,5.0,0.0,exact_match,
2025-09-05,300854.XSHE,sell,19.81,19.81,0.0,0,1300,1300,0.0,25753.0,25753.0,30.75,5.0,-25.75,amount_diff,fill quantity difference
2025-09-05,301098.XSHE,buy,9.05,9.05,0.0,2700,2700,0,24435.000000000004,24435.000000000004,0.0,5.0,5.0,0.0,exact_match,
2025-09-05,600768.XSHG,buy,12.1,12.1,0.0,100,100,0,1210.0,1210.0,0.0,5.0,5.0,0.0,exact_match,
2025-09-05,600847.XSHG,sell,10.9,10.9,0.0,0,2400,2400,0.0,26160.0,26160.0,31.16,5.0,-26.16,amount_diff,fill quantity difference
2025-09-10,000890.XSHE,buy,4.08,4.08,0.0,100,200,100,408.0,816.0,408.0,5.0,5.0,0.0,amount_diff,fill quantity difference
2025-09-10,002193.XSHE,buy,6.01,6.01,0.0,100,100,0,601.0,601.0,0.0,5.0,5.0,0.0,exact_match,
2025-09-10,300163.XSHE,sell,3.53,3.53,0.0,0,200,200,0.0,706.0,706.0,5.71,5.0,-0.71,amount_diff,fill quantity difference
2025-09-10,300594.XSHE,buy,17.72,17.72,0.0,1600,1500,-100,28352.0,26580.0,-1772.0,5.0,5.0,0.0,amount_diff,fill quantity difference
2025-09-10,301098.XSHE,buy,9.13,9.13,0.0,2800,3000,200,25564.000000000004,27390.000000000004,1826.0,5.0,5.0,0.0,amount_diff,fill quantity difference
2025-09-10,600455.XSHG,sell,27.1,27.1,0.0,0,900,900,0.0,24390.0,24390.0,29.39,5.0,-24.39,amount_diff,fill quantity difference
2025-09-10,600847.XSHG,sell,11.57,11.57,0.0,0,2500,2500,0.0,28925.0,28925.0,33.92,5.0,-28.92,amount_diff,fill quantity difference
2025-09-15,000890.XSHE,sell,4.17,4.17,0.0,0,6600,6600,0.0,27522.0,27522.0,32.11,5.0,-27.11,amount_diff,fill quantity difference
2025-09-15,002193.XSHE,buy,5.96,5.96,0.0,100,100,0,596.0,596.0,0.0,5.0,5.0,0.0,exact_match,
2025-09-15,300163.XSHE,sell,3.54,3.54,0.0,0,100,100,0.0,354.0,354.0,5.35,5.0,-0.34999999999999964,amount_diff,fill quantity difference
2025-09-15,300594.XSHE,buy,18.04,18.04,0.0,1300,1400,100,23452.0,25256.0,1804.0,5.0,5.0,0.0,amount_diff,fill quantity difference
2025-09-15,300736.XSHE,buy,12.53,12.53,0.0,100,100,0,1253.0,1253.0,0.0,5.0,5.0,0.0,exact_match,
2025-09-15,300948.XSHE,buy,,11.38,,,100,,,1138.0,,,5.0,,missing_in_jq,extra local trade not in JQ
2025-09-15,301098.XSHE,buy,9.03,9.03,0.0,3200,2900,-300,28895.999999999996,26186.999999999996,-2709.0,5.0,5.0,0.0,amount_diff,fill quantity difference
2025-09-15,600455.XSHG,sell,27.05,27.05,0.0,0,1000,1000,0.0,27050.0,27050.0,32.05,5.0,-27.049999999999997,amount_diff,fill quantity difference
2025-09-18,000890.XSHE,sell,4.25,4.25,0.0,0,6100,6100,0.0,25925.0,25925.0,30.92,5.0,-25.92,amount_diff,fill quantity difference
2025-09-18,002193.XSHE,buy,6.0,6.0,0.0,600,600,0,3600.0,3600.0,0.0,5.0,5.0,0.0,exact_match,
2025-09-18,002719.XSHE,buy,9.51,9.51,0.0,400,400,0,3804.0,3804.0,0.0,5.0,5.0,0.0,exact_match,
2025-09-18,300163.XSHE,sell,3.73,3.73,0.0,0,600,600,0.0,2238.0,2238.0,7.24,5.0,-2.24,amount_diff,fill quantity difference
2025-09-18,300594.XSHE,buy,18.47,18.47,0.0,1500,1500,0,27705.0,27705.0,0.0,5.0,5.0,0.0,exact_match,
2025-09-18,300736.XSHE,sell,15.36,15.36,0.0,0,3300,3300,0.0,50688.0,50688.0,55.76,5.07,-50.69,amount_diff,fill quantity difference
2025-09-18,300929.XSHE,buy,11.09,11.09,0.0,300,300,0,3327.0,3327.0,0.0,5.0,5.0,0.0,exact_match,
2025-09-18,300948.XSHE,buy,11.62,11.62,0.0,100,100,0,1162.0,1162.0,0.0,5.0,5.0,0.0,exact_match,
2025-09-18,301098.XSHE,buy,9.17,9.17,0.0,3100,3200,100,28427.0,29344.0,917.0,5.0,5.0,0.0,amount_diff,fill quantity difference
2025-09-18,600455.XSHG,buy,27.3,27.3,0.0,900,900,0,24570.0,24570.0,0.0,5.0,5.0,0.0,exact_match,
2025-09-18,600768.XSHG,buy,12.58,12.58,0.0,200,200,0,2516.0,2516.0,0.0,5.0,5.0,0.0,exact_match,
2025-09-18,600847.XSHG,sell,11.53,11.53,0.0,0,2100,2100,0.0,24213.0,24213.0,29.21,5.0,-24.21,amount_diff,fill quantity difference
2025-09-18,603729.XSHG,buy,17.5,17.5,0.0,100,100,0,1750.0,1750.0,0.0,5.0,5.0,0.0,exact_match,
2025-09-23,000890.XSHE,sell,4.35,4.35,0.0,0,6400,6400,0.0,27839.999999999996,27839.999999999996,32.84,5.0,-27.840000000000003,amount_diff,fill quantity difference
2025-09-23,002193.XSHE,buy,5.6,5.6,0.0,200,200,0,1120.0,1120.0,0.0,5.0,5.0,0.0,exact_match,
2025-09-23,002719.XSHE,buy,8.77,8.77,0.0,2900,2900,0,25433.0,25433.0,0.0,5.0,5.0,0.0,exact_match,
2025-09-23,002719.XSHE,buy,8.77,8.77,0.0,300,300,0,2631.0,2631.0,0.0,5.0,5.0,0.0,exact_match,
2025-09-23,300163.XSHE,buy,3.44,3.44,0.0,7900,7900,0,27176.0,27176.0,0.0,5.0,5.0,0.0,exact_match,
2025-09-23,300405.XSHE,buy,5.87,,,100,,,587.0,,,5.0,,,missing_in_local,no matching local trade
2025-09-23,300594.XSHE,sell,17.87,17.87,0.0,0,100,100,0.0,1787.0,1787.0,6.79,5.0,-1.79,amount_diff,fill quantity difference
2025-09-23,300736.XSHE,sell,13.84,13.84,0.0,0,1500,1500,0.0,20760.0,20760.0,25.76,5.0,-20.76,amount_diff,fill quantity difference
2025-09-23,600455.XSHG,buy,26.34,26.34,0.0,1000,1000,0,26340.0,26340.0,0.0,5.0,5.0,0.0,exact_match,
2025-09-23,600847.XSHG,sell,11.03,11.03,0.0,0,2400,2400,0.0,26472.0,26472.0,31.47,5.0,-26.47,amount_diff,fill quantity difference
2025-09-26,002193.XSHE,sell,5.75,5.75,0.0,0,500,500,0.0,2875.0,2875.0,7.88,5.0,-2.88,amount_diff,fill quantity difference
2025-09-26,002719.XSHE,sell,8.87,8.87,0.0,0,100,100,0.0,886.9999999999999,886.9999999999999,5.89,5.0,-0.8899999999999997,amount_diff,fill quantity difference
2025-09-26,300163.XSHE,buy,3.32,3.32,0.0,1300,1300,0,4316.0,4316.0,0.0,5.0,5.0,0.0,exact_match,
2025-09-26,300405.XSHE,buy,6.07,6.07,0.0,100,200,100,607.0,1214.0,607.0,5.0,5.0,0.0,amount_diff,fill quantity difference
2025-09-26,603729.XSHG,sell,16.9,16.9,0.0,0,100,100,0.0,1689.9999999999998,1689.9999999999998,6.69,5.0,-1.6900000000000004,amount_diff,fill quantity difference
2025-10-09,002193.XSHE,buy,5.86,5.86,0.0,1800,1800,0,10548.0,10548.0,0.0,5.0,5.0,0.0,exact_match,
2025-10-09,300163.XSHE,buy,3.61,,,200,,,722.0,,,5.0,,,missing_in_local,no matching local trade
2025-10-09,300736.XSHE,sell,13.39,13.39,0.0,0,1300,1300,0.0,17407.0,17407.0,22.41,5.0,-17.41,amount_diff,fill quantity difference
2025-10-09,300929.XSHE,buy,10.93,10.93,0.0,600,600,0,6558.0,6558.0,0.0,5.0,5.0,0.0,exact_match,
2025-10-10,300948.XSHE,sell,22.74,22.74,0.0,0,8900,8900,0.0,202386.0,202386.0,222.62,20.24,-202.38,amount_diff,fill quantity difference
2025-10-14,002193.XSHE,buy,5.8,5.8,0.0,800,800,0,4640.0,4640.0,0.0,5.0,5.0,0.0,exact_match,
2025-10-14,002719.XSHE,buy,9.58,9.58,0.0,600,600,0,5748.0,5748.0,0.0,5.0,5.0,0.0,exact_match,
2025-10-14,300163.XSHE,buy,3.6,3.6,0.0,1500,1700,200,5400.0,6120.0,720.0,5.0,5.0,0.0,amount_diff,fill quantity difference
2025-10-14,300385.XSHE,buy,5.29,5.29,0.0,5400,5400,0,28566.0,28566.0,0.0,5.0,5.0,0.0,exact_match,
2025-10-14,300405.XSHE,buy,6.64,6.64,0.0,4100,4100,0,27224.0,27224.0,0.0,5.0,5.0,0.0,exact_match,
2025-10-14,300594.XSHE,buy,17.89,17.89,0.0,900,900,0,16101.0,16101.0,0.0,5.0,5.0,0.0,exact_match,
2025-10-14,300929.XSHE,buy,11.18,11.18,0.0,100,100,0,1118.0,1118.0,0.0,5.0,5.0,0.0,exact_match,
2025-10-14,300948.XSHE,sell,18.51,18.51,0.0,0,1000,1000,0.0,18510.0,18510.0,23.51,5.0,-18.51,amount_diff,fill quantity difference
2025-10-14,301098.XSHE,buy,9.07,9.07,0.0,1100,1100,0,9977.0,9977.0,0.0,5.0,5.0,0.0,exact_match,
2025-10-14,600455.XSHG,buy,25.83,25.83,0.0,3600,3600,0,92988.0,92988.0,0.0,9.3,9.3,0.0,exact_match,
2025-10-14,600768.XSHG,buy,12.76,12.76,0.0,600,600,0,7656.0,7656.0,0.0,5.0,5.0,0.0,exact_match,
2025-10-14,603729.XSHG,buy,16.83,16.83,0.0,1000,1000,0,16830.0,16830.0,0.0,5.0,5.0,0.0,exact_match,
2025-10-17,002193.XSHE,buy,5.19,5.19,0.0,2300,2300,0,11937.0,11937.0,0.0,5.0,5.0,0.0,exact_match,
2025-10-17,002719.XSHE,sell,9.7,9.7,0.0,0,400,400,0.0,3879.9999999999995,3879.9999999999995,8.88,5.0,-3.880000000000001,amount_diff,fill quantity difference
2025-10-17,300163.XSHE,buy,3.51,3.51,0.0,100,100,0,351.0,351.0,0.0,5.0,5.0,0.0,exact_match,
2025-10-17,300405.XSHE,buy,6.15,6.15,0.0,200,200,0,1230.0,1230.0,0.0,5.0,5.0,0.0,exact_match,
2025-10-17,300736.XSHE,buy,13.02,13.02,0.0,300,300,0,3906.0,3906.0,0.0,5.0,5.0,0.0,exact_match,
2025-10-17,300736.XSHE,buy,13.02,13.02,0.0,1900,1900,0,24738.0,24738.0,0.0,5.0,5.0,0.0,exact_match,
2025-10-17,300948.XSHE,sell,19.99,19.99,0.0,0,1600,1600,0.0,31983.999999999996,31983.999999999996,36.98,5.0,-31.979999999999997,amount_diff,fill quantity difference
2025-10-17,301098.XSHE,sell,9.0,9.0,0.0,0,100,100,0.0,900.0,900.0,5.9,5.0,-0.9000000000000004,amount_diff,fill quantity difference
2025-10-17,600455.XSHG,sell,25.99,25.99,0.0,0,100,100,0.0,2599.0,2599.0,7.6,5.0,-2.5999999999999996,amount_diff,fill quantity difference
2025-10-22,002193.XSHE,sell,5.59,5.59,0.0,0,800,800,0.0,4472.0,4472.0,9.47,5.0,-4.470000000000001,amount_diff,fill quantity difference
2025-10-22,002719.XSHE,sell,10.13,10.13,0.0,0,100,100,0.0,1013.0000000000001,1013.0000000000001,6.01,5.0,-1.0099999999999998,amount_diff,fill quantity difference
2025-10-22,300405.XSHE,sell,6.39,6.39,0.0,0,4500,4500,0.0,28755.0,28755.0,33.75,5.0,-28.75,amount_diff,fill quantity difference
2025-10-22,300736.XSHE,buy,12.99,12.99,0.0,100,2500,2400,1299.0,32475.0,31176.0,5.0,5.0,0.0,amount_diff,fill quantity difference
2025-10-22,300736.XSHE,buy,12.99,,,2400,,,31176.0,,,5.0,,,missing_in_local,no matching local trade
2025-10-22,600768.XSHG,buy,12.86,12.86,0.0,100,100,0,1286.0,1286.0,0.0,5.0,5.0,0.0,exact_match,
2025-10-27,002193.XSHE,buy,5.6,5.6,0.0,400,400,0,2240.0,2240.0,0.0,5.0,5.0,0.0,exact_match,
2025-10-27,002719.XSHE,buy,9.91,9.91,0.0,100,100,0,991.0,991.0,0.0,5.0,5.0,0.0,exact_match,
2025-10-27,002719.XSHE,buy,9.91,9.91,0.0,100,200,100,991.0,1982.0,991.0,5.0,5.0,0.0,amount_diff,fill quantity difference
2025-10-27,300163.XSHE,sell,3.78,3.78,0.0,0,400,400,0.0,1512.0,1512.0,6.51,5.0,-1.5099999999999998,amount_diff,fill quantity difference
2025-10-27,300736.XSHE,sell,13.92,13.92,0.0,0,300,300,0.0,4176.0,4176.0,9.18,5.0,-4.18,amount_diff,fill quantity difference
2025-10-27,300929.XSHE,buy,11.36,11.36,0.0,300,200,-100,3408.0,2272.0,-1136.0,5.0,5.0,0.0,amount_diff,fill quantity difference
2025-10-27,301098.XSHE,buy,9.47,9.47,0.0,100,100,0,947.0000000000001,947.0000000000001,0.0,5.0,5.0,0.0,exact_match,
2025-10-27,600768.XSHG,sell,13.32,13.32,0.0,0,100,100,0.0,1332.0,1332.0,6.33,5.0,-1.33,amount_diff,fill quantity difference
2025-10-29,300163.XSHE,sell,4.71,4.7,-0.009999999999999787,0,7700,7700,0.0,36190.0,36190.0,41.27,5.0,-36.27,price_and_amount_diff,price and amount both differ
2025-10-30,002193.XSHE,buy,5.5,5.5,0.0,800,800,0,4400.0,4400.0,0.0,5.0,5.0,0.0,exact_match,
2025-10-30,002719.XSHE,buy,9.3,9.3,0.0,1500,1400,-100,13950.000000000002,13020.000000000002,-930.0,5.0,5.0,0.0,amount_diff,fill quantity difference
2025-10-30,300163.XSHE,sell,4.68,4.68,0.0,0,5900,5900,0.0,27612.0,27612.0,32.61,5.0,-27.61,amount_diff,fill quantity difference
2025-10-30,300385.XSHE,buy,5.4,5.4,0.0,100,100,0,540.0,540.0,0.0,5.0,5.0,0.0,exact_match,
2025-10-30,300405.XSHE,buy,6.38,6.38,0.0,4700,4700,0,29986.0,29986.0,0.0,5.0,5.0,0.0,exact_match,
2025-10-30,300594.XSHE,buy,18.36,18.36,0.0,200,100,-100,3672.0,1836.0,-1836.0,5.0,5.0,0.0,amount_diff,fill quantity difference
2025-10-30,300736.XSHE,sell,14.35,14.35,0.0,0,200,200,0.0,2870.0,2870.0,7.87,5.0,-2.87,amount_diff,fill quantity difference
2025-10-30,300929.XSHE,buy,11.17,11.17,0.0,300,400,100,3351.0,4468.0,1117.0,5.0,5.0,0.0,amount_diff,fill quantity difference
2025-10-30,301098.XSHE,buy,9.46,9.46,0.0,200,200,0,1892.0000000000002,1892.0000000000002,0.0,5.0,5.0,0.0,exact_match,
2025-10-30,600768.XSHG,buy,13.21,13.21,0.0,100,100,0,1321.0,1321.0,0.0,5.0,5.0,0.0,exact_match,
2025-10-30,603729.XSHG,buy,17.04,17.04,0.0,300,300,0,5112.0,5112.0,0.0,5.0,5.0,0.0,exact_match,
2025-11-04,002193.XSHE,sell,5.75,5.75,0.0,0,600,600,0.0,3450.0,3450.0,8.45,5.0,-3.4499999999999993,amount_diff,fill quantity difference
2025-11-04,002719.XSHE,buy,9.38,9.38,0.0,200,200,0,1876.0000000000002,1876.0000000000002,0.0,5.0,5.0,0.0,exact_match,
2025-11-04,002883.XSHE,buy,11.74,11.74,0.0,2600,2600,0,30524.0,30524.0,0.0,5.0,5.0,0.0,exact_match,
2025-11-04,300163.XSHE,sell,4.82,4.82,0.0,0,6700,6700,0.0,32294.000000000004,32294.000000000004,37.29,5.0,-32.29,amount_diff,fill quantity difference
2025-11-04,300385.XSHE,sell,5.79,5.79,0.0,0,200,200,0.0,1158.0,1158.0,6.16,5.0,-1.1600000000000001,amount_diff,fill quantity difference
2025-11-04,300594.XSHE,sell,19.02,,,0,,,0.0,,,6.9,,,missing_in_local,no matching local trade
2025-11-04,300736.XSHE,buy,13.82,13.82,0.0,100,200,100,1382.0,2764.0,1382.0,5.0,5.0,0.0,amount_diff,fill quantity difference
2025-11-04,300736.XSHE,buy,13.82,13.82,0.0,300,200,-100,4146.0,2764.0,-1382.0,5.0,5.0,0.0,amount_diff,fill quantity difference
2025-11-04,300929.XSHE,buy,11.35,,,100,,,1135.0,,,5.0,,,missing_in_local,no matching local trade
2025-11-04,301098.XSHE,buy,9.42,9.42,0.0,300,300,0,2826.0,2826.0,0.0,5.0,5.0,0.0,exact_match,
2025-11-04,603729.XSHG,sell,17.69,17.69,0.0,0,100,100,0.0,1769.0000000000002,1769.0000000000002,6.77,5.0,-1.7699999999999996,amount_diff,fill quantity difference
2025-11-07,002193.XSHE,sell,5.93,5.93,0.0,0,200,200,0.0,1186.0,1186.0,6.19,5.0,-1.1900000000000004,amount_diff,fill quantity difference
2025-11-07,002883.XSHE,buy,11.82,11.82,0.0,2700,2700,0,31914.0,31914.0,0.0,5.0,5.0,0.0,exact_match,
2025-11-07,300163.XSHE,sell,5.06,5.06,0.0,0,6700,6700,0.0,33902.0,33902.0,38.4,5.0,-33.4,amount_diff,fill quantity difference
2025-11-07,300385.XSHE,buy,5.79,5.79,0.0,100,100,0,579.0,579.0,0.0,5.0,5.0,0.0,exact_match,
2025-11-07,300405.XSHE,buy,6.58,6.58,0.0,4800,4800,0,31584.0,31584.0,0.0,5.0,5.0,0.0,exact_match,
2025-11-07,300594.XSHE,buy,18.8,18.8,0.0,200,200,0,3760.0,3760.0,0.0,5.0,5.0,0.0,exact_match,
2025-11-07,300736.XSHE,sell,15.5,15.5,0.0,0,2700,2700,0.0,41850.0,41850.0,46.85,5.0,-41.85,amount_diff,fill quantity difference
2025-11-07,300929.XSHE,sell,11.85,11.85,0.0,0,100,100,0.0,1185.0,1185.0,7.37,5.0,-2.37,amount_diff,fill quantity difference
2025-11-07,301098.XSHE,buy,9.41,9.41,0.0,400,400,0,3764.0,3764.0,0.0,5.0,5.0,0.0,exact_match,
2025-11-07,600455.XSHG,buy,28.21,28.21,0.0,100,100,0,2821.0,2821.0,0.0,5.0,5.0,0.0,exact_match,
2025-11-07,600768.XSHG,buy,13.75,13.75,0.0,100,100,0,1375.0,1375.0,0.0,5.0,5.0,0.0,exact_match,
2025-11-12,002193.XSHE,sell,6.15,6.15,0.0,0,300,300,0.0,1845.0,1845.0,6.84,5.0,-1.8399999999999999,amount_diff,fill quantity difference
2025-11-12,002719.XSHE,sell,10.13,10.13,0.0,0,400,400,0.0,4052.0000000000005,4052.0000000000005,9.05,5.0,-4.050000000000001,amount_diff,fill quantity difference
2025-11-12,002883.XSHE,buy,12.02,12.02,0.0,2700,2700,0,32454.0,32454.0,0.0,5.0,5.0,0.0,exact_match,
2025-11-12,300163.XSHE,sell,4.82,4.82,0.0,0,5700,5700,0.0,27474.0,27474.0,32.96,5.0,-27.96,amount_diff,fill quantity difference
2025-11-12,300385.XSHE,sell,6.46,6.46,0.0,0,400,400,0.0,2584.0,2584.0,7.58,5.0,-2.58,amount_diff,fill quantity difference
2025-11-12,300405.XSHE,sell,7.01,7.01,0.0,0,300,300,0.0,2103.0,2103.0,7.1,5.0,-2.0999999999999996,amount_diff,fill quantity difference
2025-11-12,300417.XSHE,buy,14.08,14.08,0.0,2200,2200,0,30976.0,30976.0,0.0,5.0,5.0,0.0,exact_match,
2025-11-12,300594.XSHE,buy,18.95,18.95,0.0,100,100,0,1895.0,1895.0,0.0,5.0,5.0,0.0,exact_match,
2025-11-12,300736.XSHE,sell,17.32,17.32,0.0,0,2300,2300,0.0,39836.0,39836.0,44.84,5.0,-39.84,amount_diff,fill quantity difference
2025-11-12,301098.XSHE,buy,9.58,9.58,0.0,200,100,-100,1916.0,958.0,-958.0,5.0,5.0,0.0,amount_diff,fill quantity difference
2025-11-12,600455.XSHG,buy,28.3,28.3,0.0,100,100,0,2830.0,2830.0,0.0,5.0,5.0,0.0,exact_match,
2025-11-12,600768.XSHG,buy,13.62,13.62,0.0,400,400,0,5448.0,5448.0,0.0,5.0,5.0,0.0,exact_match,
2025-11-12,603729.XSHG,buy,18.19,18.19,0.0,100,100,0,1819.0000000000002,1819.0000000000002,0.0,5.0,5.0,0.0,exact_match,
2025-11-17,002193.XSHE,sell,6.44,6.44,0.0,0,400,400,0.0,2576.0,2576.0,7.58,5.0,-2.58,amount_diff,fill quantity difference
2025-11-17,002883.XSHE,buy,12.21,12.21,0.0,2800,2800,0,34188.0,34188.0,0.0,5.0,5.0,0.0,exact_match,
2025-11-17,300163.XSHE,sell,4.99,4.99,0.0,0,6700,6700,0.0,33433.0,33433.0,38.43,5.0,-33.43,amount_diff,fill quantity difference
2025-11-17,300385.XSHE,buy,6.38,6.38,0.0,100,100,0,638.0,638.0,0.0,5.0,5.0,0.0,exact_match,
2025-11-17,300405.XSHE,sell,7.37,7.37,0.0,0,200,200,0.0,1474.0,1474.0,5.74,5.0,-0.7400000000000002,amount_diff,fill quantity difference
2025-11-17,300417.XSHE,buy,14.54,14.54,0.0,2300,2300,0,33442.0,33442.0,0.0,5.0,5.0,0.0,exact_match,
2025-11-17,300736.XSHE,sell,19.0,19.0,0.0,0,2000,2000,0.0,38000.0,38000.0,43.0,5.0,-38.0,amount_diff,fill quantity difference
2025-11-17,301098.XSHE,buy,9.81,9.81,0.0,100,100,0,981.0,981.0,0.0,5.0,5.0,0.0,exact_match,
2025-11-17,600455.XSHG,buy,28.87,28.87,0.0,100,100,0,2887.0,2887.0,0.0,5.0,5.0,0.0,exact_match,
2025-11-17,603729.XSHG,buy,18.44,18.44,0.0,100,100,0,1844.0000000000002,1844.0000000000002,0.0,5.0,5.0,0.0,exact_match,
2025-11-20,002193.XSHE,buy,6.13,6.13,0.0,200,200,0,1226.0,1226.0,0.0,5.0,5.0,0.0,exact_match,
2025-11-20,002719.XSHE,buy,9.73,9.73,0.0,200,300,100,1946.0,2919.0,973.0,5.0,5.0,0.0,amount_diff,fill quantity difference
2025-11-20,002719.XSHE,buy,9.73,9.73,0.0,300,100,-200,2919.0,973.0,-1946.0,5.0,5.0,0.0,amount_diff,fill quantity difference
2025-11-20,002883.XSHE,buy,11.96,11.96,0.0,2500,2500,0,29900.000000000004,29900.000000000004,0.0,5.0,5.0,0.0,exact_match,
2025-11-20,300385.XSHE,sell,6.84,6.84,0.0,0,5100,5100,0.0,34884.0,34884.0,39.88,5.0,-34.88,amount_diff,fill quantity difference
2025-11-20,300405.XSHE,sell,7.59,7.59,0.0,0,4700,4700,0.0,35673.0,35673.0,41.43,5.0,-36.43,amount_diff,fill quantity difference
2025-11-20,300417.XSHE,buy,13.48,13.48,0.0,2600,2600,0,35048.0,35048.0,0.0,5.0,5.0,0.0,exact_match,
2025-11-20,300594.XSHE,buy,18.55,18.55,0.0,200,200,0,3710.0,3710.0,0.0,5.0,5.0,0.0,exact_match,
2025-11-20,300736.XSHE,sell,19.6,19.6,0.0,0,100,100,0.0,1960.0000000000002,1960.0000000000002,6.96,5.0,-1.96,amount_diff,fill quantity difference
2025-11-20,600768.XSHG,buy,13.17,13.17,0.0,300,300,0,3951.0,3951.0,0.0,5.0,5.0,0.0,exact_match,
2025-11-25,002719.XSHE,buy,9.09,9.09,0.0,500,600,100,4545.0,5454.0,909.0,5.0,5.0,0.0,amount_diff,fill quantity difference
2025-11-25,002883.XSHE,sell,11.54,11.54,0.0,0,2600,2600,0.0,30003.999999999996,30003.999999999996,35.0,5.0,-30.0,amount_diff,fill quantity difference
2025-11-25,300405.XSHE,buy,6.82,6.82,0.0,200,200,0,1364.0,1364.0,0.0,5.0,5.0,0.0,exact_match,
2025-11-25,300417.XSHE,buy,13.18,13.18,0.0,2200,2200,0,28996.0,28996.0,0.0,5.0,5.0,0.0,exact_match,
2025-11-25,300594.XSHE,sell,18.4,18.4,0.0,0,200,200,0.0,3679.9999999999995,3679.9999999999995,8.68,5.0,-3.6799999999999997,amount_diff,fill quantity difference
2025-11-25,300736.XSHE,sell,19.2,19.2,0.0,0,1700,1700,0.0,32640.0,32640.0,37.64,5.0,-32.64,amount_diff,fill quantity difference
2025-11-25,300854.XSHE,buy,17.49,17.49,0.0,1600,1600,0,27983.999999999996,27983.999999999996,0.0,5.0,5.0,0.0,exact_match,
2025-11-25,300929.XSHE,buy,11.43,11.43,0.0,100,100,0,1143.0,1143.0,0.0,5.0,5.0,0.0,exact_match,
2025-11-25,301098.XSHE,buy,8.99,8.99,0.0,200,300,100,1798.0,2697.0,899.0,5.0,5.0,0.0,amount_diff,fill quantity difference
2025-11-25,600455.XSHG,buy,26.35,26.35,0.0,100,100,0,2635.0,2635.0,0.0,5.0,5.0,0.0,exact_match,
2025-11-25,603729.XSHG,sell,17.84,17.84,0.0,0,200,200,0.0,3568.0,3568.0,8.57,5.0,-3.5700000000000003,amount_diff,fill quantity difference
2025-11-28,002193.XSHE,sell,6.13,6.13,0.0,0,600,600,0.0,3678.0,3678.0,8.68,5.0,-3.6799999999999997,amount_diff,fill quantity difference
2025-11-28,002719.XSHE,sell,9.45,9.45,0.0,0,400,400,0.0,3779.9999999999995,3779.9999999999995,8.78,5.0,-3.7799999999999994,amount_diff,fill quantity difference
2025-11-28,002883.XSHE,sell,11.68,11.68,0.0,0,2700,2700,0.0,31536.0,31536.0,36.54,5.0,-31.54,amount_diff,fill quantity difference
2025-11-28,300405.XSHE,sell,7.26,7.26,0.0,0,4500,4500,0.0,32670.0,32670.0,37.67,5.0,-32.67,amount_diff,fill quantity difference
2025-11-28,300417.XSHE,buy,13.13,13.13,0.0,2500,2500,0,32825.0,32825.0,0.0,5.0,5.0,0.0,exact_match,
2025-11-28,300594.XSHE,buy,18.06,18.06,0.0,200,200,0,3611.9999999999995,3611.9999999999995,0.0,5.0,5.0,0.0,exact_match,
2025-11-28,300854.XSHE,buy,17.5,17.5,0.0,1900,1900,0,33250.0,33250.0,0.0,5.0,5.0,0.0,exact_match,
2025-11-28,300929.XSHE,buy,11.36,11.36,0.0,100,200,100,1136.0,2272.0,1136.0,5.0,5.0,0.0,amount_diff,fill quantity difference
2025-11-28,300929.XSHE,buy,11.36,,,100,,,1136.0,,,5.0,,,missing_in_local,no matching local trade
2025-11-28,600768.XSHG,sell,13.01,13.01,0.0,0,100,100,0.0,1301.0,1301.0,6.3,5.0,-1.2999999999999998,amount_diff,fill quantity difference
2025-11-28,603729.XSHG,buy,17.55,17.55,0.0,100,100,0,1755.0,1755.0,0.0,5.0,5.0,0.0,exact_match,
2025-12-03,002193.XSHE,buy,6.13,6.13,0.0,100,500,400,613.0,3065.0,2452.0,5.0,5.0,0.0,amount_diff,fill quantity difference
2025-12-03,002193.XSHE,buy,6.13,,,400,,,2452.0,,,5.0,,,missing_in_local,no matching local trade
2025-12-03,002883.XSHE,buy,11.77,11.77,0.0,100,100,0,1177.0,1177.0,0.0,5.0,5.0,0.0,exact_match,
2025-12-03,300417.XSHE,sell,13.92,13.92,0.0,0,2600,2600,0.0,36192.0,36192.0,41.19,5.0,-36.19,amount_diff,fill quantity difference
2025-12-03,300594.XSHE,buy,18.19,18.19,0.0,100,100,0,1819.0000000000002,1819.0000000000002,0.0,5.0,5.0,0.0,exact_match,
2025-12-03,300854.XSHE,buy,17.5,17.5,0.0,1900,1900,0,33250.0,33250.0,0.0,5.0,5.0,0.0,exact_match,
2025-12-03,301098.XSHE,sell,9.5,9.5,0.0,0,300,300,0.0,2850.0,2850.0,7.85,5.0,-2.8499999999999996,amount_diff,fill quantity difference
2025-12-03,600768.XSHG,sell,13.78,13.78,0.0,0,400,400,0.0,5512.0,5512.0,10.51,5.0,-5.51,amount_diff,fill quantity difference
2025-12-03,603729.XSHG,buy,17.48,17.48,0.0,300,200,-100,5244.0,3496.0,-1748.0,5.0,5.0,0.0,amount_diff,fill quantity difference
2025-12-08,300417.XSHE,sell,14.14,14.14,0.0,0,2500,2500,0.0,35350.0,35350.0,40.35,5.0,-35.35,amount_diff,fill quantity difference
2025-12-08,300594.XSHE,buy,17.64,17.64,0.0,100,100,0,1764.0,1764.0,0.0,5.0,5.0,0.0,exact_match,
2025-12-08,300854.XSHE,buy,17.49,17.49,0.0,1700,1700,0,29732.999999999996,29732.999999999996,0.0,5.0,5.0,0.0,exact_match,
2025-12-08,300929.XSHE,buy,11.34,11.34,0.0,200,100,-100,2268.0,1134.0,-1134.0,5.0,5.0,0.0,amount_diff,fill quantity difference
2025-12-08,301098.XSHE,sell,9.38,9.38,0.0,0,100,100,0.0,938.0000000000001,938.0000000000001,5.94,5.0,-0.9400000000000004,amount_diff,fill quantity difference
2025-12-08,600768.XSHG,sell,13.68,13.68,0.0,0,100,100,0.0,1368.0,1368.0,6.37,5.0,-1.37,amount_diff,fill quantity difference
2025-12-08,603729.XSHG,buy,17.0,17.0,0.0,100,100,0,1700.0,1700.0,0.0,5.0,5.0,0.0,exact_match,
2025-12-08,603729.XSHG,buy,,17.0,,,100,,,1700.0,,,5.0,,missing_in_jq,extra local trade not in JQ
2025-12-11,002193.XSHE,buy,5.81,5.81,0.0,300,300,0,1742.9999999999998,1742.9999999999998,0.0,5.0,5.0,0.0,exact_match,
2025-12-11,300417.XSHE,sell,14.13,14.13,0.0,0,2300,2300,0.0,32499.0,32499.0,37.5,5.0,-32.5,amount_diff,fill quantity difference
2025-12-11,300854.XSHE,buy,16.85,16.85,0.0,1900,1900,0,32015.000000000004,32015.000000000004,0.0,5.0,5.0,0.0,exact_match,
2025-12-11,300929.XSHE,sell,11.25,11.25,0.0,0,100,100,0.0,1125.0,1125.0,7.25,5.0,-2.25,amount_diff,fill quantity difference
2025-12-11,301098.XSHE,buy,9.0,9.0,0.0,200,200,0,1800.0,1800.0,0.0,5.0,5.0,0.0,exact_match,
2025-12-16,002719.XSHE,buy,8.64,8.64,0.0,300,200,-100,2592.0,1728.0,-864.0,5.0,5.0,0.0,amount_diff,fill quantity difference
2025-12-16,002719.XSHE,buy,,8.64,,,100,,,864.0,,,5.0,,missing_in_jq,extra local trade not in JQ
2025-12-16,002883.XSHE,buy,10.78,10.78,0.0,2600,2500,-100,28028.0,26950.0,-1078.0,5.0,5.0,0.0,amount_diff,fill quantity difference
2025-12-16,300417.XSHE,sell,13.49,13.49,0.0,0,2200,2200,0.0,29678.0,29678.0,34.68,5.0,-29.68,amount_diff,fill quantity difference
2025-12-16,301098.XSHE,buy,8.45,8.45,0.0,200,200,0,1689.9999999999998,1689.9999999999998,0.0,5.0,5.0,0.0,exact_match,
2025-12-16,600768.XSHG,sell,12.8,12.8,0.0,0,100,100,0.0,1280.0,1280.0,6.28,5.0,-1.2800000000000002,amount_diff,fill quantity difference
2025-12-19,002193.XSHE,buy,5.51,5.51,0.0,500,500,0,2755.0,2755.0,0.0,5.0,5.0,0.0,exact_match,
2025-12-19,002719.XSHE,sell,8.94,8.94,0.0,0,300,300,0.0,2682.0,2682.0,7.68,5.0,-2.6799999999999997,amount_diff,fill quantity difference
2025-12-19,002883.XSHE,buy,10.94,10.94,0.0,200,300,100,2188.0,3282.0,1094.0,5.0,5.0,0.0,amount_diff,fill quantity difference
2025-12-19,002883.XSHE,buy,10.94,10.94,0.0,2500,2500,0,27350.0,27350.0,0.0,5.0,5.0,0.0,exact_match,
2025-12-19,300417.XSHE,sell,13.25,13.25,0.0,0,2200,2200,0.0,29150.0,29150.0,34.15,5.0,-29.15,amount_diff,fill quantity difference
2025-12-19,300594.XSHE,sell,17.05,17.05,0.0,0,100,100,0.0,1705.0,1705.0,6.7,5.0,-1.7000000000000002,amount_diff,fill quantity difference
2025-12-19,300854.XSHE,buy,16.05,16.05,0.0,100,100,0,1605.0,1605.0,0.0,5.0,5.0,0.0,exact_match,
2025-12-19,300929.XSHE,sell,11.2,11.2,0.0,0,400,400,0.0,4480.0,4480.0,9.48,5.0,-4.48,amount_diff,fill quantity difference
2025-12-19,301098.XSHE,buy,8.51,8.51,0.0,200,200,0,1702.0,1702.0,0.0,5.0,5.0,0.0,exact_match,
2025-12-19,603729.XSHG,buy,15.8,15.8,0.0,100,100,0,1580.0,1580.0,0.0,5.0,5.0,0.0,exact_match,
2025-12-24,002193.XSHE,buy,5.41,5.41,0.0,800,700,-100,4328.0,3787.0,-541.0,5.0,5.0,0.0,amount_diff,fill quantity difference
2025-12-24,002193.XSHE,buy,,5.41,,,100,,,541.0,,,5.0,,missing_in_jq,extra local trade not in JQ
2025-12-24,002719.XSHE,buy,8.84,8.84,0.0,300,300,0,2652.0,2652.0,0.0,5.0,5.0,0.0,exact_match,
2025-12-24,002883.XSHE,buy,10.87,10.87,0.0,200,200,0,2174.0,2174.0,0.0,5.0,5.0,0.0,exact_match,
2025-12-24,300594.XSHE,sell,19.1,19.1,0.0,0,2400,2400,0.0,45840.0,45840.0,50.84,5.0,-45.84,amount_diff,fill quantity difference
2025-12-24,300854.XSHE,buy,16.01,16.01,0.0,100,100,0,1601.0000000000002,1601.0000000000002,0.0,5.0,5.0,0.0,exact_match,
2025-12-24,300929.XSHE,buy,10.76,10.76,0.0,100,600,500,1076.0,6456.0,5380.0,5.0,5.0,0.0,amount_diff,fill quantity difference
2025-12-24,300929.XSHE,buy,10.76,,,500,,,5380.0,,,5.0,,,missing_in_local,no matching local trade
2025-12-24,301098.XSHE,buy,8.51,8.51,0.0,100,100,0,851.0,851.0,0.0,5.0,5.0,0.0,exact_match,
2025-12-24,301372.XSHE,buy,25.23,25.23,0.0,1100,1100,0,27753.0,27753.0,0.0,5.0,5.0,0.0,exact_match,
2025-12-24,600543.XSHG,buy,5.42,5.42,0.0,5400,5400,0,29268.0,29268.0,0.0,5.0,5.0,0.0,exact_match,
2025-12-24,600768.XSHG,sell,13.29,13.29,0.0,0,2400,2400,0.0,31895.999999999996,31895.999999999996,36.9,5.0,-31.9,amount_diff,fill quantity difference
2025-12-29,002193.XSHE,buy,5.38,5.38,0.0,300,300,0,1614.0,1614.0,0.0,5.0,5.0,0.0,exact_match,
2025-12-29,002719.XSHE,buy,8.74,8.74,0.0,300,300,0,2622.0,2622.0,0.0,5.0,5.0,0.0,exact_match,
2025-12-29,300594.XSHE,sell,19.46,19.46,0.0,0,1600,1600,0.0,31136.0,31136.0,36.14,5.0,-31.14,amount_diff,fill quantity difference
2025-12-29,300854.XSHE,sell,16.75,16.75,0.0,0,200,200,0.0,3350.0,3350.0,8.35,5.0,-3.3499999999999996,amount_diff,fill quantity difference
2025-12-29,300929.XSHE,buy,10.74,10.74,0.0,100,100,0,1074.0,1074.0,0.0,5.0,5.0,0.0,exact_match,
2025-12-29,301372.XSHE,buy,25.36,25.36,0.0,1200,1200,0,30432.0,30432.0,0.0,5.0,5.0,0.0,exact_match,
2025-12-29,600543.XSHG,buy,,5.4,,,5700,,,30780.000000000004,,,5.0,,missing_in_jq,extra local trade not in JQ
2025-12-29,600768.XSHG,sell,13.49,13.49,0.0,0,2300,2300,0.0,31027.0,31027.0,36.03,5.0,-31.03,amount_diff,fill quantity difference
