date,total_signals,buy_count,sell_count,skip_count,buy_new,buy_defense,sell_phase,sell_defense,skip_cash_insufficient
2020-01-02,1,1,0,0,0,1,0,0,0
2020-02-03,11,10,1,0,10,0,1,0,0
2020-02-06,13,10,3,0,10,0,3,0,0
2020-02-11,15,10,5,0,10,0,5,0,0
2020-02-14,14,11,3,0,11,0,3,0,0
2020-02-19,14,11,2,1,11,0,2,0,1
2020-02-21,1,0,1,0,0,0,1,0,0
2020-02-24,23,11,12,0,11,0,12,0,0
2020-02-27,5,3,2,0,3,0,2,0,0
2020-03-03,8,5,3,0,5,0,3,0,0
2020-03-06,9,3,5,1,3,0,5,0,1
2020-03-11,17,0,1,16,0,0,1,0,16
2020-03-13,1,0,1,0,0,0,1,0,0
2020-03-16,16,11,4,1,11,0,4,0,1
2020-03-19,13,8,5,0,8,0,5,0,0
2020-03-20,2,0,2,0,0,0,2,0,0
2020-03-24,16,9,7,0,9,0,7,0,0
2020-03-26,1,0,1,0,0,0,1,0,0
2020-03-27,14,8,6,0,8,0,6,0,0
2020-03-30,1,0,1,0,0,0,1,0,0
2020-03-31,1,0,1,0,0,0,1,0,0
2020-04-01,17,1,16,0,0,1,0,16,0
2020-05-06,11,10,1,0,10,0,1,0,0
2020-05-11,10,10,0,0,10,0,0,0,0
2020-05-14,10,10,0,0,10,0,0,0,0
2020-05-19,10,10,0,0,10,0,0,0,0
2020-05-21,2,0,2,0,0,0,2,0,0
2020-05-22,12,11,1,0,11,0,1,0,0
2020-05-25,1,0,1,0,0,0,1,0,0
2020-05-27,13,3,9,1,3,0,9,0,1
2020-05-29,1,0,1,0,0,0,1,0,0
2020-06-01,11,10,0,1,10,0,0,0,1
2020-06-03,1,0,0,1,0,0,0,0,1
2020-06-04,16,8,2,6,8,0,2,0,6
2020-06-05,2,0,2,0,0,0,2,0,0
2020-06-09,15,13,1,1,13,0,1,0,1
2020-06-10,1,0,1,0,0,0,1,0,0
2020-06-11,1,1,0,0,1,0,0,0,0
2020-06-12,15,6,7,2,6,0,7,0,2
2020-06-17,14,10,4,0,10,0,4,0,0
2020-06-22,15,6,4,5,6,0,4,0,5
2020-06-29,15,6,6,3,6,0,6,0,3
2020-07-01,1,0,1,0,0,0,1,0,0
2020-07-02,15,10,4,1,10,0,4,0,1
2020-07-07,15,8,6,1,8,0,6,0,1
2020-07-10,15,10,4,1,10,0,4,0,1
2020-07-14,1,0,0,1,0,0,0,0,1
2020-07-15,12,5,6,1,5,0,6,0,1
2020-07-20,11,5,5,1,5,0,5,0,1
2020-07-23,13,4,5,4,4,0,5,0,4
2020-07-28,11,4,4,3,4,0,4,0,3
2020-07-31,9,4,5,0,4,0,5,0,0
2020-08-05,10,5,5,0,5,0,5,0,0
2020-08-06,1,0,1,0,0,0,1,0,0
2020-08-10,17,3,1,13,3,0,1,0,13
2020-08-11,1,0,1,0,0,0,1,0,0
2020-08-12,1,0,1,0,0,0,1,0,0
2020-08-13,9,6,3,0,6,0,3,0,0
2020-08-14,1,0,1,0,0,0,1,0,0
2020-08-18,9,6,3,0,6,0,3,0,0
2020-08-20,1,0,1,0,0,0,1,0,0
2020-08-21,7,5,2,0,5,0,2,0,0
2020-08-25,1,1,0,0,1,0,0,0,0
2020-08-26,10,4,6,0,4,0,6,0,0
2020-08-31,12,3,8,1,3,0,8,0,1
2020-09-02,1,0,1,0,0,0,1,0,0
2020-09-03,14,6,6,2,6,0,6,0,2
2020-09-08,15,9,6,0,9,0,6,0,0
2020-09-09,1,0,1,0,0,0,1,0,0
2020-09-10,1,0,0,1,0,0,0,0,1
2020-09-11,18,6,7,5,6,0,7,0,5
2020-09-15,3,0,1,2,0,0,1,0,2
2020-09-16,15,10,5,0,10,0,5,0,0
2020-09-21,15,5,9,1,5,0,9,0,1
2020-09-24,15,10,5,0,10,0,5,0,0
2020-09-29,19,11,7,1,11,0,7,0,1
2020-09-30,1,0,1,0,0,0,1,0,0
2020-10-12,11,6,4,1,6,0,4,0,1
2020-10-15,14,9,4,1,9,0,4,0,1
2020-10-19,1,0,1,0,0,0,1,0,0
2020-10-20,13,9,4,0,9,0,4,0,0
2020-10-23,14,9,5,0,9,0,5,0,0
2020-10-28,11,6,5,0,6,0,5,0,0
2020-11-02,17,10,6,1,10,0,6,0,1
2020-11-05,15,8,6,1,8,0,6,0,1
2020-11-10,13,6,6,1,6,0,6,0,1
2020-11-12,1,0,1,0,0,0,1,0,0
2020-11-13,15,8,6,1,8,0,6,0,1
2020-11-18,9,4,5,0,4,0,5,0,0
2020-11-23,9,3,6,0,3,0,6,0,0
2020-11-26,14,9,5,0,9,0,5,0,0
2020-12-01,14,8,3,3,8,0,3,0,3
2020-12-04,12,6,5,1,6,0,5,0,1
2020-12-09,10,6,3,1,6,0,3,0,1
2020-12-14,15,10,5,0,10,0,5,0,0
2020-12-17,13,8,5,0,8,0,5,0,0
2020-12-22,14,8,5,1,8,0,5,0,1
2020-12-25,13,4,7,2,4,0,7,0,2
2020-12-30,14,9,3,2,9,0,3,0,2
2021-01-04,15,1,14,0,0,1,0,14,0
2021-02-01,1,0,1,0,0,0,1,0,0
2021-02-02,10,10,0,0,10,0,0,0,0
2021-02-05,11,11,0,0,11,0,0,0,0
2021-02-10,11,11,0,0,11,0,0,0,0
2021-02-22,11,10,1,0,10,0,1,0,0
2021-02-23,2,0,2,0,0,0,2,0,0
2021-02-24,1,0,1,0,0,0,1,0,0
2021-02-25,15,11,2,2,11,0,2,0,2
2021-02-26,1,0,1,0,0,0,1,0,0
2021-03-01,2,1,1,0,1,0,1,0,0
2021-03-02,14,10,4,0,10,0,4,0,0
2021-03-05,15,7,5,3,7,0,5,0,3
2021-03-10,19,9,3,7,9,0,3,0,7
2021-03-15,15,9,4,2,9,0,4,0,2
2021-03-18,16,9,3,4,9,0,3,0,4
2021-03-19,2,0,2,0,0,0,2,0,0
2021-03-22,1,0,1,0,0,0,1,0,0
2021-03-23,12,9,3,0,9,0,3,0,0
2021-03-25,1,1,0,0,1,0,0,0,0
2021-03-26,13,6,6,1,6,0,6,0,1
2021-03-29,1,0,0,1,0,0,0,0,1
2021-03-31,13,6,7,0,6,0,7,0,0
2021-04-01,15,1,14,0,0,1,0,14,0
2021-05-06,1,0,1,0,0,0,1,0,0
2021-05-10,10,10,0,0,10,0,0,0,0
2021-05-13,10,10,0,0,10,0,0,0,0
2021-05-18,10,10,0,0,10,0,0,0,0
2021-05-21,10,10,0,0,10,0,0,0,0
2021-05-24,1,0,1,0,0,0,1,0,0
2021-05-26,12,11,1,0,11,0,1,0,0
2021-05-31,10,7,3,0,7,0,3,0,0
2021-06-03,10,6,4,0,6,0,4,0,0
2021-06-04,1,0,1,0,0,0,1,0,0
2021-06-08,12,9,3,0,9,0,3,0,0
2021-06-11,11,5,6,0,5,0,6,0,0
2021-06-17,8,5,3,0,5,0,3,0,0
2021-06-22,10,4,5,1,4,0,5,0,1
2021-06-25,9,3,5,1,3,0,5,0,1
2021-06-29,1,0,1,0,0,0,1,0,0
2021-06-30,10,7,3,0,7,0,3,0,0
2021-07-01,1,0,1,0,0,0,1,0,0
2021-07-02,1,0,1,0,0,0,1,0,0
2021-07-05,12,10,2,0,10,0,2,0,0
2021-07-08,12,7,5,0,7,0,5,0,0
2021-07-13,13,8,3,2,8,0,3,0,2
2021-07-16,15,5,8,2,5,0,8,0,2
2021-07-21,15,5,7,3,5,0,7,0,3
2021-07-26,12,7,4,1,7,0,4,0,1
2021-07-29,14,7,2,5,7,0,2,0,5
2021-08-03,14,6,5,3,6,0,5,0,3
2021-08-06,11,5,3,3,5,0,3,0,3
2021-08-11,7,4,3,0,4,0,3,0,0
2021-08-16,10,4,4,2,4,0,4,0,2
2021-08-19,14,6,5,3,6,0,5,0,3
2021-08-24,9,2,3,4,2,0,3,0,4
2021-08-27,12,7,4,1,7,0,4,0,1
2021-09-01,14,6,5,3,6,0,5,0,3
2021-09-06,14,6,5,3,6,0,5,0,3
2021-09-09,17,5,5,7,5,0,5,0,7
2021-09-14,14,5,4,5,5,0,4,0,5
2021-09-17,16,8,5,3,8,0,5,0,3
2021-09-24,12,5,6,1,5,0,6,0,1
2021-09-29,10,4,3,3,4,0,3,0,3
2021-10-11,11,3,3,5,3,0,3,0,5
2021-10-14,13,4,4,5,4,0,4,0,5
2021-10-19,13,4,3,6,4,0,3,0,6
2021-10-22,12,3,3,6,3,0,3,0,6
2021-10-27,12,3,3,6,3,0,3,0,6
2021-11-01,17,4,2,11,4,0,2,0,11
2021-11-02,1,0,1,0,0,0,1,0,0
2021-11-04,14,7,4,3,7,0,4,0,3
2021-11-09,12,4,7,1,4,0,7,0,1
2021-11-12,12,7,4,1,7,0,4,0,1
2021-11-17,13,1,4,8,1,0,4,0,8
2021-11-22,13,7,5,1,7,0,5,0,1
2021-11-25,15,7,6,2,7,0,6,0,2
2021-11-30,12,4,3,5,4,0,3,0,5
2021-12-03,13,5,5,3,5,0,5,0,3
2021-12-08,16,9,4,3,9,0,4,0,3
2021-12-13,15,4,5,6,4,0,5,0,6
2021-12-14,1,0,1,0,0,0,1,0,0
2021-12-16,14,6,5,3,6,0,5,0,3
2021-12-21,13,6,4,3,6,0,4,0,3
2021-12-24,15,8,6,1,8,0,6,0,1
2021-12-27,1,0,1,0,0,0,1,0,0
2021-12-29,14,5,7,2,5,0,7,0,2
2022-01-04,14,1,13,0,0,1,0,13,0
2022-02-07,11,10,1,0,10,0,1,0,0
2022-02-10,12,10,2,0,10,0,2,0,0
2022-02-15,11,10,1,0,10,0,1,0,0
2022-02-18,12,10,2,0,10,0,2,0,0
2022-02-21,1,0,1,0,0,0,1,0,0
2022-02-22,1,0,1,0,0,0,1,0,0
2022-02-23,14,9,1,4,9,0,1,0,4
2022-02-24,1,0,0,1,0,0,0,0,1
2022-02-28,15,5,5,5,5,0,5,0,5
2022-03-03,17,6,2,9,6,0,2,0,9
2022-03-04,1,0,0,1,0,0,0,0,1
2022-03-08,12,4,5,3,4,0,5,0,3
2022-03-11,13,6,3,4,6,0,3,0,4
2022-03-16,13,5,4,4,5,0,4,0,4
2022-03-17,1,0,1,0,0,0,1,0,0
2022-03-21,21,5,4,12,5,0,4,0,12
2022-03-24,13,7,5,1,7,0,5,0,1
2022-03-28,1,0,1,0,0,0,1,0,0
2022-03-29,14,7,6,1,7,0,6,0,1
2022-04-01,14,1,13,0,0,1,0,13,0
2022-05-05,11,10,1,0,10,0,1,0,0
2022-05-06,1,0,1,0,0,0,1,0,0
2022-05-10,13,10,3,0,10,0,3,0,0
2022-05-13,12,10,2,0,10,0,2,0,0
2022-05-18,14,12,2,0,12,0,2,0,0
2022-05-19,2,0,2,0,0,0,2,0,0
2022-05-23,17,8,0,9,8,0,0,0,9
2022-05-26,21,7,4,10,7,0,4,0,10
2022-05-31,15,8,6,1,8,0,6,0,1
2022-06-06,16,7,6,3,7,0,6,0,3
2022-06-09,18,9,4,5,9,0,4,0,5
2022-06-14,16,9,6,1,9,0,6,0,1
2022-06-17,19,9,9,1,9,0,9,0,1
2022-06-22,14,6,5,3,6,0,5,0,3
2022-06-27,14,5,3,6,5,0,3,0,6
2022-06-30,16,6,5,5,6,0,5,0,5
2022-07-05,15,7,5,3,7,0,5,0,3
2022-07-08,15,4,8,3,4,0,8,0,3
2022-07-13,14,5,4,5,5,0,4,0,5
2022-07-18,14,7,4,3,7,0,4,0,3
2022-07-21,17,2,5,10,2,0,5,0,10
2022-07-25,1,0,1,0,0,0,1,0,0
2022-07-26,19,5,4,10,5,0,4,0,10
2022-07-29,18,4,3,11,4,0,3,0,11
2022-08-03,20,10,3,7,10,0,3,0,7
2022-08-04,1,0,1,0,0,0,1,0,0
2022-08-08,12,5,5,2,5,0,5,0,2
2022-08-09,1,0,1,0,0,0,1,0,0
2022-08-10,1,1,0,0,1,0,0,0,0
2022-08-11,14,6,2,6,6,0,2,0,6
2022-08-15,1,0,1,0,0,0,1,0,0
2022-08-16,16,6,1,9,6,0,1,0,9
2022-08-18,1,0,1,0,0,0,1,0,0
2022-08-19,14,10,1,3,10,0,1,0,3
2022-08-24,19,3,5,11,3,0,5,0,11
2022-08-29,17,4,3,10,4,0,3,0,10
2022-09-01,17,10,3,4,10,0,3,0,4
2022-09-06,15,5,6,4,5,0,6,0,4
2022-09-09,14,5,6,3,5,0,6,0,3
2022-09-15,11,5,4,2,5,0,4,0,2
2022-09-20,15,6,5,4,6,0,5,0,4
2022-09-23,15,7,5,3,7,0,5,0,3
2022-09-28,17,3,4,10,3,0,4,0,10
2022-10-10,19,10,4,5,10,0,4,0,5
2022-10-13,18,4,6,8,4,0,6,0,8
2022-10-18,14,3,3,8,3,0,3,0,8
2022-10-21,20,10,5,5,10,0,5,0,5
2022-10-26,16,6,6,4,6,0,6,0,4
2022-10-31,11,7,2,2,7,0,2,0,2
2022-11-03,17,3,7,7,3,0,7,0,7
2022-11-08,15,4,5,6,4,0,5,0,6
2022-11-11,15,4,3,8,4,0,3,0,8
2022-11-14,1,0,1,0,0,0,1,0,0
2022-11-16,13,6,2,5,6,0,2,0,5
2022-11-21,19,3,4,12,3,0,4,0,12
2022-11-24,19,8,3,8,8,0,3,0,8
2022-11-29,18,6,5,7,6,0,5,0,7
2022-12-02,15,6,6,3,6,0,6,0,3
2022-12-07,12,6,4,2,6,0,4,0,2
2022-12-12,21,2,3,16,2,0,3,0,16
2022-12-15,10,6,3,1,6,0,3,0,1
2022-12-20,14,7,3,4,7,0,3,0,4
2022-12-23,14,6,2,6,6,0,2,0,6
2022-12-28,17,8,2,7,8,0,2,0,7
2022-12-30,1,0,1,0,0,0,1,0,0
2023-01-03,12,1,11,0,0,1,0,11,0
2023-02-01,11,10,1,0,10,0,1,0,0
2023-02-02,1,0,1,0,0,0,1,0,0
2023-02-06,10,10,0,0,10,0,0,0,0
2023-02-09,11,11,0,0,11,0,0,0,0
2023-02-14,11,10,1,0,10,0,1,0,0
2023-02-17,15,7,0,8,7,0,0,0,8
2023-02-22,15,1,1,13,1,0,1,0,13
2023-02-27,17,3,2,12,3,0,2,0,12
2023-03-02,17,4,3,10,4,0,3,0,10
2023-03-07,14,6,4,4,6,0,4,0,4
2023-03-10,16,4,5,7,4,0,5,0,7
2023-03-15,15,6,5,4,6,0,5,0,4
2023-03-20,14,5,6,3,5,0,6,0,3
2023-03-23,15,4,6,5,4,0,6,0,5
2023-03-28,14,5,5,4,5,0,5,0,4
2023-03-31,19,2,1,16,2,0,1,0,16
2023-04-03,12,1,11,0,0,1,0,11,0
2023-05-04,1,0,1,0,0,0,1,0,0
2023-05-08,10,10,0,0,10,0,0,0,0
2023-05-11,11,10,1,0,10,0,1,0,0
2023-05-16,11,11,0,0,11,0,0,0,0
2023-05-19,11,10,1,0,10,0,1,0,0
2023-05-24,18,7,3,8,7,0,3,0,8
2023-05-29,16,6,6,4,6,0,6,0,4
2023-06-01,16,6,6,4,6,0,6,0,4
2023-06-06,16,6,4,6,6,0,4,0,6
2023-06-09,18,1,4,13,1,0,4,0,13
2023-06-14,17,8,2,7,8,0,2,0,7
2023-06-19,15,7,5,3,7,0,5,0,3
2023-06-26,16,7,4,5,7,0,4,0,5
2023-06-29,19,8,2,9,8,0,2,0,9
2023-07-04,13,4,6,3,4,0,6,0,3
2023-07-05,1,0,1,0,0,0,1,0,0
2023-07-07,14,6,7,1,6,0,7,0,1
2023-07-12,11,3,6,2,3,0,6,0,2
2023-07-17,14,4,8,2,4,0,8,0,2
2023-07-20,9,4,5,0,4,0,5,0,0
2023-07-25,14,6,4,4,6,0,4,0,4
2023-07-28,16,8,5,3,8,0,5,0,3
2023-07-31,1,0,1,0,0,0,1,0,0
2023-08-01,1,0,1,0,0,0,1,0,0
2023-08-02,15,10,3,2,10,0,3,0,2
2023-08-03,1,0,1,0,0,0,1,0,0
2023-08-04,1,0,1,0,0,0,1,0,0
2023-08-07,15,8,2,5,8,0,2,0,5
2023-08-10,14,6,5,3,6,0,5,0,3
2023-08-11,1,0,1,0,0,0,1,0,0
2023-08-15,16,6,6,4,6,0,6,0,4
2023-08-17,1,0,1,0,0,0,1,0,0
2023-08-18,11,6,4,1,6,0,4,0,1
2023-08-23,14,5,6,3,5,0,6,0,3
2023-08-28,17,8,5,4,8,0,5,0,4
2023-08-31,16,4,6,6,4,0,6,0,6
2023-09-05,21,8,4,9,8,0,4,0,9
2023-09-08,15,8,4,3,8,0,4,0,3
2023-09-13,16,7,7,2,7,0,7,0,2
2023-09-18,20,8,6,6,8,0,6,0,6
2023-09-19,1,0,1,0,0,0,1,0,0
2023-09-21,15,7,6,2,7,0,6,0,2
2023-09-26,14,7,3,4,7,0,3,0,4
2023-10-09,11,5,5,1,5,0,5,0,1
2023-10-12,19,2,2,15,2,0,2,0,15
2023-10-13,1,0,1,0,0,0,1,0,0
2023-10-17,13,6,6,1,6,0,6,0,1
2023-10-20,11,4,4,3,4,0,4,0,3
2023-10-25,14,6,6,2,6,0,6,0,2
2023-10-30,11,4,6,1,4,0,6,0,1
2023-11-02,14,2,4,8,2,0,4,0,8
2023-11-07,19,1,1,17,1,0,1,0,17
2023-11-09,1,0,1,0,0,0,1,0,0
2023-11-10,12,10,1,1,10,0,1,0,1
2023-11-15,13,3,6,4,3,0,6,0,4
2023-11-20,15,6,4,5,6,0,4,0,5
2023-11-22,1,0,1,0,0,0,1,0,0
2023-11-23,15,9,4,2,9,0,4,0,2
2023-11-28,19,2,2,15,2,0,2,0,15
2023-11-29,1,0,1,0,0,0,1,0,0
2023-12-01,12,10,2,0,10,0,2,0,0
2023-12-06,15,8,5,2,8,0,5,0,2
2023-12-11,13,5,4,4,5,0,4,0,4
2023-12-14,14,6,4,4,6,0,4,0,4
2023-12-19,11,4,3,4,4,0,3,0,4
2023-12-22,19,3,2,14,3,0,2,0,14
2023-12-25,1,0,0,1,0,0,0,0,1
2023-12-27,15,4,5,6,4,0,5,0,6
2024-01-02,12,1,11,0,0,1,0,11,0
2024-02-01,11,10,1,0,10,0,1,0,0
2024-02-06,14,14,0,0,14,0,0,0,0
2024-02-19,16,11,5,0,11,0,5,0,0
2024-02-21,1,0,1,0,0,0,1,0,0
2024-02-22,21,14,7,0,14,0,7,0,0
2024-02-27,24,10,8,6,10,0,8,0,6
2024-03-01,19,5,5,9,5,0,5,0,9
2024-03-06,24,6,12,6,6,0,12,0,6
2024-03-07,1,0,1,0,0,0,1,0,0
2024-03-11,15,8,4,3,8,0,4,0,3
2024-03-14,15,8,5,2,8,0,5,0,2
2024-03-18,2,0,2,0,0,0,2,0,0
2024-03-19,14,8,6,0,8,0,6,0,0
2024-03-20,1,0,1,0,0,0,1,0,0
2024-03-22,13,6,4,3,6,0,4,0,3
2024-03-26,1,0,0,1,0,0,0,0,1
2024-03-27,23,4,2,17,4,0,2,0,17
2024-03-28,1,0,0,1,0,0,0,0,1
2024-03-29,1,0,0,1,0,0,0,0,1
2024-04-01,14,1,13,0,0,1,0,13,0
2024-05-06,12,10,2,0,10,0,2,0,0
2024-05-07,2,0,2,0,0,0,2,0,0
2024-05-09,10,10,0,0,10,0,0,0,0
2024-05-10,1,0,1,0,0,0,1,0,0
2024-05-14,11,10,1,0,10,0,1,0,0
2024-05-16,1,0,1,0,0,0,1,0,0
2024-05-17,12,11,1,0,11,0,1,0,0
2024-05-22,14,8,1,5,8,0,1,0,5
2024-05-27,17,2,7,8,2,0,7,0,8
2024-05-30,19,3,3,13,3,0,3,0,13
2024-06-04,14,9,5,0,9,0,5,0,0
2024-06-06,1,0,1,0,0,0,1,0,0
2024-06-07,16,8,5,3,8,0,5,0,3
2024-06-11,4,0,3,1,0,0,3,0,1
2024-06-13,18,7,6,5,7,0,6,0,5
2024-06-18,14,7,6,1,7,0,6,0,1
2024-06-19,2,0,1,1,0,0,1,0,1
2024-06-21,15,5,5,5,5,0,5,0,5
2024-06-26,16,6,4,6,6,0,4,0,6
2024-07-01,15,2,7,6,2,0,7,0,6
2024-07-03,2,0,2,0,0,0,2,0,0
2024-07-04,13,7,4,2,7,0,4,0,2
2024-07-05,1,0,1,0,0,0,1,0,0
2024-07-08,1,0,1,0,0,0,1,0,0
2024-07-09,13,6,6,1,6,0,6,0,1
2024-07-12,23,2,3,18,2,0,3,0,18
2024-07-16,1,0,1,0,0,0,1,0,0
2024-07-17,15,10,4,1,10,0,4,0,1
2024-07-18,1,0,1,0,0,0,1,0,0
2024-07-19,1,0,1,0,0,0,1,0,0
2024-07-22,15,9,3,3,9,0,3,0,3
2024-07-23,2,0,2,0,0,0,2,0,0
2024-07-25,16,8,4,4,8,0,4,0,4
2024-07-30,15,4,6,5,4,0,6,0,5
2024-08-02,13,5,5,3,5,0,5,0,3
2024-08-07,15,7,4,4,7,0,4,0,4
2024-08-09,1,0,1,0,0,0,1,0,0
2024-08-12,14,8,6,0,8,0,6,0,0
2024-08-14,1,0,1,0,0,0,1,0,0
2024-08-15,16,9,3,4,9,0,3,0,4
2024-08-20,22,7,2,13,7,0,2,0,13
2024-08-23,21,2,2,17,2,0,2,0,17
2024-08-28,16,11,3,2,11,0,3,0,2
2024-09-02,15,7,6,2,7,0,6,0,2
2024-09-05,14,7,5,2,7,0,5,0,2
2024-09-10,14,5,7,2,5,0,7,0,2
2024-09-12,1,0,1,0,0,0,1,0,0
2024-09-13,15,8,7,0,8,0,7,0,0
2024-09-20,15,6,5,4,6,0,5,0,4
2024-09-25,15,6,8,1,6,0,8,0,1
2024-09-30,15,7,6,2,7,0,6,0,2
2024-10-10,19,7,5,7,7,0,5,0,7
2024-10-11,1,0,0,1,0,0,0,0,1
2024-10-15,21,9,5,7,9,0,5,0,7
2024-10-18,20,11,7,2,11,0,7,0,2
2024-10-21,1,0,1,0,0,0,1,0,0
2024-10-23,20,9,2,9,9,0,2,0,9
2024-10-24,1,0,1,0,0,0,1,0,0
2024-10-28,24,4,1,19,4,0,1,0,19
2024-10-30,1,0,1,0,0,0,1,0,0
2024-10-31,18,9,5,4,9,0,5,0,4
2024-11-01,1,0,1,0,0,0,1,0,0
2024-11-04,1,0,1,0,0,0,1,0,0
2024-11-05,19,11,8,0,11,0,8,0,0
2024-11-06,2,0,2,0,0,0,2,0,0
2024-11-08,21,9,7,5,9,0,7,0,5
2024-11-12,1,0,1,0,0,0,1,0,0
2024-11-13,18,9,7,2,9,0,7,0,2
2024-11-14,1,0,1,0,0,0,1,0,0
2024-11-18,16,7,8,1,7,0,8,0,1
2024-11-21,20,12,7,1,12,0,7,0,1
2024-11-26,21,7,10,4,7,0,10,0,4
2024-11-29,22,11,5,6,11,0,5,0,6
2024-12-04,24,9,3,12,9,0,3,0,12
2024-12-05,1,0,1,0,0,0,1,0,0
2024-12-09,20,9,5,6,9,0,5,0,6
2024-12-10,1,0,1,0,0,0,1,0,0
2024-12-12,15,10,5,0,10,0,5,0,0
2024-12-13,1,0,1,0,0,0,1,0,0
2024-12-17,18,6,7,5,6,0,7,0,5
2024-12-19,1,0,1,0,0,0,1,0,0
2024-12-20,18,10,6,2,10,0,6,0,2
2024-12-24,1,0,1,0,0,0,1,0,0
2024-12-25,18,8,7,3,8,0,7,0,3
2024-12-27,1,0,1,0,0,0,1,0,0
2024-12-30,16,8,6,2,8,0,6,0,2
2025-01-02,14,1,13,0,0,1,0,13,0
2025-02-05,1,0,1,0,0,0,1,0,0
2025-02-06,10,10,0,0,10,0,0,0,0
2025-02-11,12,10,2,0,10,0,2,0,0
2025-02-12,1,0,1,0,0,0,1,0,0
2025-02-14,12,12,0,0,12,0,0,0,0
2025-02-18,4,0,4,0,0,0,4,0,0
2025-02-19,13,12,1,0,12,0,1,0,0
2025-02-20,2,0,2,0,0,0,2,0,0
2025-02-24,15,11,3,1,11,0,3,0,1
2025-02-27,14,7,6,1,7,0,6,0,1
2025-02-28,1,0,1,0,0,0,1,0,0
2025-03-03,1,0,1,0,0,0,1,0,0
2025-03-04,14,9,5,0,9,0,5,0,0
2025-03-07,15,7,7,1,7,0,7,0,1
2025-03-11,3,0,2,1,0,0,2,0,1
2025-03-12,13,9,3,1,9,0,3,0,1
2025-03-17,16,2,8,6,2,0,8,0,6
2025-03-20,11,7,3,1,7,0,3,0,1
2025-03-24,1,1,0,0,1,0,0,0,0
2025-03-25,22,3,2,17,3,0,2,0,17
2025-03-27,2,1,1,0,1,0,1,0,0
2025-03-28,13,8,5,0,8,0,5,0,0
2025-04-01,13,1,12,0,0,1,0,12,0
2025-05-06,1,0,1,0,0,0,1,0,0
2025-05-07,11,10,1,0,10,0,1,0,0
2025-05-12,11,10,1,0,10,0,1,0,0
2025-05-15,11,10,1,0,10,0,1,0,0
2025-05-20,11,10,1,0,10,0,1,0,0
2025-05-23,13,9,1,3,9,0,1,0,3
2025-05-28,12,4,5,3,4,0,5,0,3
2025-06-03,14,7,3,4,7,0,3,0,4
2025-06-06,12,6,4,2,6,0,4,0,2
2025-06-11,15,4,3,8,4,0,3,0,8
2025-06-16,15,8,3,4,8,0,3,0,4
2025-06-19,15,9,3,3,9,0,3,0,3
2025-06-24,13,4,6,3,4,0,6,0,3
2025-06-26,1,0,1,0,0,0,1,0,0
2025-06-27,13,7,3,3,7,0,3,0,3
2025-07-02,15,8,3,4,8,0,3,0,4
2025-07-07,13,4,8,1,4,0,8,0,1
2025-07-10,15,7,5,3,7,0,5,0,3
2025-07-15,16,5,6,5,5,0,6,0,5
2025-07-18,19,3,5,11,3,0,5,0,11
2025-07-23,16,8,4,4,8,0,4,0,4
2025-07-28,12,4,7,1,4,0,7,0,1
2025-07-30,1,0,1,0,0,0,1,0,0
2025-07-31,15,10,3,2,10,0,3,0,2
2025-08-04,1,0,1,0,0,0,1,0,0
2025-08-05,14,6,7,1,6,0,7,0,1
2025-08-07,1,0,1,0,0,0,1,0,0
2025-08-08,14,6,6,2,6,0,6,0,2
2025-08-13,14,6,6,2,6,0,6,0,2
2025-08-18,16,9,5,2,9,0,5,0,2
2025-08-21,17,5,6,6,5,0,6,0,6
2025-08-26,18,10,3,5,10,0,3,0,5
2025-08-29,18,8,5,5,8,0,5,0,5
2025-09-03,21,7,4,10,7,0,4,0,10
2025-09-08,15,10,5,0,10,0,5,0,0
2025-09-11,14,4,7,3,4,0,7,0,3
2025-09-16,13,10,2,1,10,0,2,0,1
2025-09-19,15,8,5,2,8,0,5,0,2
2025-09-24,12,6,4,2,6,0,4,0,2
2025-09-29,19,0,0,19,0,0,0,0,19
2025-10-10,20,3,2,15,3,0,2,0,15
2025-10-15,11,9,2,0,9,0,2,0,0
2025-10-20,16,6,5,5,6,0,5,0,5
2025-10-23,14,6,5,3,6,0,5,0,3
2025-10-28,17,9,3,5,9,0,3,0,5
2025-10-29,1,0,1,0,0,0,1,0,0
2025-10-31,13,10,3,0,10,0,3,0,0
2025-11-05,17,7,6,4,7,0,6,0,4
2025-11-10,14,8,5,1,8,0,5,0,1
2025-11-13,14,8,6,0,8,0,6,0,0
2025-11-18,13,8,4,1,8,0,4,0,1
2025-11-21,18,3,9,6,3,0,9,0,6
2025-11-26,12,6,6,0,6,0,6,0,0
2025-12-01,15,3,6,6,3,0,6,0,6
2025-12-04,16,4,3,9,4,0,3,0,9
2025-12-09,18,3,3,12,3,0,3,0,12
2025-12-12,18,7,3,8,7,0,3,0,8
2025-12-17,16,9,3,4,9,0,3,0,4
2025-12-22,12,5,6,1,5,0,6,0,1
2025-12-25,13,9,3,1,9,0,3,0,1
2025-12-30,13,7,3,3,7,0,3,0,3
2026-01-05,13,1,12,0,0,1,0,12,0
2026-02-02,1,0,1,0,0,0,1,0,0
2026-02-03,10,10,0,0,10,0,0,0,0
2026-02-06,11,10,1,0,10,0,1,0,0
2026-02-11,11,10,1,0,10,0,1,0,0
2026-02-24,12,10,2,0,10,0,2,0,0
2026-02-27,15,9,1,5,9,0,1,0,5
2026-03-04,12,6,5,1,6,0,5,0,1
2026-03-09,14,6,7,1,6,0,7,0,1
2026-03-12,12,7,4,1,7,0,4,0,1
2026-03-17,14,3,5,6,3,0,5,0,6
2026-03-20,12,7,5,0,7,0,5,0,0
2026-03-25,14,5,6,3,5,0,6,0,3
2026-03-30,12,9,3,0,9,0,3,0,0
2026-04-01,13,1,12,0,0,1,0,12,0
2026-05-06,1,0,1,0,0,0,1,0,0
2026-05-07,10,10,0,0,10,0,0,0,0
2026-05-12,12,10,2,0,10,0,2,0,0
2026-05-15,12,10,2,0,10,0,2,0,0
2026-05-20,13,10,3,0,10,0,3,0,0
2026-05-25,17,11,1,5,11,0,1,0,5
2026-05-28,15,8,6,1,8,0,6,0,1
