date,jq_total_asset,local_total_asset,asset_diff,asset_diff_pct,jq_cash,local_cash,cash_diff,jq_position_value,local_position_value,position_value_diff,jq_position_count,local_position_count,position_count_diff,jq_daily_return,local_daily_return,daily_return_diff,jq_cum_return,local_cum_return,cum_return_diff,match_status,diff_reason
2025-01-02,999901.0,999901.0,0.0,0.0,9198.1,,,990702.9,,,1,,,,,,0.0,0.0,0.0,exact_match,none
2025-01-03,999980.2,999980.2,0.0,0.0,9198.1,,,990782.1,,,1,,,7.92078415763342e-05,7.92078415763342e-05,0.0,7.92078415763342e-05,7.92078415763342e-05,0.0,exact_match,none
2025-01-06,1000000.0,1000000.0,0.0,0.0,9198.1,,,990801.9,,,1,,,1.9800392047741866e-05,1.9800392047741866e-05,0.0,9.900980197041775e-05,9.900980197041775e-05,0.0,exact_match,none
2025-01-07,1000079.2,1000079.2,0.0,0.0,9198.1,,,990881.1,,,1,,,7.9200000000057e-05,7.9200000000057e-05,0.0,0.00017821764354675196,0.00017821764354675196,0.0,exact_match,none
2025-01-08,1000405.9,1000405.9,0.0,0.0,9198.1,,,991207.8,,,1,,,0.0003266741274092766,0.0003266741274092766,0.0,0.0005049499900491305,0.0005049499900491305,0.0,exact_match,none
2025-01-09,1000287.1,1000287.1,0.0,0.0,9198.1,,,991089.0,,,1,,,-0.000118751798644956,-0.000118751798644956,0.0,0.0003861382276844072,0.0003861382276844072,0.0,exact_match,none
2025-01-10,1000376.2,1000376.2,0.0,0.0,9198.1,,,991178.1,,,1,,,8.907442673211641e-05,8.907442673211641e-05,0.0,0.0004752470494577832,0.0004752470494577832,0.0,exact_match,none
2025-01-13,1000217.8,1000217.8,0.0,0.0,9198.1,,,991019.7,,,1,,,-0.00015834043232931805,-0.00015834043232931805,0.0,0.0003168313663053368,0.0003168313663053368,0.0,exact_match,none
2025-01-14,1000138.6,1000138.6,0.0,0.0,9198.1,,,990940.5,,,1,,,-7.918275399620978e-05,-7.918275399620978e-05,0.0,0.0002376235247290026,0.0002376235247290026,0.0,exact_match,none
2025-01-15,1000326.7,1000326.7,0.0,0.0,9198.1,,,991128.6,,,1,,,0.00018807393295294794,0.00018807393295294794,0.0,0.0004257421484725743,0.0004257421484725743,0.0,exact_match,none
2025-01-16,1000237.6,1000237.6,0.0,0.0,9198.1,,,991039.5,,,1,,,-8.907090053678068e-05,-8.907090053678068e-05,0.0,0.00033663332669942037,0.00033663332669942037,0.0,exact_match,none
2025-01-17,1000316.8,1000316.8,0.0,0.0,9198.1,,,991118.7,,,1,,,7.918118655014794e-05,7.918118655014794e-05,0.0,0.00041584116827575457,0.00041584116827575457,0.0,exact_match,none
2025-01-20,1000257.4,1000257.4,0.0,0.0,9198.1,,,991059.3,,,1,,,-5.93811880396089e-05,-5.93811880396089e-05,0.0,0.0003564352870935039,0.0003564352870935039,0.0,exact_match,none
2025-01-21,1000386.1,1000386.1,0.0,0.0,9198.1,,,991188.0,,,1,,,0.00012866688114465674,0.00012866688114465674,0.0,0.00048514802965482495,0.00048514802965482495,0.0,exact_match,none
2025-01-22,1000475.2,1000475.2,0.0,0.0,9198.1,,,991277.1,,,1,,,8.906561176735828e-05,8.906561176735828e-05,0.0,0.0005742568514282009,0.0005742568514282009,0.0,exact_match,none
2025-01-23,1000415.8,1000415.8,0.0,0.0,9198.1,,,991217.7,,,1,,,-5.9371786526929426e-05,-5.9371786526929426e-05,0.0,0.0005148509702461723,0.0005148509702461723,0.0,exact_match,none
2025-01-24,1000435.6,1000435.6,0.0,0.0,9198.1,,,991237.5,,,1,,,1.9791770581756296e-05,1.9791770581756296e-05,0.0,0.0005346529306400338,0.0005346529306400338,0.0,exact_match,none
2025-01-27,1001079.1,1001079.1,0.0,0.0,9198.1,,,991881.0,,,1,,,0.0006432198134491696,0.0006432198134491696,0.0,0.0011782166434477492,0.0011782166434477492,0.0,exact_match,none
2025-02-05,1009580.9,1009580.9,0.0,0.0,804121.9,,,205459.0,,,10,,,0.008492635596927478,0.008492635596927478,0.0,0.009680858404982118,0.009680858404982118,0.0,exact_match,none
2025-02-06,1013365.88,1013365.88,0.0,0.0,809130.88,,,204235.0,,,10,,,0.003749060625057421,0.003749060625057421,0.0,0.013466213155102436,0.013466213155102436,0.0,exact_match,none
2025-02-07,1018218.88,1018218.88,0.0,0.0,809130.88,,,209088.0,,,10,,,0.004788990922015346,0.004788990922015346,0.0,0.01831969364967123,0.01831969364967123,0.0,exact_match,none
2025-02-10,1034789.22,1034789.22,0.0,0.0,616581.22,,,418208.0,,,11,,,0.016273848703335814,0.016273848703335814,0.0,0.03489167427575324,0.03489167427575324,0.0,exact_match,none
2025-02-11,1035201.22,1035201.22,0.0,0.0,616581.22,,,418620.0,,,11,,,0.0003981487167019626,0.0003981487167019626,0.0,0.03530371506779173,0.03530371506779173,0.0,exact_match,none
2025-02-12,1031578.26,1031578.27,-0.010000000009313226,-9.693883925369256e-09,623518.26,,,408060.0,,,11,,,-0.0034997640362131044,-0.0034997543762553818,-9.659957722618628e-09,0.03168039635923958,0.03168040636022962,-1.0000990036118651e-08,exact_match,none
2025-02-13,1023957.26,1023957.27,-0.010000000009313226,-9.766032531136016e-09,417806.26,,,606151.0,,,12,,,-0.007387709004259113,-0.007387708932643622,-7.161549131495804e-11,0.02405864180553885,0.024058651806528886,-1.0000990036118651e-08,exact_match,none
2025-02-14,1023512.26,1023512.27,-0.010000000009313226,-9.77027858133369e-09,417806.26,,,605706.0,,,12,,,-0.00043458845147503755,-0.00043458844723076595,-4.244271600839511e-12,0.023613597746176884,0.02361360774716692,-1.0000990036118651e-08,exact_match,none
2025-02-17,1062697.26,1062697.27,-0.010000000009313226,-9.41001759542793e-09,417806.26,,,644891.0,,,12,,,0.03828483695935403,0.038284836585300575,3.740534548768437e-10,0.06280247744526712,0.06280248744625716,-1.0000990036118651e-08,exact_match,none
2025-02-18,1060489.58,1060365.71,123.87000000011176,0.00011681818718950442,222212.58,,,838277.0,,,14,,,-0.0020774307821213034,-0.0021940020604362953,0.00011657127831499192,0.06059457886330755,0.0604706965989632,0.0001238822643443438,small_diff,cascade_residual
2025-02-19,1075875.04,1075751.17,123.87000000011176,0.00011514744622598158,226743.04,,,849132.0,,,14,,,0.014507884179305153,0.01450957896403482,-1.6947847296666652e-06,0.07598156217465535,0.075857679910311,0.0001238822643443438,small_diff,cascade_residual
2025-02-20,1076043.58,1075919.71,123.87000000011176,0.00011512940868060848,233188.58,,,842855.0,,,14,,,0.00015665388054730833,0.00015667191884172205,-1.803829441371363e-08,0.07615011886176748,0.07602623659742314,0.0001238822643443438,small_diff,cascade_residual
2025-02-21,1066385.35,1066258.49,126.86000000010245,0.00011897677832333363,2914.35,,,1063471.0,,,15,,,-0.00897568665388071,-0.008979499037154004,3.812383273293918e-06,0.06649093260232775,0.06636406004194417,0.00012687256038357297,small_diff,cascade_residual
2025-02-24,1074639.35,1074512.49,126.86000000010245,0.00011806284355066217,2914.35,,,1071725.0,,,15,,,0.007740166347934174,0.007741087247989942,-9.20900055767504e-07,0.07474574982923321,0.07461887726884964,0.00012687256038357297,small_diff,cascade_residual
2025-02-25,1074895.35,1074768.49,126.86000000010245,0.00011803472206382087,2914.35,,,1071981.0,,,15,,,0.00023821945474078454,0.00023824757960699827,-2.8124866213730115e-08,0.07500177517574258,0.074874902615359,0.00012687256038357297,small_diff,cascade_residual
2025-02-26,1086332.55,1086205.69,126.86000000010245,0.00011679187576351442,862.55,,,1085470.0,,,15,,,0.010640291633971621,0.010641547557837194,-1.2559238655729388e-06,0.08644010757064957,0.086313235010266,0.00012687256038357297,small_diff,cascade_residual
2025-02-27,1083362.55,1083235.69,126.86000000010245,0.00011711209404492799,862.55,,,1082500.0,,,15,,,-0.002733969446096385,-0.0027342887515162673,3.193054198824541e-07,0.0834698135115377,0.08334294095115413,0.00012687256038357297,small_diff,cascade_residual
2025-02-28,1066193.02,1066066.15,126.87000000011176,0.00011900762443316653,5389.02,,,1060804.0,,,15,,,-0.015848369504742443,-0.015850234772083693,1.865267341250032e-06,0.06629858355977247,0.06617170099839864,0.00012688256137383114,small_diff,cascade_residual
2025-03-03,1065467.6,1065340.73,126.87000000011176,0.00011908866001970258,27081.6,,,1038386.0,,,14,,,-0.0006803833699829953,-0.0006804643407914979,8.097080850255622e-08,0.06557309173608195,0.06544620917470834,0.0001268825613736091,small_diff,cascade_residual
2025-03-04,1071178.6,1071051.73,126.87000000011176,0.00011845366236429286,27081.6,,,1044097.0,,,14,,,0.005360087908820477,0.005360726234507229,-6.383256867525944e-07,0.07128465718106103,0.07115777461968742,0.0001268825613736091,small_diff,cascade_residual
2025-03-05,1060936.6,1060809.73,126.87000000011176,0.0001195973193044824,27081.6,,,1033855.0,,,14,,,-0.009561430745535837,-0.009562563332025098,1.132586489260845e-06,0.06104164312266924,0.06091476056129563,0.0001268825613736091,small_diff,cascade_residual
2025-03-06,1076384.7,1076257.83,126.86999999987893,0.00011788067548821356,1926.7,,,1074458.0,,,13,,,0.01456081353023353,0.014562554964498764,-1.7414342652344317e-06,0.07649127263599098,0.07636439007461737,0.0001268825613736091,small_diff,cascade_residual
2025-03-07,1060974.7,1060847.83,126.86999999987893,0.00011959302400597729,1926.7,,,1059048.0,,,13,,,-0.014316442810827779,-0.014318130442776855,1.6876319490766178e-06,0.061079746894942444,0.06095286433356906,0.00012688256137338705,small_diff,cascade_residual
2025-03-10,1102867.7,1102740.83,126.86999999987893,0.00011504969848616099,1926.7,,,1100941.0,,,13,,,0.03948539017942654,0.03949011235664224,-4.722177215699119e-06,0.10297689471257643,0.10285001215120304,0.00012688256137338705,small_diff,cascade_residual
2025-03-11,1106399.39,1106276.53,122.85999999986961,0.0001110572236399787,36487.39,,,1069912.0,,,11,,,0.003202278931552671,0.0032062837466533267,-4.004815100655534e-06,0.10650893438450404,0.10638606222015978,0.00012287216434425652,small_diff,cascade_residual
2025-03-12,1112424.39,1112311.53,112.85999999986961,0.00010146438021717676,36487.39,,,1075937.0,,,11,,,0.005445592300986402,0.005455236404590558,-9.644103604156129e-06,0.1125345309185608,0.11242165974431462,0.00011287117424618742,small_diff,cascade_residual
2025-03-13,1097351.39,1097249.53,101.85999999986961,9.283211996442561e-05,36487.39,,,1060864.0,,,11,,,-0.01354968493633979,-0.013541170430913407,-8.514505426382435e-06,0.0974600385438158,0.09735816845867751,0.00010187008513828921,small_diff,cascade_residual
2025-03-14,1118960.89,1118868.32,92.56999999983236,8.273538390990671e-05,253.89,,,1118707.0,,,12,,,0.019692415936156893,0.019702710649600386,-1.0294713443492753e-05,0.1190716780961314,0.11897909893079417,9.257916533722543e-05,small_diff,cascade_residual
2025-03-17,1128623.89,1128531.32,92.56999999983236,8.202696580882874e-05,253.89,,,1128370.0,,,12,,,0.008635690564663179,0.00863640504183727,-7.144771740907885e-07,0.1287356348278479,0.12864305566251066,9.257916533722543e-05,small_diff,cascade_residual
2025-03-18,1128134.89,1128042.32,92.56999999983236,8.206252403707013e-05,253.89,,,1127881.0,,,12,,,-0.0004332709987203698,-0.0004333065386258328,3.553990546301122e-08,0.12824658641205477,0.12815400724671755,9.257916533722543e-05,small_diff,cascade_residual
2025-03-19,1125231.41,1125138.85,92.55999999982305,8.226540217664961e-05,150.41,,,1125081.0,,,12,,,-0.0025736993206547654,-0.0025739016600014875,2.023393467220913e-07,0.12534281893907484,0.12525024977472787,9.256916434696727e-05,small_diff,cascade_residual
2025-03-20,1133342.41,1133249.85,92.55999999982305,8.167660467797374e-05,150.41,,,1133192.0,,,12,,,0.007208295047504976,0.007208888040796113,-5.929932911374891e-07,0.13345462200757874,0.13336205284323155,9.256916434718931e-05,small_diff,cascade_residual
2025-03-21,1113962.41,1113869.85,92.55999999982305,8.309767967938358e-05,150.41,,,1113812.0,,,12,,,-0.017099863050214492,-0.017101259708968808,1.396658754315716e-06,0.11407270319761653,0.11398013403326934,9.256916434718931e-05,small_diff,cascade_residual
2025-03-24,1064749.5,1064788.94,-39.43999999994412,-3.70402044182992e-05,48.5,,,1064701.0,,,12,,,-0.044178250144006115,-0.04406341548790471,-0.00011483465610140353,0.06485492063714315,0.06489436454208963,-3.944390494647898e-05,small_diff,cascade_residual
2025-03-25,1059477.76,1059575.46,-97.69999999995343,-9.220674099035235e-05,16761.76,,,1042716.0,,,12,,,-0.004951155177814082,-0.004896256717317082,-5.489846049699931e-05,0.059582658683209555,0.059680368356467284,-9.770967325772872e-05,small_diff,cascade_residual
2025-03-26,1089719.76,1089803.46,-83.69999999995343,-7.680283929356715e-05,16761.76,,,1072958.0,,,12,,,0.028544251839698775,0.02852840702822612,1.584481147265393e-05,0.08982765293764094,0.08991136122476129,-8.370828712034317e-05,small_diff,cascade_residual
2025-03-27,1066961.2,1067040.9,-79.69999999995343,-7.469254458751622e-05,26555.2,,,1040406.0,,,12,,,-0.020884782340736874,-0.02088684871674018,2.0663760033068357e-06,0.06706683961712212,0.06714654750820315,-7.970789108102672e-05,small_diff,cascade_residual
2025-03-28,1030264.53,1030344.23,-79.69999999995343,-7.735278917411266e-05,33212.53,,,997052.0,,,12,,,-0.0343936311835894,-0.03439106223575861,-2.5689478307944213e-06,0.030366536287092405,0.030446244178173654,-7.970789108124876e-05,small_diff,cascade_residual
2025-03-31,1001574.53,1001654.23,-79.69999999995343,-7.956837560597477e-05,33212.53,,,968362.0,,,12,,,-0.027847217063757368,-0.027845063003846815,-2.1540599105529523e-06,0.0016736956958738336,0.0017534035869550824,-7.970789108124876e-05,small_diff,cascade_residual
2025-04-01,1005275.13,1005354.84,-79.70999999996275,-7.92854391589369e-05,6206.13,,,999069.0,,,2,,,0.0036947824541824215,0.0036944984498292754,2.840043531460168e-07,0.005374662091547133,0.005454379983618418,-7.971789207128488e-05,small_diff,cascade_residual
2025-04-02,1005347.13,1005426.84,-79.70999999996275,-7.927976141950095e-05,6206.13,,,999141.0,,,2,,,7.16221836702946e-05,7.161650507403472e-05,5.678596259883761e-09,0.005446669220252831,0.005526387112324116,-7.971789207128488e-05,small_diff,cascade_residual
2025-04-03,1005392.13,1005471.84,-79.70999999996275,-7.92762132452787e-05,6206.13,,,999186.0,,,2,,,4.476065893777026e-05,4.4757110323478955e-05,3.548614291304375e-09,0.005491673675693809,0.005571391567765094,-7.971789207128488e-05,small_diff,cascade_residual
2025-04-07,1005311.13,1005390.84,-79.70999999996275,-7.92826001875676e-05,6206.13,,,999105.0,,,2,,,-8.056557991953373e-05,-8.055919298544101e-05,-6.386934092716956e-09,0.005410665655899871,0.005490383547971156,-7.971789207128488e-05,small_diff,cascade_residual
2025-04-08,1014987.13,1015066.84,-79.70999999996275,-7.852684853734632e-05,6206.13,,,1008781.0,,,2,,,0.00962488100574399,0.009624117920151276,7.630855927143188e-07,0.0150876236747437,0.015167341566814985,-7.971789207128488e-05,small_diff,cascade_residual
2025-04-09,1025518.13,1025597.84,-79.70999999996275,-7.772052250028408e-05,6206.13,,,1019312.0,,,2,,,0.01037550101743645,0.010374686262039745,8.147553967052801e-07,0.02561966634696833,0.025699384239039613,-7.971789207128488e-05,small_diff,cascade_residual
2025-04-10,1029465.13,1029544.84,-79.70999999996275,-7.742256277051784e-05,6206.13,,,1023259.0,,,2,,,0.0038487861740679197,0.0038484870443955543,2.9912967236533916e-07,0.029567057138656816,0.0296467750307281,-7.971789207128488e-05,small_diff,cascade_residual
2025-04-11,1018552.13,1018631.84,-79.70999999996275,-7.825202086748314e-05,6206.13,,,1012346.0,,,2,,,-0.010600650456222827,-0.010599829726697485,-8.207295253415126e-07,0.018652976644687902,0.018732694536759187,-7.971789207128488e-05,small_diff,cascade_residual
2025-04-14,1018517.13,1018596.84,-79.70999999996275,-7.825470968470975e-05,6206.13,,,1012311.0,,,2,,,-3.436250238852967e-05,-3.4359813453344046e-05,-2.688935185624075e-09,0.01861797317934477,0.018697691071416056,-7.971789207128488e-05,small_diff,cascade_residual
2025-04-15,1023008.13,1023087.84,-79.70999999996275,-7.791119870993946e-05,6206.13,,,1016802.0,,,2,,,0.004409351465693989,0.004409006413175209,3.4505251877980925e-07,0.02310941783236542,0.023189135724436705,-7.971789207128488e-05,small_diff,cascade_residual
2025-04-16,1018447.13,1018526.84,-79.70999999996275,-7.826008787354366e-05,6206.13,,,1012241.0,,,2,,,-0.004458420090952764,-0.004458072730099127,-3.4736085363640257e-07,0.01854796624865873,0.018627684140729794,-7.971789207106283e-05,small_diff,cascade_residual
2025-04-17,1014981.13,1015060.84,-79.70999999996275,-7.852731270764297e-05,6206.13,,,1008775.0,,,2,,,-0.003403220351752556,-0.003402954015428783,-2.663363237731531e-07,0.015081623080684947,0.015161340972756232,-7.971789207128488e-05,small_diff,cascade_residual
2025-04-18,1016122.13,1016201.84,-79.70999999996275,-7.843914157837261e-05,6206.13,,,1009916.0,,,2,,,0.0011241588304207184,0.0011240705532487016,8.827717201675966e-08,0.016222736050869102,0.016302453942940387,-7.971789207128488e-05,small_diff,cascade_residual
2025-04-21,1015115.13,1015194.84,-79.70999999996275,-7.851694754473215e-05,6206.13,,,1008909.0,,,2,,,-0.0009910226047334936,-0.0009909448697711376,-7.773496235596866e-08,0.015215636347998496,0.01529535424006978,-7.971789207128488e-05,small_diff,cascade_residual
2025-04-22,1015552.13,1015631.84,-79.70999999996275,-7.848316374165932e-05,6206.13,,,1009346.0,,,2,,,0.0004304930417105002,0.0004304592407109453,3.380099955485605e-08,0.015652679615281828,0.015732397507353113,-7.971789207128488e-05,small_diff,cascade_residual
2025-04-23,1013200.13,1013279.84,-79.70999999996275,-7.866533691222234e-05,6206.13,,,1006994.0,,,2,,,-0.0023159815537977524,-0.0023157997882382597,-1.817655594926748e-07,0.0133004467442277,0.013380164636298986,-7.971789207128488e-05,small_diff,cascade_residual
2025-04-24,1013557.13,1013636.84,-79.70999999996275,-7.863763120523791e-05,6206.13,,,1007351.0,,,2,,,0.0003523489480798947,0.00035232123043127395,2.771764862075088e-08,0.013657482090726925,0.01373719998279821,-7.971789207128488e-05,small_diff,cascade_residual
2025-04-25,1014003.13,1014082.84,-79.70999999996275,-7.860304588130369e-05,6206.13,,,1007797.0,,,2,,,0.000440034396482325,0.0004399997932198474,3.4603262477617136e-08,0.014103526249098719,0.014183244141170004,-7.971789207128488e-05,small_diff,cascade_residual
2025-04-28,1013985.13,1014064.84,-79.70999999996275,-7.860444111242704e-05,6206.13,,,1007779.0,,,2,,,-1.775142449511602e-05,-1.7750029179031124e-05,-1.3953160848956259e-09,0.014085524466922239,0.014165242358993524,-7.971789207128488e-05,small_diff,cascade_residual
2025-04-29,1016551.13,1016630.84,-79.70999999996275,-7.840604166598247e-05,6206.13,,,1010345.0,,,2,,,0.0025306091027192945,0.002530410185605181,1.9891711411368362e-07,0.016651778526074024,0.01673149641814531,-7.971789207128488e-05,small_diff,cascade_residual
2025-04-30,1020794.13,1020873.84,-79.70999999996275,-7.808016708505602e-05,6206.13,,,1014588.0,,,2,,,0.004173916957821877,0.004173589697515023,3.27260306853816e-07,0.020895198624663935,0.02097491651673522,-7.971789207128488e-05,small_diff,cascade_residual
2025-05-06,1027510.32,1027590.03,-79.71000000007916,-7.756984563199699e-05,822083.32,,,205427.0,,,10,,,0.006579377567541345,0.006578863848641703,5.137188996418018e-07,0.027612053593305763,0.027691771485377048,-7.971789207128488e-05,small_diff,cascade_residual
2025-05-07,1028690.32,1028770.03,-79.71000000007916,-7.748087296057717e-05,822083.32,,,206607.0,,,10,,,0.0011484069571194855,0.0011483178753690648,8.908175042066091e-08,0.02879217042487192,0.028871888316943428,-7.971789207150692e-05,small_diff,cascade_residual
2025-05-08,1031631.32,1031711.03,-79.71000000007916,-7.726000564332355e-05,822083.32,,,209548.0,,,10,,,0.0028589750898015964,0.00285875357391574,2.2151588585650472e-07,0.03173346161269963,0.031813179504770916,-7.971789207128488e-05,small_diff,cascade_residual
2025-05-09,1027692.46,1027772.17,-79.71000000007916,-7.755609883859684e-05,623189.46,,,404503.0,,,11,,,-0.0038180888110298516,-0.0038177938254667643,-2.949855630873799e-07,0.02779421162695095,0.027873929519022456,-7.971789207150692e-05,small_diff,cascade_residual
2025-05-12,1032116.46,1032196.17,-79.71000000007916,-7.722369285683278e-05,623189.46,,,408927.0,,,11,,,0.004304789781176321,0.0043044559184746145,3.338627017068774e-07,0.032218649646315045,0.03229836753838633,-7.971789207128488e-05,small_diff,cascade_residual
2025-05-13,1027831.46,1027911.17,-79.71000000007916,-7.754561126140808e-05,623189.46,,,404642.0,,,11,,,-0.004151663272572992,-0.004151342665803526,-3.20606769466103e-07,0.02793322538931342,0.028012943281384928,-7.971789207150692e-05,small_diff,cascade_residual
2025-05-14,1023274.46,1023354.17,-79.71000000007916,-7.789092216244076e-05,414960.46,,,608314.0,,,12,,,-0.004433606264591328,-0.004433262457883447,-3.438067078809226e-07,0.023375774201645827,0.023455492093717334,-7.971789207150692e-05,small_diff,cascade_residual
2025-05-15,1026855.46,1026935.17,-79.71000000007916,-7.761931067185007e-05,414960.46,,,611895.0,,,12,,,0.0034995498666114955,0.0034992772834452346,2.7258316626088686e-07,0.02695712875574685,0.027036846647818136,-7.971789207128488e-05,small_diff,cascade_residual
2025-05-16,1029557.46,1029637.17,-79.71000000007916,-7.741562010633238e-05,414960.46,,,614597.0,,,12,,,0.002631334306777644,0.0026311300644226154,2.0424235502858323e-07,0.02965939628023162,0.029739114172303127,-7.971789207150692e-05,small_diff,cascade_residual
2025-05-19,1042894.46,1042966.17,-71.71000000007916,-6.875582551261386e-05,214430.46,,,828464.0,,,12,,,0.01295410942872488,0.012945336851038602,8.772577686277927e-06,0.04299771677396058,0.043069433873953455,-7.171709999287401e-05,small_diff,cascade_residual
2025-05-20,1062797.46,1062887.17,-89.70999999996275,-8.440218541725624e-05,214430.46,,,848367.0,,,12,,,0.019084385585862673,0.019100331892835776,-1.594630697310251e-05,0.0629026873660492,0.06299240624821856,-8.971888216935398e-05,small_diff,cascade_residual
2025-05-21,1048617.46,1048697.17,-79.70999999996275,-7.60085964568425e-05,214430.46,,,834187.0,,,12,,,-0.013342147054058673,-0.01335042928404151,8.282229982836675e-06,0.04872128340705717,0.048801001299128455,-7.971789207128488e-05,small_diff,cascade_residual
2025-05-22,1031445.46,1031514.17,-68.71000000007916,-6.661081543851128e-05,4678.46,,,1026767.0,,,12,,,-0.016375847871157867,-0.01638509237132768,9.244500169813819e-06,0.03154758321073792,0.031616300013701304,-6.871680296338667e-05,small_diff,cascade_residual
2025-05-23,1018482.46,1018551.17,-68.71000000007916,-6.745856469840309e-05,4678.46,,,1013804.0,,,12,,,-0.012567799755500375,-0.012566962604110388,-8.371513899874117e-07,0.01858329974667483,0.01865201654963844,-6.871680296360871e-05,small_diff,cascade_residual
2025-05-26,1031354.46,1031423.17,-68.71000000007916,-6.661669235148088e-05,4678.46,,,1026676.0,,,12,,,0.012638411072881883,0.012637558503810764,8.525690711191913e-07,0.03145657420084591,0.03152529100380952,-6.871680296360871e-05,small_diff,cascade_residual
2025-05-27,1040730.06,1040798.78,-68.71999999997206,-6.60262111375381e-05,2770.06,,,1037960.0,,,11,,,0.00909057008392633,0.00908997419555746,5.958883688705896e-07,0.04083310247714533,0.040901829281098756,-6.872680395342279e-05,small_diff,cascade_residual
2025-05-28,1033866.06,1033934.78,-68.71999999997206,-6.646454044226277e-05,2770.06,,,1031096.0,,,11,,,-0.0065953701769697615,-0.006594934709665989,-4.3546730377208576e-07,0.03396842287386459,0.034037149677818235,-6.872680395364483e-05,small_diff,cascade_residual
2025-05-29,1054736.06,1054804.7799999998,-68.71999999973923,-6.514949619373098e-05,2770.06,,,1051966.0,,,11,,,0.02018636727469314,0.020185025597068806,1.3416776243335704e-06,0.054840489208431764,0.054909216012384965,-6.872680395320074e-05,small_diff,cascade_residual
2025-05-30,1048791.38,1048860.1,-68.72000000020489,-6.551874744801989e-05,588.38,,,1048203.0,,,10,,,-0.005636177832016309,-0.005635810637869554,-3.6719414675534523e-07,0.04889522062684204,0.048963947430795685,-6.872680395364483e-05,small_diff,cascade_residual
2025-06-03,1056576.38,1056645.1,-68.72000000020489,-6.503602770713164e-05,588.38,,,1055988.0,,,10,,,0.007422829886340132,0.007422343551823474,4.863345166583599e-07,0.056680991418150306,0.05674971822210417,-6.872680395386688e-05,small_diff,cascade_residual
2025-06-04,1066112.38,1066181.1,-68.72000000020489,-6.445434082465435e-05,588.38,,,1065524.0,,,10,,,0.009025376849707722,0.009024789875048844,5.869746588782476e-07,0.06621793557562183,0.0662866623795757,-6.872680395386688e-05,small_diff,cascade_residual
2025-06-05,1065153.97,1065222.69,-68.71999999997206,-6.451233215842602e-05,373.97,,,1064780.0,,,10,,,-0.0008989765225312363,-0.0008989185795923449,-5.7942938891386575e-08,0.0652594306836376,0.06532815748759124,-6.872680395364483e-05,small_diff,cascade_residual
2025-06-06,1076704.97,1076773.69,-68.71999999997206,-6.382028149292175e-05,373.97,,,1076331.0,,,10,,,0.01084444157871367,0.01084374197849658,6.996002170911453e-07,0.07681157434586017,0.07688030114981381,-6.872680395364483e-05,small_diff,cascade_residual
2025-06-09,1093866.97,1093935.69,-68.71999999997206,-6.281904926236758e-05,373.97,,,1093493.0,,,10,,,0.015939371023800497,0.015938353768655045,1.017255145452367e-06,0.09397527355208157,0.09404400035603522,-6.872680395364483e-05,small_diff,cascade_residual
2025-06-10,1085111.89,1085180.61,-68.72000000020489,-6.332586425425062e-05,717.89,,,1084394.0,,,10,,,-0.0080037886142591,-0.008003285823867667,-5.027903914323062e-07,0.08521932671334453,0.0852880535172984,-6.872680395386688e-05,small_diff,cascade_residual
2025-06-11,1086910.89,1086979.61,-68.72000000020489,-6.322105710907022e-05,717.89,,,1086193.0,,,10,,,0.001657893546812117,0.0016577885592703456,1.0498754177135083e-07,0.08701850483197826,0.08708723163593213,-6.872680395386688e-05,small_diff,cascade_residual
2025-06-12,1092313.89,1092382.61,-68.72000000020489,-6.290836138466621e-05,717.89,,,1091596.0,,,10,,,0.00497096868723057,0.004970654417335352,3.142698952185441e-07,0.09242203978193841,0.09249076658589206,-6.872680395364483e-05,small_diff,cascade_residual
2025-06-13,1066783.73,1066852.45,-68.71999999997206,-6.441378093097322e-05,897.73,,,1065886.0,,,11,,,-0.023372549075614035,-0.023371078746850515,-1.4703287635198237e-06,0.06688935204585245,0.06695807884980609,-6.872680395364483e-05,small_diff,cascade_residual
2025-06-16,1080641.73,1080710.45,-68.71999999997206,-6.358780004391747e-05,897.73,,,1079744.0,,,11,,,0.012990449338780241,0.01298961257482234,8.367639579009989e-07,0.08074872412368816,0.08081745092764181,-6.872680395364483e-05,small_diff,cascade_residual
2025-06-17,1076386.73,1076455.45,-68.71999999997206,-6.383914912593184e-05,897.73,,,1075489.0,,,11,,,-0.003937475188932393,-0.003937224813547413,-2.5037538498029477e-07,0.07649330283698075,0.07656202964093439,-6.872680395364483e-05,small_diff,cascade_residual
2025-06-18,1065673.84,1065742.5499999998,-68.70999999972992,-6.447148047127323e-05,307.84,,,1065366.0,,,12,,,-0.009952640348882658,-0.0099520142705396,-6.260783430578343e-07,0.06577935215586361,0.06584806895882678,-6.871680296316462e-05,small_diff,cascade_residual
