date,time,snapshot_type,total_asset,cash,available_cash,position_market_value_reported,position_market_value_calculated,position_count,code,position_qty,available_qty,market_price,market_value,source_file,source_line_no,parse_status
2026-05-06,,account,1001161.0,805259.0,805259.0,195902.0,195902.0,10,,,,,,母版持仓&资金记录-20260501-20260623.txt,6,parsed
2026-05-07,,account,1001845.0,805259.0,805259.0,196586.0,196586.0,10,,,,,,母版持仓&资金记录-20260501-20260623.txt,19,parsed
2026-05-08,,account,1004250.0,805259.0,805259.0,198991.0,198991.0,10,,,,,,母版持仓&资金记录-20260501-20260623.txt,32,parsed
2026-05-11,,account,1006704.0,608407.0,608407.0,398297.0,398297.0,11,,,,,,母版持仓&资金记录-20260501-20260623.txt,45,parsed
2026-05-12,,account,1002712.0,608407.0,608407.0,394305.0,394305.0,11,,,,,,母版持仓&资金记录-20260501-20260623.txt,59,parsed
2026-05-13,,account,1002141.0,608407.0,608407.0,393734.0,393734.0,11,,,,,,母版持仓&资金记录-20260501-20260623.txt,73,parsed
2026-05-14,,account,1009405.0,410485.0,410485.0,598920.0,598920.0,12,,,,,,母版持仓&资金记录-20260501-20260623.txt,87,parsed
2026-05-15,,account,1000895.0,410485.0,410485.0,590410.0,590410.0,12,,,,,,母版持仓&资金记录-20260501-20260623.txt,102,parsed
2026-05-18,,account,1007618.0,410485.0,410485.0,597133.0,597133.0,12,,,,,,母版持仓&资金记录-20260501-20260623.txt,117,parsed
2026-05-19,,account,1006694.04,207908.04,207908.04,798786.0,798786.0,12,,,,,,母版持仓&资金记录-20260501-20260623.txt,132,parsed
2026-05-20,,account,994873.04,207908.04,207908.04,786965.0,786965.0,12,,,,,,母版持仓&资金记录-20260501-20260623.txt,147,parsed
2026-05-21,,account,964765.04,207908.04,207908.04,756857.0,756857.0,12,,,,,,母版持仓&资金记录-20260501-20260623.txt,162,parsed
2026-05-22,,account,995178.04,10199.04,10199.04,984979.0,984979.0,13,,,,,,母版持仓&资金记录-20260501-20260623.txt,177,parsed
2026-05-25,,account,977240.04,10199.04,10199.04,967041.0,967041.0,13,,,,,,母版持仓&资金记录-20260501-20260623.txt,193,parsed
2026-05-26,,account,958263.04,10199.04,10199.04,948064.0,948064.0,13,,,,,,母版持仓&资金记录-20260501-20260623.txt,209,parsed
2026-05-27,,account,935438.27,5323.27,5323.27,930115.0,930115.0,13,,,,,,母版持仓&资金记录-20260501-20260623.txt,225,parsed
2026-05-28,,account,933795.27,5323.27,5323.27,928472.0,928472.0,13,,,,,,母版持仓&资金记录-20260501-20260623.txt,241,parsed
2026-05-29,,account,907128.27,5323.27,5323.27,901805.0,901805.0,13,,,,,,母版持仓&资金记录-20260501-20260623.txt,257,parsed
2026-06-01,,account,930927.41,5291.41,5291.41,925636.0,925636.0,14,,,,,,母版持仓&资金记录-20260501-20260623.txt,273,parsed
2026-06-02,,account,898242.41,5599.41,5599.41,892643.0,892643.0,14,,,,,,母版持仓&资金记录-20260501-20260623.txt,290,parsed
2026-06-03,,account,884565.41,5599.41,5599.41,878966.0,878966.0,14,,,,,,母版持仓&资金记录-20260501-20260623.txt,307,parsed
2026-06-04,,account,862527.42,1203.42,1203.42,861324.0,861324.0,13,,,,,,母版持仓&资金记录-20260501-20260623.txt,324,parsed
2026-06-05,,account,879159.42,1203.42,1203.42,877956.0,877956.0,13,,,,,,母版持仓&资金记录-20260501-20260623.txt,340,parsed
2026-06-08,,account,849374.42,1203.42,1203.42,848171.0,848171.0,13,,,,,,母版持仓&资金记录-20260501-20260623.txt,356,parsed
2026-06-09,,account,857494.42,1225.42,1225.42,856269.0,856269.0,13,,,,,,母版持仓&资金记录-20260501-20260623.txt,372,parsed
2026-06-10,,account,844124.42,1225.42,1225.42,842899.0,842899.0,13,,,,,,母版持仓&资金记录-20260501-20260623.txt,388,parsed
2026-06-11,,account,833510.42,1225.42,1225.42,832285.0,832285.0,13,,,,,,母版持仓&资金记录-20260501-20260623.txt,404,parsed
2026-06-12,,account,837698.57,139.57,139.57,837559.0,837559.0,13,,,,,,母版持仓&资金记录-20260501-20260623.txt,420,parsed
2026-06-15,,account,825656.57,139.57,139.57,825517.0,825517.0,13,,,,,,母版持仓&资金记录-20260501-20260623.txt,436,parsed
2026-06-16,,account,829190.57,139.57,139.57,829051.0,829051.0,13,,,,,,母版持仓&资金记录-20260501-20260623.txt,452,parsed
2026-06-17,,account,806079.34,1494.34,1494.34,804585.0,804585.0,13,,,,,,母版持仓&资金记录-20260501-20260623.txt,468,parsed
2026-06-18,,account,801540.34,1494.34,1494.34,800046.0,800046.0,13,,,,,,母版持仓&资金记录-20260501-20260623.txt,484,parsed
2026-06-22,,account,815795.34,1494.34,1494.34,814301.0,814301.0,13,,,,,,母版持仓&资金记录-20260501-20260623.txt,500,parsed
2026-06-23,,account,834499.06,1429.06,1429.06,833070.0,833070.0,13,,,,,,母版持仓&资金记录-20260501-20260623.txt,516,parsed
2026-06-24,,account,788859.06,1429.06,1429.06,787430.0,787430.0,13,,,,,,母版持仓&资金记录-20260501-20260623.txt,532,parsed
2026-05-06,,position,1001161.0,805259.0,805259.0,195902.0,195902.0,10,300665.XSHE,2300,2300,8.81,20263.0,母版持仓&资金记录-20260501-20260623.txt,7,parsed
2026-05-06,,position,1001161.0,805259.0,805259.0,195902.0,195902.0,10,301098.XSHE,2000,2000,9.64,19280.0,母版持仓&资金记录-20260501-20260623.txt,8,parsed
2026-05-06,,position,1001161.0,805259.0,805259.0,195902.0,195902.0,10,300405.XSHE,2800,2800,7.18,20104.0,母版持仓&资金记录-20260501-20260623.txt,9,parsed
2026-05-06,,position,1001161.0,805259.0,805259.0,195902.0,195902.0,10,600561.XSHG,2800,2800,6.99,19572.0,母版持仓&资金记录-20260501-20260623.txt,10,parsed
2026-05-06,,position,1001161.0,805259.0,805259.0,195902.0,195902.0,10,600697.XSHG,1500,1500,12.7,19050.0,母版持仓&资金记录-20260501-20260623.txt,11,parsed
2026-05-06,,position,1001161.0,805259.0,805259.0,195902.0,195902.0,10,301167.XSHE,1100,1100,17.95,19745.0,母版持仓&资金记录-20260501-20260623.txt,12,parsed
2026-05-06,,position,1001161.0,805259.0,805259.0,195902.0,195902.0,10,300500.XSHE,1600,1600,11.88,19008.0,母版持仓&资金记录-20260501-20260623.txt,13,parsed
2026-05-06,,position,1001161.0,805259.0,805259.0,195902.0,195902.0,10,600455.XSHG,700,700,28.71,20097.0,母版持仓&资金记录-20260501-20260623.txt,14,parsed
2026-05-06,,position,1001161.0,805259.0,805259.0,195902.0,195902.0,10,300417.XSHE,1400,1400,14.47,20258.0,母版持仓&资金记录-20260501-20260623.txt,15,parsed
2026-05-06,,position,1001161.0,805259.0,805259.0,195902.0,195902.0,10,300929.XSHE,1300,1300,14.25,18525.0,母版持仓&资金记录-20260501-20260623.txt,16,parsed
2026-05-07,,position,1001845.0,805259.0,805259.0,196586.0,196586.0,10,300665.XSHE,2300,2300,9.03,20769.0,母版持仓&资金记录-20260501-20260623.txt,20,parsed
2026-05-07,,position,1001845.0,805259.0,805259.0,196586.0,196586.0,10,301098.XSHE,2000,2000,9.66,19320.0,母版持仓&资金记录-20260501-20260623.txt,21,parsed
2026-05-07,,position,1001845.0,805259.0,805259.0,196586.0,196586.0,10,300405.XSHE,2800,2800,7.06,19768.0,母版持仓&资金记录-20260501-20260623.txt,22,parsed
2026-05-07,,position,1001845.0,805259.0,805259.0,196586.0,196586.0,10,600561.XSHG,2800,2800,7.03,19684.0,母版持仓&资金记录-20260501-20260623.txt,23,parsed
2026-05-07,,position,1001845.0,805259.0,805259.0,196586.0,196586.0,10,600697.XSHG,1500,1500,12.55,18825.0,母版持仓&资金记录-20260501-20260623.txt,24,parsed
2026-05-07,,position,1001845.0,805259.0,805259.0,196586.0,196586.0,10,301167.XSHE,1100,1100,17.82,19602.0,母版持仓&资金记录-20260501-20260623.txt,25,parsed
2026-05-07,,position,1001845.0,805259.0,805259.0,196586.0,196586.0,10,300500.XSHE,1600,1600,11.89,19024.0,母版持仓&资金记录-20260501-20260623.txt,26,parsed
2026-05-07,,position,1001845.0,805259.0,805259.0,196586.0,196586.0,10,600455.XSHG,700,700,29.04,20328.0,母版持仓&资金记录-20260501-20260623.txt,27,parsed
2026-05-07,,position,1001845.0,805259.0,805259.0,196586.0,196586.0,10,300417.XSHE,1400,1400,14.88,20832.0,母版持仓&资金记录-20260501-20260623.txt,28,parsed
2026-05-07,,position,1001845.0,805259.0,805259.0,196586.0,196586.0,10,300929.XSHE,1300,1300,14.18,18434.0,母版持仓&资金记录-20260501-20260623.txt,29,parsed
2026-05-08,,position,1004250.0,805259.0,805259.0,198991.0,198991.0,10,300665.XSHE,2300,2300,9.04,20792.0,母版持仓&资金记录-20260501-20260623.txt,33,parsed
2026-05-08,,position,1004250.0,805259.0,805259.0,198991.0,198991.0,10,301098.XSHE,2000,2000,9.71,19420.0,母版持仓&资金记录-20260501-20260623.txt,34,parsed
2026-05-08,,position,1004250.0,805259.0,805259.0,198991.0,198991.0,10,300405.XSHE,2800,2800,7.14,19992.0,母版持仓&资金记录-20260501-20260623.txt,35,parsed
2026-05-08,,position,1004250.0,805259.0,805259.0,198991.0,198991.0,10,600561.XSHG,2800,2800,7.07,19796.0,母版持仓&资金记录-20260501-20260623.txt,36,parsed
2026-05-08,,position,1004250.0,805259.0,805259.0,198991.0,198991.0,10,600697.XSHG,1500,1500,12.72,19080.0,母版持仓&资金记录-20260501-20260623.txt,37,parsed
2026-05-08,,position,1004250.0,805259.0,805259.0,198991.0,198991.0,10,301167.XSHE,1100,1100,17.99,19789.0,母版持仓&资金记录-20260501-20260623.txt,38,parsed
2026-05-08,,position,1004250.0,805259.0,805259.0,198991.0,198991.0,10,300500.XSHE,1600,1600,12.12,19392.0,母版持仓&资金记录-20260501-20260623.txt,39,parsed
2026-05-08,,position,1004250.0,805259.0,805259.0,198991.0,198991.0,10,600455.XSHG,700,700,29.18,20426.0,母版持仓&资金记录-20260501-20260623.txt,40,parsed
2026-05-08,,position,1004250.0,805259.0,805259.0,198991.0,198991.0,10,300417.XSHE,1400,1400,15.25,21350.0,母版持仓&资金记录-20260501-20260623.txt,41,parsed
2026-05-08,,position,1004250.0,805259.0,805259.0,198991.0,198991.0,10,300929.XSHE,1300,1300,14.58,18954.0,母版持仓&资金记录-20260501-20260623.txt,42,parsed
2026-05-11,,position,1006704.0,608407.0,608407.0,398297.0,398297.0,11,300665.XSHE,4400,4400,9.33,41052.0,母版持仓&资金记录-20260501-20260623.txt,46,parsed
2026-05-11,,position,1006704.0,608407.0,608407.0,398297.0,398297.0,11,301098.XSHE,4100,4100,10.06,41246.0,母版持仓&资金记录-20260501-20260623.txt,47,parsed
2026-05-11,,position,1006704.0,608407.0,608407.0,398297.0,398297.0,11,300405.XSHE,5600,5600,7.22,40432.0,母版持仓&资金记录-20260501-20260623.txt,48,parsed
2026-05-11,,position,1006704.0,608407.0,608407.0,398297.0,398297.0,11,600561.XSHG,5600,5600,7.04,39424.0,母版持仓&资金记录-20260501-20260623.txt,49,parsed
2026-05-11,,position,1006704.0,608407.0,608407.0,398297.0,398297.0,11,600697.XSHG,3100,3100,12.73,39463.0,母版持仓&资金记录-20260501-20260623.txt,50,parsed
2026-05-11,,position,1006704.0,608407.0,608407.0,398297.0,398297.0,11,301167.XSHE,2200,2200,18.08,39776.0,母版持仓&资金记录-20260501-20260623.txt,51,parsed
2026-05-11,,position,1006704.0,608407.0,608407.0,398297.0,398297.0,11,300500.XSHE,1600,1600,12.33,19728.0,母版持仓&资金记录-20260501-20260623.txt,52,parsed
2026-05-11,,position,1006704.0,608407.0,608407.0,398297.0,398297.0,11,600455.XSHG,1300,1300,29.23,37999.0,母版持仓&资金记录-20260501-20260623.txt,53,parsed
2026-05-11,,position,1006704.0,608407.0,608407.0,398297.0,398297.0,11,300417.XSHE,2600,2600,15.65,40690.0,母版持仓&资金记录-20260501-20260623.txt,54,parsed
2026-05-11,,position,1006704.0,608407.0,608407.0,398297.0,398297.0,11,300929.XSHE,2700,2700,14.43,38961.0,母版持仓&资金记录-20260501-20260623.txt,55,parsed
2026-05-11,,position,1006704.0,608407.0,608407.0,398297.0,398297.0,11,600493.XSHG,2600,2600,7.51,19526.0,母版持仓&资金记录-20260501-20260623.txt,56,parsed
2026-05-12,,position,1002712.0,608407.0,608407.0,394305.0,394305.0,11,300665.XSHE,4400,4400,9.2,40480.0,母版持仓&资金记录-20260501-20260623.txt,60,parsed
2026-05-12,,position,1002712.0,608407.0,608407.0,394305.0,394305.0,11,301098.XSHE,4100,4100,10.3,42230.0,母版持仓&资金记录-20260501-20260623.txt,61,parsed
2026-05-12,,position,1002712.0,608407.0,608407.0,394305.0,394305.0,11,300405.XSHE,5600,5600,7.15,40040.0,母版持仓&资金记录-20260501-20260623.txt,62,parsed
2026-05-12,,position,1002712.0,608407.0,608407.0,394305.0,394305.0,11,600561.XSHG,5600,5600,6.96,38976.0,母版持仓&资金记录-20260501-20260623.txt,63,parsed
2026-05-12,,position,1002712.0,608407.0,608407.0,394305.0,394305.0,11,600697.XSHG,3100,3100,12.51,38781.0,母版持仓&资金记录-20260501-20260623.txt,64,parsed
2026-05-12,,position,1002712.0,608407.0,608407.0,394305.0,394305.0,11,301167.XSHE,2200,2200,17.79,39138.0,母版持仓&资金记录-20260501-20260623.txt,65,parsed
2026-05-12,,position,1002712.0,608407.0,608407.0,394305.0,394305.0,11,300500.XSHE,1600,1600,12.27,19632.0,母版持仓&资金记录-20260501-20260623.txt,66,parsed
2026-05-12,,position,1002712.0,608407.0,608407.0,394305.0,394305.0,11,600455.XSHG,1300,1300,29.04,37752.0,母版持仓&资金记录-20260501-20260623.txt,67,parsed
2026-05-12,,position,1002712.0,608407.0,608407.0,394305.0,394305.0,11,300417.XSHE,2600,2600,15.36,39936.0,母版持仓&资金记录-20260501-20260623.txt,68,parsed
2026-05-12,,position,1002712.0,608407.0,608407.0,394305.0,394305.0,11,300929.XSHE,2700,2700,14.14,38178.0,母版持仓&资金记录-20260501-20260623.txt,69,parsed
2026-05-12,,position,1002712.0,608407.0,608407.0,394305.0,394305.0,11,600493.XSHG,2600,2600,7.37,19162.0,母版持仓&资金记录-20260501-20260623.txt,70,parsed
2026-05-13,,position,1002141.0,608407.0,608407.0,393734.0,393734.0,11,300665.XSHE,4400,4400,9.18,40392.0,母版持仓&资金记录-20260501-20260623.txt,74,parsed
2026-05-13,,position,1002141.0,608407.0,608407.0,393734.0,393734.0,11,301098.XSHE,4100,4100,10.52,43132.0,母版持仓&资金记录-20260501-20260623.txt,75,parsed
2026-05-13,,position,1002141.0,608407.0,608407.0,393734.0,393734.0,11,300405.XSHE,5600,5600,7.24,40544.0,母版持仓&资金记录-20260501-20260623.txt,76,parsed
2026-05-13,,position,1002141.0,608407.0,608407.0,393734.0,393734.0,11,600561.XSHG,5600,5600,6.94,38864.0,母版持仓&资金记录-20260501-20260623.txt,77,parsed
2026-05-13,,position,1002141.0,608407.0,608407.0,393734.0,393734.0,11,600697.XSHG,3100,3100,12.42,38502.0,母版持仓&资金记录-20260501-20260623.txt,78,parsed
2026-05-13,,position,1002141.0,608407.0,608407.0,393734.0,393734.0,11,301167.XSHE,2200,2200,17.63,38786.0,母版持仓&资金记录-20260501-20260623.txt,79,parsed
2026-05-13,,position,1002141.0,608407.0,608407.0,393734.0,393734.0,11,300500.XSHE,1600,1600,12.18,19488.0,母版持仓&资金记录-20260501-20260623.txt,80,parsed
2026-05-13,,position,1002141.0,608407.0,608407.0,393734.0,393734.0,11,600455.XSHG,1300,1300,28.89,37557.0,母版持仓&资金记录-20260501-20260623.txt,81,parsed
2026-05-13,,position,1002141.0,608407.0,608407.0,393734.0,393734.0,11,300417.XSHE,2600,2600,15.13,39338.0,母版持仓&资金记录-20260501-20260623.txt,82,parsed
2026-05-13,,position,1002141.0,608407.0,608407.0,393734.0,393734.0,11,300929.XSHE,2700,2700,14.13,38151.0,母版持仓&资金记录-20260501-20260623.txt,83,parsed
2026-05-13,,position,1002141.0,608407.0,608407.0,393734.0,393734.0,11,600493.XSHG,2600,2600,7.3,18980.0,母版持仓&资金记录-20260501-20260623.txt,84,parsed
2026-05-14,,position,1009405.0,410485.0,410485.0,598920.0,598920.0,12,300665.XSHE,6500,6500,9.96,64740.0,母版持仓&资金记录-20260501-20260623.txt,88,parsed
2026-05-14,,position,1009405.0,410485.0,410485.0,598920.0,598920.0,12,301098.XSHE,5500,5500,10.9,59950.0,母版持仓&资金记录-20260501-20260623.txt,89,parsed
2026-05-14,,position,1009405.0,410485.0,410485.0,598920.0,598920.0,12,300535.XSHE,1000,1000,18.46,18460.0,母版持仓&资金记录-20260501-20260623.txt,90,parsed
2026-05-14,,position,1009405.0,410485.0,410485.0,598920.0,598920.0,12,300405.XSHE,5600,5600,7.3,40880.0,母版持仓&资金记录-20260501-20260623.txt,91,parsed
2026-05-14,,position,1009405.0,410485.0,410485.0,598920.0,598920.0,12,600561.XSHG,8500,8500,7,59500.0,母版持仓&资金记录-20260501-20260623.txt,92,parsed
2026-05-14,,position,1009405.0,410485.0,410485.0,598920.0,598920.0,12,600697.XSHG,4800,4800,12.47,59856.0,母版持仓&资金记录-20260501-20260623.txt,93,parsed
2026-05-14,,position,1009405.0,410485.0,410485.0,598920.0,598920.0,12,301167.XSHE,3400,3400,17.55,59670.0,母版持仓&资金记录-20260501-20260623.txt,94,parsed
2026-05-14,,position,1009405.0,410485.0,410485.0,598920.0,598920.0,12,300500.XSHE,1600,1600,12.26,19616.0,母版持仓&资金记录-20260501-20260623.txt,95,parsed
2026-05-14,,position,1009405.0,410485.0,410485.0,598920.0,598920.0,12,600455.XSHG,2000,2000,29.05,58100.0,母版持仓&资金记录-20260501-20260623.txt,96,parsed
2026-05-14,,position,1009405.0,410485.0,410485.0,598920.0,598920.0,12,300417.XSHE,3900,3900,15.14,59046.0,母版持仓&资金记录-20260501-20260623.txt,97,parsed
2026-05-14,,position,1009405.0,410485.0,410485.0,598920.0,598920.0,12,300929.XSHE,4200,4200,14.21,59682.0,母版持仓&资金记录-20260501-20260623.txt,98,parsed
2026-05-14,,position,1009405.0,410485.0,410485.0,598920.0,598920.0,12,600493.XSHG,5400,5400,7.3,39420.0,母版持仓&资金记录-20260501-20260623.txt,99,parsed
2026-05-15,,position,1000895.0,410485.0,410485.0,590410.0,590410.0,12,300665.XSHE,6500,6500,10.05,65325.0,母版持仓&资金记录-20260501-20260623.txt,103,parsed
2026-05-15,,position,1000895.0,410485.0,410485.0,590410.0,590410.0,12,301098.XSHE,5500,5500,10.49,57695.0,母版持仓&资金记录-20260501-20260623.txt,104,parsed
2026-05-15,,position,1000895.0,410485.0,410485.0,590410.0,590410.0,12,300535.XSHE,1000,1000,17.98,17980.0,母版持仓&资金记录-20260501-20260623.txt,105,parsed
2026-05-15,,position,1000895.0,410485.0,410485.0,590410.0,590410.0,12,300405.XSHE,5600,5600,7.19,40264.0,母版持仓&资金记录-20260501-20260623.txt,106,parsed
2026-05-15,,position,1000895.0,410485.0,410485.0,590410.0,590410.0,12,600561.XSHG,8500,8500,6.85,58225.0,母版持仓&资金记录-20260501-20260623.txt,107,parsed
2026-05-15,,position,1000895.0,410485.0,410485.0,590410.0,590410.0,12,600697.XSHG,4800,4800,12.23,58704.0,母版持仓&资金记录-20260501-20260623.txt,108,parsed
2026-05-15,,position,1000895.0,410485.0,410485.0,590410.0,590410.0,12,301167.XSHE,3400,3400,17.27,58718.0,母版持仓&资金记录-20260501-20260623.txt,109,parsed
2026-05-15,,position,1000895.0,410485.0,410485.0,590410.0,590410.0,12,300500.XSHE,1600,1600,12.05,19280.0,母版持仓&资金记录-20260501-20260623.txt,110,parsed
2026-05-15,,position,1000895.0,410485.0,410485.0,590410.0,590410.0,12,600455.XSHG,2000,2000,29.36,58720.0,母版持仓&资金记录-20260501-20260623.txt,111,parsed
2026-05-15,,position,1000895.0,410485.0,410485.0,590410.0,590410.0,12,300417.XSHE,3900,3900,14.91,58149.0,母版持仓&资金记录-20260501-20260623.txt,112,parsed
2026-05-15,,position,1000895.0,410485.0,410485.0,590410.0,590410.0,12,300929.XSHE,4200,4200,13.87,58254.0,母版持仓&资金记录-20260501-20260623.txt,113,parsed
2026-05-15,,position,1000895.0,410485.0,410485.0,590410.0,590410.0,12,600493.XSHG,5400,5400,7.24,39096.0,母版持仓&资金记录-20260501-20260623.txt,114,parsed
2026-05-18,,position,1007618.0,410485.0,410485.0,597133.0,597133.0,12,300665.XSHE,6500,6500,9.9,64350.0,母版持仓&资金记录-20260501-20260623.txt,118,parsed
2026-05-18,,position,1007618.0,410485.0,410485.0,597133.0,597133.0,12,301098.XSHE,5500,5500,10.6,58300.0,母版持仓&资金记录-20260501-20260623.txt,119,parsed
2026-05-18,,position,1007618.0,410485.0,410485.0,597133.0,597133.0,12,300535.XSHE,1000,1000,18.59,18590.0,母版持仓&资金记录-20260501-20260623.txt,120,parsed
2026-05-18,,position,1007618.0,410485.0,410485.0,597133.0,597133.0,12,300405.XSHE,5600,5600,7.28,40768.0,母版持仓&资金记录-20260501-20260623.txt,121,parsed
2026-05-18,,position,1007618.0,410485.0,410485.0,597133.0,597133.0,12,600561.XSHG,8500,8500,6.94,58990.0,母版持仓&资金记录-20260501-20260623.txt,122,parsed
2026-05-18,,position,1007618.0,410485.0,410485.0,597133.0,597133.0,12,600697.XSHG,4800,4800,12.39,59472.0,母版持仓&资金记录-20260501-20260623.txt,123,parsed
2026-05-18,,position,1007618.0,410485.0,410485.0,597133.0,597133.0,12,301167.XSHE,3400,3400,17.54,59636.0,母版持仓&资金记录-20260501-20260623.txt,124,parsed
2026-05-18,,position,1007618.0,410485.0,410485.0,597133.0,597133.0,12,300500.XSHE,1600,1600,12.25,19600.0,母版持仓&资金记录-20260501-20260623.txt,125,parsed
2026-05-18,,position,1007618.0,410485.0,410485.0,597133.0,597133.0,12,600455.XSHG,2000,2000,29.77,59540.0,母版持仓&资金记录-20260501-20260623.txt,126,parsed
2026-05-18,,position,1007618.0,410485.0,410485.0,597133.0,597133.0,12,300417.XSHE,3900,3900,15.17,59163.0,母版持仓&资金记录-20260501-20260623.txt,127,parsed
2026-05-18,,position,1007618.0,410485.0,410485.0,597133.0,597133.0,12,300929.XSHE,4200,4200,14.03,58926.0,母版持仓&资金记录-20260501-20260623.txt,128,parsed
2026-05-18,,position,1007618.0,410485.0,410485.0,597133.0,597133.0,12,600493.XSHG,5400,5400,7.37,39798.0,母版持仓&资金记录-20260501-20260623.txt,129,parsed
2026-05-19,,position,1006694.04,207908.04,207908.04,798786.0,798786.0,12,300665.XSHE,6200,6200,10.08,62496.0,母版持仓&资金记录-20260501-20260623.txt,133,parsed
2026-05-19,,position,1006694.04,207908.04,207908.04,798786.0,798786.0,12,301098.XSHE,7500,7500,10.48,78600.0,母版持仓&资金记录-20260501-20260623.txt,134,parsed
2026-05-19,,position,1006694.04,207908.04,207908.04,798786.0,798786.0,12,300535.XSHE,2100,2100,18.47,38787.0,母版持仓&资金记录-20260501-20260623.txt,135,parsed
2026-05-19,,position,1006694.04,207908.04,207908.04,798786.0,798786.0,12,300405.XSHE,8300,8300,7.25,60175.0,母版持仓&资金记录-20260501-20260623.txt,136,parsed
2026-05-19,,position,1006694.04,207908.04,207908.04,798786.0,798786.0,12,600561.XSHG,11600,11600,7,81200.0,母版持仓&资金记录-20260501-20260623.txt,137,parsed
2026-05-19,,position,1006694.04,207908.04,207908.04,798786.0,798786.0,12,600697.XSHG,6400,6400,12.48,79872.0,母版持仓&资金记录-20260501-20260623.txt,138,parsed
2026-05-19,,position,1006694.04,207908.04,207908.04,798786.0,798786.0,12,301167.XSHE,4600,4600,17.4,80040.0,母版持仓&资金记录-20260501-20260623.txt,139,parsed
2026-05-19,,position,1006694.04,207908.04,207908.04,798786.0,798786.0,12,300500.XSHE,1600,1600,12.25,19600.0,母版持仓&资金记录-20260501-20260623.txt,140,parsed
2026-05-19,,position,1006694.04,207908.04,207908.04,798786.0,798786.0,12,600455.XSHG,2700,2700,29.75,80325.0,母版持仓&资金记录-20260501-20260623.txt,141,parsed
2026-05-19,,position,1006694.04,207908.04,207908.04,798786.0,798786.0,12,300417.XSHE,5200,5200,15.05,78260.0,母版持仓&资金记录-20260501-20260623.txt,142,parsed
2026-05-19,,position,1006694.04,207908.04,207908.04,798786.0,798786.0,12,300929.XSHE,5700,5700,13.96,79572.0,母版持仓&资金记录-20260501-20260623.txt,143,parsed
2026-05-19,,position,1006694.04,207908.04,207908.04,798786.0,798786.0,12,600493.XSHG,8100,8100,7.39,59859.0,母版持仓&资金记录-20260501-20260623.txt,144,parsed
2026-05-20,,position,994873.04,207908.04,207908.04,786965.0,786965.0,12,300665.XSHE,6200,6200,9.81,60822.0,母版持仓&资金记录-20260501-20260623.txt,148,parsed
2026-05-20,,position,994873.04,207908.04,207908.04,786965.0,786965.0,12,301098.XSHE,7500,7500,10.31,77325.0,母版持仓&资金记录-20260501-20260623.txt,149,parsed
2026-05-20,,position,994873.04,207908.04,207908.04,786965.0,786965.0,12,300535.XSHE,2100,2100,18.31,38451.0,母版持仓&资金记录-20260501-20260623.txt,150,parsed
2026-05-20,,position,994873.04,207908.04,207908.04,786965.0,786965.0,12,300405.XSHE,8300,8300,7.19,59677.0,母版持仓&资金记录-20260501-20260623.txt,151,parsed
2026-05-20,,position,994873.04,207908.04,207908.04,786965.0,786965.0,12,600561.XSHG,11600,11600,6.86,79576.0,母版持仓&资金记录-20260501-20260623.txt,152,parsed
2026-05-20,,position,994873.04,207908.04,207908.04,786965.0,786965.0,12,600697.XSHG,6400,6400,12.3,78720.0,母版持仓&资金记录-20260501-20260623.txt,153,parsed
2026-05-20,,position,994873.04,207908.04,207908.04,786965.0,786965.0,12,301167.XSHE,4600,4600,17.19,79074.0,母版持仓&资金记录-20260501-20260623.txt,154,parsed
2026-05-20,,position,994873.04,207908.04,207908.04,786965.0,786965.0,12,300500.XSHE,1600,1600,12.04,19264.0,母版持仓&资金记录-20260501-20260623.txt,155,parsed
2026-05-20,,position,994873.04,207908.04,207908.04,786965.0,786965.0,12,600455.XSHG,2700,2700,29.45,79515.0,母版持仓&资金记录-20260501-20260623.txt,156,parsed
2026-05-20,,position,994873.04,207908.04,207908.04,786965.0,786965.0,12,300417.XSHE,5200,5200,14.96,77792.0,母版持仓&资金记录-20260501-20260623.txt,157,parsed
2026-05-20,,position,994873.04,207908.04,207908.04,786965.0,786965.0,12,300929.XSHE,5700,5700,13.66,77862.0,母版持仓&资金记录-20260501-20260623.txt,158,parsed
2026-05-20,,position,994873.04,207908.04,207908.04,786965.0,786965.0,12,600493.XSHG,8100,8100,7.27,58887.0,母版持仓&资金记录-20260501-20260623.txt,159,parsed
2026-05-21,,position,964765.04,207908.04,207908.04,756857.0,756857.0,12,300665.XSHE,6200,6200,9.33,57846.0,母版持仓&资金记录-20260501-20260623.txt,163,parsed
2026-05-21,,position,964765.04,207908.04,207908.04,756857.0,756857.0,12,301098.XSHE,7500,7500,10.2,76500.0,母版持仓&资金记录-20260501-20260623.txt,164,parsed
2026-05-21,,position,964765.04,207908.04,207908.04,756857.0,756857.0,12,300535.XSHE,2100,2100,17.6,36960.0,母版持仓&资金记录-20260501-20260623.txt,165,parsed
2026-05-21,,position,964765.04,207908.04,207908.04,756857.0,756857.0,12,300405.XSHE,8300,8300,6.87,57021.0,母版持仓&资金记录-20260501-20260623.txt,166,parsed
2026-05-21,,position,964765.04,207908.04,207908.04,756857.0,756857.0,12,600561.XSHG,11600,11600,6.57,76212.0,母版持仓&资金记录-20260501-20260623.txt,167,parsed
2026-05-21,,position,964765.04,207908.04,207908.04,756857.0,756857.0,12,600697.XSHG,6400,6400,11.8,75520.0,母版持仓&资金记录-20260501-20260623.txt,168,parsed
2026-05-21,,position,964765.04,207908.04,207908.04,756857.0,756857.0,12,301167.XSHE,4600,4600,16.46,75716.0,母版持仓&资金记录-20260501-20260623.txt,169,parsed
2026-05-21,,position,964765.04,207908.04,207908.04,756857.0,756857.0,12,300500.XSHE,1600,1600,11.61,18576.0,母版持仓&资金记录-20260501-20260623.txt,170,parsed
2026-05-21,,position,964765.04,207908.04,207908.04,756857.0,756857.0,12,600455.XSHG,2700,2700,28.61,77247.0,母版持仓&资金记录-20260501-20260623.txt,171,parsed
2026-05-21,,position,964765.04,207908.04,207908.04,756857.0,756857.0,12,300417.XSHE,5200,5200,14.39,74828.0,母版持仓&资金记录-20260501-20260623.txt,172,parsed
2026-05-21,,position,964765.04,207908.04,207908.04,756857.0,756857.0,12,300929.XSHE,5700,5700,13.12,74784.0,母版持仓&资金记录-20260501-20260623.txt,173,parsed
2026-05-21,,position,964765.04,207908.04,207908.04,756857.0,756857.0,12,600493.XSHG,8100,8100,6.87,55647.0,母版持仓&资金记录-20260501-20260623.txt,174,parsed
2026-05-22,,position,995178.04,10199.04,10199.04,984979.0,984979.0,13,300665.XSHE,6200,6200,9.75,60450.0,母版持仓&资金记录-20260501-20260623.txt,178,parsed
2026-05-22,,position,995178.04,10199.04,10199.04,984979.0,984979.0,13,301098.XSHE,9400,9400,10.57,99358.0,母版持仓&资金记录-20260501-20260623.txt,179,parsed
2026-05-22,,position,995178.04,10199.04,10199.04,984979.0,984979.0,13,300535.XSHE,3200,3200,18.12,57984.0,母版持仓&资金记录-20260501-20260623.txt,180,parsed
2026-05-22,,position,995178.04,10199.04,10199.04,984979.0,984979.0,13,300405.XSHE,8400,8400,7.16,60144.0,母版持仓&资金记录-20260501-20260623.txt,181,parsed
2026-05-22,,position,995178.04,10199.04,10199.04,984979.0,984979.0,13,600561.XSHG,14600,14600,6.79,99134.0,母版持仓&资金记录-20260501-20260623.txt,182,parsed
2026-05-22,,position,995178.04,10199.04,10199.04,984979.0,984979.0,13,603879.XSHG,3600,3600,5.55,19980.0,母版持仓&资金记录-20260501-20260623.txt,183,parsed
2026-05-22,,position,995178.04,10199.04,10199.04,984979.0,984979.0,13,600697.XSHG,8100,8100,12.1,98010.0,母版持仓&资金记录-20260501-20260623.txt,184,parsed
2026-05-22,,position,995178.04,10199.04,10199.04,984979.0,984979.0,13,301167.XSHE,5800,5800,16.98,98484.0,母版持仓&资金记录-20260501-20260623.txt,185,parsed
2026-05-22,,position,995178.04,10199.04,10199.04,984979.0,984979.0,13,300500.XSHE,1600,1600,11.93,19088.0,母版持仓&资金记录-20260501-20260623.txt,186,parsed
2026-05-22,,position,995178.04,10199.04,10199.04,984979.0,984979.0,13,600455.XSHG,3300,3300,28.95,95535.0,母版持仓&资金记录-20260501-20260623.txt,187,parsed
2026-05-22,,position,995178.04,10199.04,10199.04,984979.0,984979.0,13,300417.XSHE,6600,6600,14.91,98406.0,母版持仓&资金记录-20260501-20260623.txt,188,parsed
2026-05-22,,position,995178.04,10199.04,10199.04,984979.0,984979.0,13,300929.XSHE,7300,7300,13.62,99426.0,母版持仓&资金记录-20260501-20260623.txt,189,parsed
2026-05-22,,position,995178.04,10199.04,10199.04,984979.0,984979.0,13,600493.XSHG,11000,11000,7.18,78980.0,母版持仓&资金记录-20260501-20260623.txt,190,parsed
2026-05-25,,position,977240.04,10199.04,10199.04,967041.0,967041.0,13,300665.XSHE,6200,6200,10.03,62186.0,母版持仓&资金记录-20260501-20260623.txt,194,parsed
2026-05-25,,position,977240.04,10199.04,10199.04,967041.0,967041.0,13,301098.XSHE,9400,9400,10.5,98700.0,母版持仓&资金记录-20260501-20260623.txt,195,parsed
2026-05-25,,position,977240.04,10199.04,10199.04,967041.0,967041.0,13,300535.XSHE,3200,3200,17.36,55552.0,母版持仓&资金记录-20260501-20260623.txt,196,parsed
2026-05-25,,position,977240.04,10199.04,10199.04,967041.0,967041.0,13,300405.XSHE,8400,8400,7.09,59556.0,母版持仓&资金记录-20260501-20260623.txt,197,parsed
2026-05-25,,position,977240.04,10199.04,10199.04,967041.0,967041.0,13,600561.XSHG,14600,14600,6.57,95922.0,母版持仓&资金记录-20260501-20260623.txt,198,parsed
2026-05-25,,position,977240.04,10199.04,10199.04,967041.0,967041.0,13,603879.XSHG,3600,3600,5.46,19656.0,母版持仓&资金记录-20260501-20260623.txt,199,parsed
2026-05-25,,position,977240.04,10199.04,10199.04,967041.0,967041.0,13,600697.XSHG,8100,8100,11.86,96066.0,母版持仓&资金记录-20260501-20260623.txt,200,parsed
2026-05-25,,position,977240.04,10199.04,10199.04,967041.0,967041.0,13,301167.XSHE,5800,5800,16.59,96222.0,母版持仓&资金记录-20260501-20260623.txt,201,parsed
2026-05-25,,position,977240.04,10199.04,10199.04,967041.0,967041.0,13,300500.XSHE,1600,1600,11.59,18544.0,母版持仓&资金记录-20260501-20260623.txt,202,parsed
2026-05-25,,position,977240.04,10199.04,10199.04,967041.0,967041.0,13,600455.XSHG,3300,3300,29.03,95799.0,母版持仓&资金记录-20260501-20260623.txt,203,parsed
2026-05-25,,position,977240.04,10199.04,10199.04,967041.0,967041.0,13,300417.XSHE,6600,6600,14.5,95700.0,母版持仓&资金记录-20260501-20260623.txt,204,parsed
2026-05-25,,position,977240.04,10199.04,10199.04,967041.0,967041.0,13,300929.XSHE,7300,7300,13.26,96798.0,母版持仓&资金记录-20260501-20260623.txt,205,parsed
2026-05-25,,position,977240.04,10199.04,10199.04,967041.0,967041.0,13,600493.XSHG,11000,11000,6.94,76340.0,母版持仓&资金记录-20260501-20260623.txt,206,parsed
2026-05-26,,position,958263.04,10199.04,10199.04,948064.0,948064.0,13,300665.XSHE,6200,6200,9.84,61008.0,母版持仓&资金记录-20260501-20260623.txt,210,parsed
2026-05-26,,position,958263.04,10199.04,10199.04,948064.0,948064.0,13,301098.XSHE,9400,9400,10.2,95880.0,母版持仓&资金记录-20260501-20260623.txt,211,parsed
2026-05-26,,position,958263.04,10199.04,10199.04,948064.0,948064.0,13,300535.XSHE,3200,3200,17.33,55456.0,母版持仓&资金记录-20260501-20260623.txt,212,parsed
2026-05-26,,position,958263.04,10199.04,10199.04,948064.0,948064.0,13,300405.XSHE,8400,8400,6.89,57876.0,母版持仓&资金记录-20260501-20260623.txt,213,parsed
2026-05-26,,position,958263.04,10199.04,10199.04,948064.0,948064.0,13,600561.XSHG,14600,14600,6.48,94608.0,母版持仓&资金记录-20260501-20260623.txt,214,parsed
2026-05-26,,position,958263.04,10199.04,10199.04,948064.0,948064.0,13,603879.XSHG,3600,3600,5.29,19044.0,母版持仓&资金记录-20260501-20260623.txt,215,parsed
2026-05-26,,position,958263.04,10199.04,10199.04,948064.0,948064.0,13,600697.XSHG,8100,8100,11.71,94851.0,母版持仓&资金记录-20260501-20260623.txt,216,parsed
2026-05-26,,position,958263.04,10199.04,10199.04,948064.0,948064.0,13,301167.XSHE,5800,5800,16.05,93090.0,母版持仓&资金记录-20260501-20260623.txt,217,parsed
2026-05-26,,position,958263.04,10199.04,10199.04,948064.0,948064.0,13,300500.XSHE,1600,1600,11.41,18256.0,母版持仓&资金记录-20260501-20260623.txt,218,parsed
2026-05-26,,position,958263.04,10199.04,10199.04,948064.0,948064.0,13,600455.XSHG,3300,3300,28.36,93588.0,母版持仓&资金记录-20260501-20260623.txt,219,parsed
2026-05-26,,position,958263.04,10199.04,10199.04,948064.0,948064.0,13,300417.XSHE,6600,6600,14.2,93720.0,母版持仓&资金记录-20260501-20260623.txt,220,parsed
2026-05-26,,position,958263.04,10199.04,10199.04,948064.0,948064.0,13,300929.XSHE,7300,7300,13.09,95557.0,母版持仓&资金记录-20260501-20260623.txt,221,parsed
2026-05-26,,position,958263.04,10199.04,10199.04,948064.0,948064.0,13,600493.XSHG,11000,11000,6.83,75130.0,母版持仓&资金记录-20260501-20260623.txt,222,parsed
2026-05-27,,position,935438.27,5323.27,5323.27,930115.0,930115.0,13,300665.XSHE,3900,3900,9.5,37050.0,母版持仓&资金记录-20260501-20260623.txt,226,parsed
2026-05-27,,position,935438.27,5323.27,5323.27,930115.0,930115.0,13,301098.XSHE,9400,9400,10.27,96538.0,母版持仓&资金记录-20260501-20260623.txt,227,parsed
2026-05-27,,position,935438.27,5323.27,5323.27,930115.0,930115.0,13,300535.XSHE,4300,4300,16.83,72369.0,母版持仓&资金记录-20260501-20260623.txt,228,parsed
2026-05-27,,position,935438.27,5323.27,5323.27,930115.0,930115.0,13,300405.XSHE,5600,5600,6.77,37912.0,母版持仓&资金记录-20260501-20260623.txt,229,parsed
2026-05-27,,position,935438.27,5323.27,5323.27,930115.0,930115.0,13,600561.XSHG,14700,14700,6.27,92169.0,母版持仓&资金记录-20260501-20260623.txt,230,parsed
2026-05-27,,position,935438.27,5323.27,5323.27,930115.0,930115.0,13,603879.XSHG,7200,7200,5.21,37512.0,母版持仓&资金记录-20260501-20260623.txt,231,parsed
2026-05-27,,position,935438.27,5323.27,5323.27,930115.0,930115.0,13,600697.XSHG,8200,8200,11.4,93480.0,母版持仓&资金记录-20260501-20260623.txt,232,parsed
2026-05-27,,position,935438.27,5323.27,5323.27,930115.0,930115.0,13,300605.XSHE,1600,1600,11.17,17872.0,母版持仓&资金记录-20260501-20260623.txt,233,parsed
2026-05-27,,position,935438.27,5323.27,5323.27,930115.0,930115.0,13,301167.XSHE,5900,5900,15.66,92394.0,母版持仓&资金记录-20260501-20260623.txt,234,parsed
2026-05-27,,position,935438.27,5323.27,5323.27,930115.0,930115.0,13,600455.XSHG,3300,3300,27.48,90684.0,母版持仓&资金记录-20260501-20260623.txt,235,parsed
2026-05-27,,position,935438.27,5323.27,5323.27,930115.0,930115.0,13,300417.XSHE,5500,5500,13.75,75625.0,母版持仓&资金记录-20260501-20260623.txt,236,parsed
2026-05-27,,position,935438.27,5323.27,5323.27,930115.0,930115.0,13,300929.XSHE,7300,7300,12.7,92710.0,母版持仓&资金记录-20260501-20260623.txt,237,parsed
2026-05-27,,position,935438.27,5323.27,5323.27,930115.0,930115.0,13,600493.XSHG,14000,14000,6.7,93800.0,母版持仓&资金记录-20260501-20260623.txt,238,parsed
2026-05-28,,position,933795.27,5323.27,5323.27,928472.0,928472.0,13,300665.XSHE,3900,3900,9.5,37050.0,母版持仓&资金记录-20260501-20260623.txt,242,parsed
2026-05-28,,position,933795.27,5323.27,5323.27,928472.0,928472.0,13,301098.XSHE,9400,9400,10.34,97196.0,母版持仓&资金记录-20260501-20260623.txt,243,parsed
2026-05-28,,position,933795.27,5323.27,5323.27,928472.0,928472.0,13,300535.XSHE,4300,4300,16.92,72756.0,母版持仓&资金记录-20260501-20260623.txt,244,parsed
2026-05-28,,position,933795.27,5323.27,5323.27,928472.0,928472.0,13,300405.XSHE,5600,5600,6.8,38080.0,母版持仓&资金记录-20260501-20260623.txt,245,parsed
2026-05-28,,position,933795.27,5323.27,5323.27,928472.0,928472.0,13,600561.XSHG,14700,14700,6.23,91581.0,母版持仓&资金记录-20260501-20260623.txt,246,parsed
2026-05-28,,position,933795.27,5323.27,5323.27,928472.0,928472.0,13,603879.XSHG,7200,7200,5.24,37728.0,母版持仓&资金记录-20260501-20260623.txt,247,parsed
2026-05-28,,position,933795.27,5323.27,5323.27,928472.0,928472.0,13,600697.XSHG,8200,8200,11.31,92742.0,母版持仓&资金记录-20260501-20260623.txt,248,parsed
2026-05-28,,position,933795.27,5323.27,5323.27,928472.0,928472.0,13,300605.XSHE,1600,1600,11.36,18176.0,母版持仓&资金记录-20260501-20260623.txt,249,parsed
2026-05-28,,position,933795.27,5323.27,5323.27,928472.0,928472.0,13,301167.XSHE,5900,5900,15.61,92099.0,母版持仓&资金记录-20260501-20260623.txt,250,parsed
2026-05-28,,position,933795.27,5323.27,5323.27,928472.0,928472.0,13,600455.XSHG,3300,3300,27.21,89793.0,母版持仓&资金记录-20260501-20260623.txt,251,parsed
2026-05-28,,position,933795.27,5323.27,5323.27,928472.0,928472.0,13,300417.XSHE,5500,5500,13.75,75625.0,母版持仓&资金记录-20260501-20260623.txt,252,parsed
2026-05-28,,position,933795.27,5323.27,5323.27,928472.0,928472.0,13,300929.XSHE,7300,7300,12.62,92126.0,母版持仓&资金记录-20260501-20260623.txt,253,parsed
2026-05-28,,position,933795.27,5323.27,5323.27,928472.0,928472.0,13,600493.XSHG,14000,14000,6.68,93520.0,母版持仓&资金记录-20260501-20260623.txt,254,parsed
2026-05-29,,position,907128.27,5323.27,5323.27,901805.0,901805.0,13,300665.XSHE,3900,3900,9.64,37596.0,母版持仓&资金记录-20260501-20260623.txt,258,parsed
2026-05-29,,position,907128.27,5323.27,5323.27,901805.0,901805.0,13,301098.XSHE,9400,9400,9.94,93436.0,母版持仓&资金记录-20260501-20260623.txt,259,parsed
2026-05-29,,position,907128.27,5323.27,5323.27,901805.0,901805.0,13,300535.XSHE,4300,4300,16.36,70348.0,母版持仓&资金记录-20260501-20260623.txt,260,parsed
2026-05-29,,position,907128.27,5323.27,5323.27,901805.0,901805.0,13,300405.XSHE,5600,5600,6.42,35952.0,母版持仓&资金记录-20260501-20260623.txt,261,parsed
2026-05-29,,position,907128.27,5323.27,5323.27,901805.0,901805.0,13,600561.XSHG,14700,14700,6.06,89082.0,母版持仓&资金记录-20260501-20260623.txt,262,parsed
2026-05-29,,position,907128.27,5323.27,5323.27,901805.0,901805.0,13,603879.XSHG,7200,7200,4.95,35640.0,母版持仓&资金记录-20260501-20260623.txt,263,parsed
2026-05-29,,position,907128.27,5323.27,5323.27,901805.0,901805.0,13,600697.XSHG,8200,8200,11.52,94464.0,母版持仓&资金记录-20260501-20260623.txt,264,parsed
2026-05-29,,position,907128.27,5323.27,5323.27,901805.0,901805.0,13,300605.XSHE,1600,1600,10.91,17456.0,母版持仓&资金记录-20260501-20260623.txt,265,parsed
2026-05-29,,position,907128.27,5323.27,5323.27,901805.0,901805.0,13,301167.XSHE,5900,5900,15.27,90093.0,母版持仓&资金记录-20260501-20260623.txt,266,parsed
2026-05-29,,position,907128.27,5323.27,5323.27,901805.0,901805.0,13,600455.XSHG,3300,3300,26.49,87417.0,母版持仓&资金记录-20260501-20260623.txt,267,parsed
2026-05-29,,position,907128.27,5323.27,5323.27,901805.0,901805.0,13,300417.XSHE,5500,5500,13.1,72050.0,母版持仓&资金记录-20260501-20260623.txt,268,parsed
2026-05-29,,position,907128.27,5323.27,5323.27,901805.0,901805.0,13,300929.XSHE,7300,7300,12.07,88111.0,母版持仓&资金记录-20260501-20260623.txt,269,parsed
2026-05-29,,position,907128.27,5323.27,5323.27,901805.0,901805.0,13,600493.XSHG,14000,14000,6.44,90160.0,母版持仓&资金记录-20260501-20260623.txt,270,parsed
2026-06-01,,position,930927.41,5291.41,5291.41,925636.0,925636.0,14,300665.XSHE,1900,1900,9.72,18468.0,母版持仓&资金记录-20260501-20260623.txt,274,parsed
2026-06-01,,position,930927.41,5291.41,5291.41,925636.0,925636.0,14,301098.XSHE,7300,7300,9.68,70664.0,母版持仓&资金记录-20260501-20260623.txt,275,parsed
2026-06-01,,position,930927.41,5291.41,5291.41,925636.0,925636.0,14,300535.XSHE,5500,5500,16.67,91685.0,母版持仓&资金记录-20260501-20260623.txt,276,parsed
2026-06-01,,position,930927.41,5291.41,5291.41,925636.0,925636.0,14,300405.XSHE,2900,2900,6.6,19140.0,母版持仓&资金记录-20260501-20260623.txt,277,parsed
2026-06-01,,position,930927.41,5291.41,5291.41,925636.0,925636.0,14,600561.XSHG,15000,15000,6.3,94500.0,母版持仓&资金记录-20260501-20260623.txt,278,parsed
2026-06-01,,position,930927.41,5291.41,5291.41,925636.0,925636.0,14,603879.XSHG,10900,10900,5.2,56680.0,母版持仓&资金记录-20260501-20260623.txt,279,parsed
2026-06-01,,position,930927.41,5291.41,5291.41,925636.0,925636.0,14,600697.XSHG,6400,6400,11.9,76160.0,母版持仓&资金记录-20260501-20260623.txt,280,parsed
2026-06-01,,position,930927.41,5291.41,5291.41,925636.0,925636.0,14,300605.XSHE,3200,3200,11.56,36992.0,母版持仓&资金记录-20260501-20260623.txt,281,parsed
2026-06-01,,position,930927.41,5291.41,5291.41,925636.0,925636.0,14,301167.XSHE,6000,6000,15.56,93360.0,母版持仓&资金记录-20260501-20260623.txt,282,parsed
2026-06-01,,position,930927.41,5291.41,5291.41,925636.0,925636.0,14,600455.XSHG,3300,3300,27.42,90486.0,母版持仓&资金记录-20260501-20260623.txt,283,parsed
2026-06-01,,position,930927.41,5291.41,5291.41,925636.0,925636.0,14,300417.XSHE,5500,5500,13.3,73150.0,母版持仓&资金记录-20260501-20260623.txt,284,parsed
2026-06-01,,position,930927.41,5291.41,5291.41,925636.0,925636.0,14,300929.XSHE,7500,7500,12.39,92925.0,母版持仓&资金记录-20260501-20260623.txt,285,parsed
2026-06-01,,position,930927.41,5291.41,5291.41,925636.0,925636.0,14,300886.XSHE,700,700,24.98,17486.0,母版持仓&资金记录-20260501-20260623.txt,286,parsed
2026-06-01,,position,930927.41,5291.41,5291.41,925636.0,925636.0,14,600493.XSHG,14000,14000,6.71,93940.0,母版持仓&资金记录-20260501-20260623.txt,287,parsed
2026-06-02,,position,898242.41,5599.41,5599.41,892643.0,892643.0,14,300665.XSHE,1900,1900,9.62,18278.0,母版持仓&资金记录-20260501-20260623.txt,291,parsed
2026-06-02,,position,898242.41,5599.41,5599.41,892643.0,892643.0,14,301098.XSHE,7300,7300,9.26,67598.0,母版持仓&资金记录-20260501-20260623.txt,292,parsed
2026-06-02,,position,898242.41,5599.41,5599.41,892643.0,892643.0,14,300535.XSHE,5500,5500,16.01,88055.0,母版持仓&资金记录-20260501-20260623.txt,293,parsed
2026-06-02,,position,898242.41,5599.41,5599.41,892643.0,892643.0,14,300405.XSHE,2900,2900,6.36,18444.0,母版持仓&资金记录-20260501-20260623.txt,294,parsed
2026-06-02,,position,898242.41,5599.41,5599.41,892643.0,892643.0,14,600561.XSHG,15000,15000,6.02,90300.0,母版持仓&资金记录-20260501-20260623.txt,295,parsed
2026-06-02,,position,898242.41,5599.41,5599.41,892643.0,892643.0,14,603879.XSHG,10900,10900,5.02,54718.0,母版持仓&资金记录-20260501-20260623.txt,296,parsed
2026-06-02,,position,898242.41,5599.41,5599.41,892643.0,892643.0,14,600697.XSHG,6400,6400,11.6,74240.0,母版持仓&资金记录-20260501-20260623.txt,297,parsed
2026-06-02,,position,898242.41,5599.41,5599.41,892643.0,892643.0,14,300605.XSHE,3200,3200,11.03,35296.0,母版持仓&资金记录-20260501-20260623.txt,298,parsed
2026-06-02,,position,898242.41,5599.41,5599.41,892643.0,892643.0,14,301167.XSHE,6000,6000,14.96,89760.0,母版持仓&资金记录-20260501-20260623.txt,299,parsed
2026-06-02,,position,898242.41,5599.41,5599.41,892643.0,892643.0,14,600455.XSHG,3300,3300,26.65,87945.0,母版持仓&资金记录-20260501-20260623.txt,300,parsed
2026-06-02,,position,898242.41,5599.41,5599.41,892643.0,892643.0,14,300417.XSHE,5500,5500,12.83,70565.0,母版持仓&资金记录-20260501-20260623.txt,301,parsed
2026-06-02,,position,898242.41,5599.41,5599.41,892643.0,892643.0,14,300929.XSHE,7500,7500,12.03,90225.0,母版持仓&资金记录-20260501-20260623.txt,302,parsed
2026-06-02,,position,898242.41,5599.41,5599.41,892643.0,892643.0,14,300886.XSHE,700,700,24.57,17199.0,母版持仓&资金记录-20260501-20260623.txt,303,parsed
2026-06-02,,position,898242.41,5599.41,5599.41,892643.0,892643.0,14,600493.XSHG,14000,14000,6.43,90020.0,母版持仓&资金记录-20260501-20260623.txt,304,parsed
2026-06-03,,position,884565.41,5599.41,5599.41,878966.0,878966.0,14,300665.XSHE,1900,1900,9.91,18829.0,母版持仓&资金记录-20260501-20260623.txt,308,parsed
2026-06-03,,position,884565.41,5599.41,5599.41,878966.0,878966.0,14,301098.XSHE,7300,7300,9.28,67744.0,母版持仓&资金记录-20260501-20260623.txt,309,parsed
2026-06-03,,position,884565.41,5599.41,5599.41,878966.0,878966.0,14,300535.XSHE,5500,5500,15.69,86295.0,母版持仓&资金记录-20260501-20260623.txt,310,parsed
2026-06-03,,position,884565.41,5599.41,5599.41,878966.0,878966.0,14,300405.XSHE,2900,2900,6.27,18183.0,母版持仓&资金记录-20260501-20260623.txt,311,parsed
2026-06-03,,position,884565.41,5599.41,5599.41,878966.0,878966.0,14,600561.XSHG,15000,15000,5.91,88650.0,母版持仓&资金记录-20260501-20260623.txt,312,parsed
2026-06-03,,position,884565.41,5599.41,5599.41,878966.0,878966.0,14,603879.XSHG,10900,10900,5.02,54718.0,母版持仓&资金记录-20260501-20260623.txt,313,parsed
2026-06-03,,position,884565.41,5599.41,5599.41,878966.0,878966.0,14,600697.XSHG,6400,6400,11.3,72320.0,母版持仓&资金记录-20260501-20260623.txt,314,parsed
2026-06-03,,position,884565.41,5599.41,5599.41,878966.0,878966.0,14,300605.XSHE,3200,3200,10.86,34752.0,母版持仓&资金记录-20260501-20260623.txt,315,parsed
2026-06-03,,position,884565.41,5599.41,5599.41,878966.0,878966.0,14,301167.XSHE,6000,6000,14.72,88320.0,母版持仓&资金记录-20260501-20260623.txt,316,parsed
2026-06-03,,position,884565.41,5599.41,5599.41,878966.0,878966.0,14,600455.XSHG,3300,3300,25.7,84810.0,母版持仓&资金记录-20260501-20260623.txt,317,parsed
2026-06-03,,position,884565.41,5599.41,5599.41,878966.0,878966.0,14,300417.XSHE,5500,5500,12.57,69135.0,母版持仓&资金记录-20260501-20260623.txt,318,parsed
2026-06-03,,position,884565.41,5599.41,5599.41,878966.0,878966.0,14,300929.XSHE,7500,7500,11.93,89475.0,母版持仓&资金记录-20260501-20260623.txt,319,parsed
2026-06-03,,position,884565.41,5599.41,5599.41,878966.0,878966.0,14,300886.XSHE,700,700,24.25,16975.0,母版持仓&资金记录-20260501-20260623.txt,320,parsed
2026-06-03,,position,884565.41,5599.41,5599.41,878966.0,878966.0,14,600493.XSHG,14000,14000,6.34,88760.0,母版持仓&资金记录-20260501-20260623.txt,321,parsed
2026-06-04,,position,862527.42,1203.42,1203.42,861324.0,861324.0,13,301098.XSHE,5900,5900,8.97,52923.0,母版持仓&资金记录-20260501-20260623.txt,325,parsed
2026-06-04,,position,862527.42,1203.42,1203.42,861324.0,861324.0,13,300535.XSHE,5600,5600,15.34,85904.0,母版持仓&资金记录-20260501-20260623.txt,326,parsed
2026-06-04,,position,862527.42,1203.42,1203.42,861324.0,861324.0,13,300405.XSHE,5600,5600,6.12,34272.0,母版持仓&资金记录-20260501-20260623.txt,327,parsed
2026-06-04,,position,862527.42,1203.42,1203.42,861324.0,861324.0,13,600561.XSHG,15000,15000,5.75,86250.0,母版持仓&资金记录-20260501-20260623.txt,328,parsed
2026-06-04,,position,862527.42,1203.42,1203.42,861324.0,861324.0,13,603879.XSHG,10600,10600,4.92,52152.0,母版持仓&资金记录-20260501-20260623.txt,329,parsed
2026-06-04,,position,862527.42,1203.42,1203.42,861324.0,861324.0,13,600697.XSHG,6300,6300,10.93,68859.0,母版持仓&资金记录-20260501-20260623.txt,330,parsed
2026-06-04,,position,862527.42,1203.42,1203.42,861324.0,861324.0,13,300605.XSHE,4800,4800,10.56,50688.0,母版持仓&资金记录-20260501-20260623.txt,331,parsed
2026-06-04,,position,862527.42,1203.42,1203.42,861324.0,861324.0,13,301167.XSHE,6000,6000,14.38,86280.0,母版持仓&资金记录-20260501-20260623.txt,332,parsed
2026-06-04,,position,862527.42,1203.42,1203.42,861324.0,861324.0,13,600455.XSHG,3400,3400,24.98,84932.0,母版持仓&资金记录-20260501-20260623.txt,333,parsed
2026-06-04,,position,862527.42,1203.42,1203.42,861324.0,861324.0,13,300417.XSHE,5500,5500,12.4,68200.0,母版持仓&资金记录-20260501-20260623.txt,334,parsed
2026-06-04,,position,862527.42,1203.42,1203.42,861324.0,861324.0,13,300929.XSHE,7500,7500,11.61,87075.0,母版持仓&资金记录-20260501-20260623.txt,335,parsed
2026-06-04,,position,862527.42,1203.42,1203.42,861324.0,861324.0,13,300886.XSHE,700,700,23.47,16429.0,母版持仓&资金记录-20260501-20260623.txt,336,parsed
2026-06-04,,position,862527.42,1203.42,1203.42,861324.0,861324.0,13,600493.XSHG,14000,14000,6.24,87360.0,母版持仓&资金记录-20260501-20260623.txt,337,parsed
2026-06-05,,position,879159.42,1203.42,1203.42,877956.0,877956.0,13,301098.XSHE,5900,5900,8.5,50150.0,母版持仓&资金记录-20260501-20260623.txt,341,parsed
2026-06-05,,position,879159.42,1203.42,1203.42,877956.0,877956.0,13,300535.XSHE,5600,5600,15.88,88928.0,母版持仓&资金记录-20260501-20260623.txt,342,parsed
2026-06-05,,position,879159.42,1203.42,1203.42,877956.0,877956.0,13,300405.XSHE,5600,5600,6.29,35224.0,母版持仓&资金记录-20260501-20260623.txt,343,parsed
2026-06-05,,position,879159.42,1203.42,1203.42,877956.0,877956.0,13,600561.XSHG,15000,15000,5.88,88200.0,母版持仓&资金记录-20260501-20260623.txt,344,parsed
2026-06-05,,position,879159.42,1203.42,1203.42,877956.0,877956.0,13,603879.XSHG,10600,10600,4.99,52894.0,母版持仓&资金记录-20260501-20260623.txt,345,parsed
2026-06-05,,position,879159.42,1203.42,1203.42,877956.0,877956.0,13,600697.XSHG,6300,6300,11.31,71253.0,母版持仓&资金记录-20260501-20260623.txt,346,parsed
2026-06-05,,position,879159.42,1203.42,1203.42,877956.0,877956.0,13,300605.XSHE,4800,4800,10.8,51840.0,母版持仓&资金记录-20260501-20260623.txt,347,parsed
2026-06-05,,position,879159.42,1203.42,1203.42,877956.0,877956.0,13,301167.XSHE,6000,6000,14.9,89400.0,母版持仓&资金记录-20260501-20260623.txt,348,parsed
2026-06-05,,position,879159.42,1203.42,1203.42,877956.0,877956.0,13,600455.XSHG,3400,3400,25.3,86020.0,母版持仓&资金记录-20260501-20260623.txt,349,parsed
2026-06-05,,position,879159.42,1203.42,1203.42,877956.0,877956.0,13,300417.XSHE,5500,5500,12.65,69575.0,母版持仓&资金记录-20260501-20260623.txt,350,parsed
2026-06-05,,position,879159.42,1203.42,1203.42,877956.0,877956.0,13,300929.XSHE,7500,7500,11.91,89325.0,母版持仓&资金记录-20260501-20260623.txt,351,parsed
2026-06-05,,position,879159.42,1203.42,1203.42,877956.0,877956.0,13,300886.XSHE,700,700,23.81,16667.0,母版持仓&资金记录-20260501-20260623.txt,352,parsed
2026-06-05,,position,879159.42,1203.42,1203.42,877956.0,877956.0,13,600493.XSHG,14000,14000,6.32,88480.0,母版持仓&资金记录-20260501-20260623.txt,353,parsed
2026-06-08,,position,849374.42,1203.42,1203.42,848171.0,848171.0,13,301098.XSHE,5900,5900,8.16,48144.0,母版持仓&资金记录-20260501-20260623.txt,357,parsed
2026-06-08,,position,849374.42,1203.42,1203.42,848171.0,848171.0,13,300535.XSHE,5600,5600,15.13,84728.0,母版持仓&资金记录-20260501-20260623.txt,358,parsed
2026-06-08,,position,849374.42,1203.42,1203.42,848171.0,848171.0,13,300405.XSHE,5600,5600,5.99,33544.0,母版持仓&资金记录-20260501-20260623.txt,359,parsed
2026-06-08,,position,849374.42,1203.42,1203.42,848171.0,848171.0,13,600561.XSHG,15000,15000,5.65,84750.0,母版持仓&资金记录-20260501-20260623.txt,360,parsed
2026-06-08,,position,849374.42,1203.42,1203.42,848171.0,848171.0,13,603879.XSHG,10600,10600,4.8,50880.0,母版持仓&资金记录-20260501-20260623.txt,361,parsed
2026-06-08,,position,849374.42,1203.42,1203.42,848171.0,848171.0,13,600697.XSHG,6300,6300,11.09,69867.0,母版持仓&资金记录-20260501-20260623.txt,362,parsed
2026-06-08,,position,849374.42,1203.42,1203.42,848171.0,848171.0,13,300605.XSHE,4800,4800,10.51,50448.0,母版持仓&资金记录-20260501-20260623.txt,363,parsed
2026-06-08,,position,849374.42,1203.42,1203.42,848171.0,848171.0,13,301167.XSHE,6000,6000,14.34,86040.0,母版持仓&资金记录-20260501-20260623.txt,364,parsed
2026-06-08,,position,849374.42,1203.42,1203.42,848171.0,848171.0,13,600455.XSHG,3400,3400,25.09,85306.0,母版持仓&资金记录-20260501-20260623.txt,365,parsed
2026-06-08,,position,849374.42,1203.42,1203.42,848171.0,848171.0,13,300417.XSHE,5500,5500,12.1,66550.0,母版持仓&资金记录-20260501-20260623.txt,366,parsed
2026-06-08,,position,849374.42,1203.42,1203.42,848171.0,848171.0,13,300929.XSHE,7500,7500,11.45,85875.0,母版持仓&资金记录-20260501-20260623.txt,367,parsed
2026-06-08,,position,849374.42,1203.42,1203.42,848171.0,848171.0,13,300886.XSHE,700,700,23.17,16219.0,母版持仓&资金记录-20260501-20260623.txt,368,parsed
2026-06-08,,position,849374.42,1203.42,1203.42,848171.0,848171.0,13,600493.XSHG,14000,14000,6.13,85820.0,母版持仓&资金记录-20260501-20260623.txt,369,parsed
2026-06-09,,position,857494.42,1225.42,1225.42,856269.0,856269.0,13,301098.XSHE,6100,6100,9.38,57218.0,母版持仓&资金记录-20260501-20260623.txt,373,parsed
2026-06-09,,position,857494.42,1225.42,1225.42,856269.0,856269.0,13,300535.XSHE,5600,5600,15.32,85792.0,母版持仓&资金记录-20260501-20260623.txt,374,parsed
2026-06-09,,position,857494.42,1225.42,1225.42,856269.0,856269.0,13,300405.XSHE,5600,5600,5.97,33432.0,母版持仓&资金记录-20260501-20260623.txt,375,parsed
2026-06-09,,position,857494.42,1225.42,1225.42,856269.0,856269.0,13,600561.XSHG,15000,15000,5.66,84900.0,母版持仓&资金记录-20260501-20260623.txt,376,parsed
2026-06-09,,position,857494.42,1225.42,1225.42,856269.0,856269.0,13,603879.XSHG,14200,14200,4.85,68870.0,母版持仓&资金记录-20260501-20260623.txt,377,parsed
2026-06-09,,position,857494.42,1225.42,1225.42,856269.0,856269.0,13,600697.XSHG,4700,4700,10.96,51512.0,母版持仓&资金记录-20260501-20260623.txt,378,parsed
2026-06-09,,position,857494.42,1225.42,1225.42,856269.0,856269.0,13,300605.XSHE,4800,4800,10.71,51408.0,母版持仓&资金记录-20260501-20260623.txt,379,parsed
2026-06-09,,position,857494.42,1225.42,1225.42,856269.0,856269.0,13,301167.XSHE,6000,6000,14.29,85740.0,母版持仓&资金记录-20260501-20260623.txt,380,parsed
2026-06-09,,position,857494.42,1225.42,1225.42,856269.0,856269.0,13,600455.XSHG,3400,3400,24.8,84320.0,母版持仓&资金记录-20260501-20260623.txt,381,parsed
2026-06-09,,position,857494.42,1225.42,1225.42,856269.0,856269.0,13,300417.XSHE,5500,5500,12.04,66220.0,母版持仓&资金记录-20260501-20260623.txt,382,parsed
2026-06-09,,position,857494.42,1225.42,1225.42,856269.0,856269.0,13,300929.XSHE,7500,7500,11.5,86250.0,母版持仓&资金记录-20260501-20260623.txt,383,parsed
2026-06-09,,position,857494.42,1225.42,1225.42,856269.0,856269.0,13,300886.XSHE,700,700,23.27,16289.0,母版持仓&资金记录-20260501-20260623.txt,384,parsed
2026-06-09,,position,857494.42,1225.42,1225.42,856269.0,856269.0,13,600493.XSHG,13800,13800,6.11,84318.0,母版持仓&资金记录-20260501-20260623.txt,385,parsed
2026-06-10,,position,844124.42,1225.42,1225.42,842899.0,842899.0,13,301098.XSHE,6100,6100,8.41,51301.0,母版持仓&资金记录-20260501-20260623.txt,389,parsed
2026-06-10,,position,844124.42,1225.42,1225.42,842899.0,842899.0,13,300535.XSHE,5600,5600,15.15,84840.0,母版持仓&资金记录-20260501-20260623.txt,390,parsed
2026-06-10,,position,844124.42,1225.42,1225.42,842899.0,842899.0,13,300405.XSHE,5600,5600,5.86,32816.0,母版持仓&资金记录-20260501-20260623.txt,391,parsed
2026-06-10,,position,844124.42,1225.42,1225.42,842899.0,842899.0,13,600561.XSHG,15000,15000,5.67,85050.0,母版持仓&资金记录-20260501-20260623.txt,392,parsed
2026-06-10,,position,844124.42,1225.42,1225.42,842899.0,842899.0,13,603879.XSHG,14200,14200,4.84,68728.0,母版持仓&资金记录-20260501-20260623.txt,393,parsed
2026-06-10,,position,844124.42,1225.42,1225.42,842899.0,842899.0,13,600697.XSHG,4700,4700,10.9,51230.0,母版持仓&资金记录-20260501-20260623.txt,394,parsed
2026-06-10,,position,844124.42,1225.42,1225.42,842899.0,842899.0,13,300605.XSHE,4800,4800,10.44,50112.0,母版持仓&资金记录-20260501-20260623.txt,395,parsed
2026-06-10,,position,844124.42,1225.42,1225.42,842899.0,842899.0,13,301167.XSHE,6000,6000,14.22,85320.0,母版持仓&资金记录-20260501-20260623.txt,396,parsed
2026-06-10,,position,844124.42,1225.42,1225.42,842899.0,842899.0,13,600455.XSHG,3400,3400,24.7,83980.0,母版持仓&资金记录-20260501-20260623.txt,397,parsed
2026-06-10,,position,844124.42,1225.42,1225.42,842899.0,842899.0,13,300417.XSHE,5500,5500,11.69,64295.0,母版持仓&资金记录-20260501-20260623.txt,398,parsed
2026-06-10,,position,844124.42,1225.42,1225.42,842899.0,842899.0,13,300929.XSHE,7500,7500,11.35,85125.0,母版持仓&资金记录-20260501-20260623.txt,399,parsed
2026-06-10,,position,844124.42,1225.42,1225.42,842899.0,842899.0,13,300886.XSHE,700,700,23.14,16198.0,母版持仓&资金记录-20260501-20260623.txt,400,parsed
2026-06-10,,position,844124.42,1225.42,1225.42,842899.0,842899.0,13,600493.XSHG,13800,13800,6.08,83904.0,母版持仓&资金记录-20260501-20260623.txt,401,parsed
2026-06-11,,position,833510.42,1225.42,1225.42,832285.0,832285.0,13,301098.XSHE,6100,6100,8.66,52826.0,母版持仓&资金记录-20260501-20260623.txt,405,parsed
2026-06-11,,position,833510.42,1225.42,1225.42,832285.0,832285.0,13,300535.XSHE,5600,5600,15.06,84336.0,母版持仓&资金记录-20260501-20260623.txt,406,parsed
2026-06-11,,position,833510.42,1225.42,1225.42,832285.0,832285.0,13,300405.XSHE,5600,5600,5.93,33208.0,母版持仓&资金记录-20260501-20260623.txt,407,parsed
2026-06-11,,position,833510.42,1225.42,1225.42,832285.0,832285.0,13,600561.XSHG,15000,15000,5.56,83400.0,母版持仓&资金记录-20260501-20260623.txt,408,parsed
2026-06-11,,position,833510.42,1225.42,1225.42,832285.0,832285.0,13,603879.XSHG,14200,14200,4.73,67166.0,母版持仓&资金记录-20260501-20260623.txt,409,parsed
2026-06-11,,position,833510.42,1225.42,1225.42,832285.0,832285.0,13,600697.XSHG,4700,4700,10.81,50807.0,母版持仓&资金记录-20260501-20260623.txt,410,parsed
2026-06-11,,position,833510.42,1225.42,1225.42,832285.0,832285.0,13,300605.XSHE,4800,4800,10.17,48816.0,母版持仓&资金记录-20260501-20260623.txt,411,parsed
2026-06-11,,position,833510.42,1225.42,1225.42,832285.0,832285.0,13,301167.XSHE,6000,6000,14.05,84300.0,母版持仓&资金记录-20260501-20260623.txt,412,parsed
2026-06-11,,position,833510.42,1225.42,1225.42,832285.0,832285.0,13,600455.XSHG,3400,3400,24.26,82484.0,母版持仓&资金记录-20260501-20260623.txt,413,parsed
2026-06-11,,position,833510.42,1225.42,1225.42,832285.0,832285.0,13,300417.XSHE,5500,5500,11.4,62700.0,母版持仓&资金记录-20260501-20260623.txt,414,parsed
2026-06-11,,position,833510.42,1225.42,1225.42,832285.0,832285.0,13,300929.XSHE,7500,7500,11.14,83550.0,母版持仓&资金记录-20260501-20260623.txt,415,parsed
2026-06-11,,position,833510.42,1225.42,1225.42,832285.0,832285.0,13,300886.XSHE,700,700,22.9,16030.0,母版持仓&资金记录-20260501-20260623.txt,416,parsed
2026-06-11,,position,833510.42,1225.42,1225.42,832285.0,832285.0,13,600493.XSHG,13800,13800,5.99,82662.0,母版持仓&资金记录-20260501-20260623.txt,417,parsed
2026-06-12,,position,837698.57,139.57,139.57,837559.0,837559.0,13,301098.XSHE,3900,3900,8.41,32799.0,母版持仓&资金记录-20260501-20260623.txt,421,parsed
2026-06-12,,position,837698.57,139.57,139.57,837559.0,837559.0,13,300535.XSHE,5600,5600,15.26,85456.0,母版持仓&资金记录-20260501-20260623.txt,422,parsed
2026-06-12,,position,837698.57,139.57,139.57,837559.0,837559.0,13,300405.XSHE,8300,8300,5.96,49468.0,母版持仓&资金记录-20260501-20260623.txt,423,parsed
2026-06-12,,position,837698.57,139.57,139.57,837559.0,837559.0,13,600561.XSHG,15000,15000,5.58,83700.0,母版持仓&资金记录-20260501-20260623.txt,424,parsed
2026-06-12,,position,837698.57,139.57,139.57,837559.0,837559.0,13,603879.XSHG,14100,14100,4.85,68385.0,母版持仓&资金记录-20260501-20260623.txt,425,parsed
2026-06-12,,position,837698.57,139.57,139.57,837559.0,837559.0,13,600697.XSHG,3200,3200,10.99,35168.0,母版持仓&资金记录-20260501-20260623.txt,426,parsed
2026-06-12,,position,837698.57,139.57,139.57,837559.0,837559.0,13,300605.XSHE,6400,6400,10.45,66880.0,母版持仓&资金记录-20260501-20260623.txt,427,parsed
2026-06-12,,position,837698.57,139.57,139.57,837559.0,837559.0,13,301167.XSHE,6000,6000,14.08,84480.0,母版持仓&资金记录-20260501-20260623.txt,428,parsed
2026-06-12,,position,837698.57,139.57,139.57,837559.0,837559.0,13,600455.XSHG,3400,3400,24.39,82926.0,母版持仓&资金记录-20260501-20260623.txt,429,parsed
2026-06-12,,position,837698.57,139.57,139.57,837559.0,837559.0,13,300417.XSHE,5800,5800,11.29,65482.0,母版持仓&资金记录-20260501-20260623.txt,430,parsed
2026-06-12,,position,837698.57,139.57,139.57,837559.0,837559.0,13,300929.XSHE,7500,7500,11.08,83100.0,母版持仓&资金记录-20260501-20260623.txt,431,parsed
2026-06-12,,position,837698.57,139.57,139.57,837559.0,837559.0,13,300886.XSHE,700,700,22.91,16037.0,母版持仓&资金记录-20260501-20260623.txt,432,parsed
2026-06-12,,position,837698.57,139.57,139.57,837559.0,837559.0,13,600493.XSHG,13900,13900,6.02,83678.0,母版持仓&资金记录-20260501-20260623.txt,433,parsed
2026-06-15,,position,825656.57,139.57,139.57,825517.0,825517.0,13,301098.XSHE,3900,3900,8.14,31746.0,母版持仓&资金记录-20260501-20260623.txt,437,parsed
2026-06-15,,position,825656.57,139.57,139.57,825517.0,825517.0,13,300535.XSHE,5600,5600,14.98,83888.0,母版持仓&资金记录-20260501-20260623.txt,438,parsed
2026-06-15,,position,825656.57,139.57,139.57,825517.0,825517.0,13,300405.XSHE,8300,8300,5.8,48140.0,母版持仓&资金记录-20260501-20260623.txt,439,parsed
2026-06-15,,position,825656.57,139.57,139.57,825517.0,825517.0,13,600561.XSHG,15000,15000,5.5,82500.0,母版持仓&资金记录-20260501-20260623.txt,440,parsed
2026-06-15,,position,825656.57,139.57,139.57,825517.0,825517.0,13,603879.XSHG,14100,14100,4.82,67962.0,母版持仓&资金记录-20260501-20260623.txt,441,parsed
2026-06-15,,position,825656.57,139.57,139.57,825517.0,825517.0,13,600697.XSHG,3200,3200,10.76,34432.0,母版持仓&资金记录-20260501-20260623.txt,442,parsed
2026-06-15,,position,825656.57,139.57,139.57,825517.0,825517.0,13,300605.XSHE,6400,6400,10.53,67392.0,母版持仓&资金记录-20260501-20260623.txt,443,parsed
2026-06-15,,position,825656.57,139.57,139.57,825517.0,825517.0,13,301167.XSHE,6000,6000,13.89,83340.0,母版持仓&资金记录-20260501-20260623.txt,444,parsed
2026-06-15,,position,825656.57,139.57,139.57,825517.0,825517.0,13,600455.XSHG,3400,3400,23.72,80648.0,母版持仓&资金记录-20260501-20260623.txt,445,parsed
2026-06-15,,position,825656.57,139.57,139.57,825517.0,825517.0,13,300417.XSHE,5800,5800,11.21,65018.0,母版持仓&资金记录-20260501-20260623.txt,446,parsed
2026-06-15,,position,825656.57,139.57,139.57,825517.0,825517.0,13,300929.XSHE,7500,7500,10.88,81600.0,母版持仓&资金记录-20260501-20260623.txt,447,parsed
2026-06-15,,position,825656.57,139.57,139.57,825517.0,825517.0,13,300886.XSHE,700,700,22.47,15729.0,母版持仓&资金记录-20260501-20260623.txt,448,parsed
2026-06-15,,position,825656.57,139.57,139.57,825517.0,825517.0,13,600493.XSHG,13900,13900,5.98,83122.0,母版持仓&资金记录-20260501-20260623.txt,449,parsed
2026-06-16,,position,829190.57,139.57,139.57,829051.0,829051.0,13,301098.XSHE,3900,3900,8.4,32760.0,母版持仓&资金记录-20260501-20260623.txt,453,parsed
2026-06-16,,position,829190.57,139.57,139.57,829051.0,829051.0,13,300535.XSHE,5600,5600,15.06,84336.0,母版持仓&资金记录-20260501-20260623.txt,454,parsed
2026-06-16,,position,829190.57,139.57,139.57,829051.0,829051.0,13,300405.XSHE,8300,8300,5.96,49468.0,母版持仓&资金记录-20260501-20260623.txt,455,parsed
2026-06-16,,position,829190.57,139.57,139.57,829051.0,829051.0,13,600561.XSHG,15000,15000,5.52,82800.0,母版持仓&资金记录-20260501-20260623.txt,456,parsed
2026-06-16,,position,829190.57,139.57,139.57,829051.0,829051.0,13,603879.XSHG,14100,14100,4.75,66975.0,母版持仓&资金记录-20260501-20260623.txt,457,parsed
2026-06-16,,position,829190.57,139.57,139.57,829051.0,829051.0,13,600697.XSHG,3200,3200,10.67,34144.0,母版持仓&资金记录-20260501-20260623.txt,458,parsed
2026-06-16,,position,829190.57,139.57,139.57,829051.0,829051.0,13,300605.XSHE,6400,6400,10.49,67136.0,母版持仓&资金记录-20260501-20260623.txt,459,parsed
2026-06-16,,position,829190.57,139.57,139.57,829051.0,829051.0,13,301167.XSHE,6000,6000,13.94,83640.0,母版持仓&资金记录-20260501-20260623.txt,460,parsed
2026-06-16,,position,829190.57,139.57,139.57,829051.0,829051.0,13,600455.XSHG,3400,3400,23.88,81192.0,母版持仓&资金记录-20260501-20260623.txt,461,parsed
2026-06-16,,position,829190.57,139.57,139.57,829051.0,829051.0,13,300417.XSHE,5800,5800,11.48,66584.0,母版持仓&资金记录-20260501-20260623.txt,462,parsed
2026-06-16,,position,829190.57,139.57,139.57,829051.0,829051.0,13,300929.XSHE,7500,7500,10.9,81750.0,母版持仓&资金记录-20260501-20260623.txt,463,parsed
2026-06-16,,position,829190.57,139.57,139.57,829051.0,829051.0,13,300886.XSHE,700,700,22.23,15561.0,母版持仓&资金记录-20260501-20260623.txt,464,parsed
2026-06-16,,position,829190.57,139.57,139.57,829051.0,829051.0,13,600493.XSHG,13900,13900,5.95,82705.0,母版持仓&资金记录-20260501-20260623.txt,465,parsed
2026-06-17,,position,806079.34,1494.34,1494.34,804585.0,804585.0,13,301098.XSHE,2100,2100,8.6,18060.0,母版持仓&资金记录-20260501-20260623.txt,469,parsed
2026-06-17,,position,806079.34,1494.34,1494.34,804585.0,804585.0,13,300535.XSHE,5600,5600,14.64,81984.0,母版持仓&资金记录-20260501-20260623.txt,470,parsed
2026-06-17,,position,806079.34,1494.34,1494.34,804585.0,804585.0,13,300405.XSHE,11000,11000,5.76,63360.0,母版持仓&资金记录-20260501-20260623.txt,471,parsed
2026-06-17,,position,806079.34,1494.34,1494.34,804585.0,804585.0,13,600561.XSHG,15000,15000,5.43,81450.0,母版持仓&资金记录-20260501-20260623.txt,472,parsed
2026-06-17,,position,806079.34,1494.34,1494.34,804585.0,804585.0,13,603879.XSHG,10400,10400,4.59,47736.0,母版持仓&资金记录-20260501-20260623.txt,473,parsed
2026-06-17,,position,806079.34,1494.34,1494.34,804585.0,804585.0,13,600697.XSHG,3200,3200,10.4,33280.0,母版持仓&资金记录-20260501-20260623.txt,474,parsed
2026-06-17,,position,806079.34,1494.34,1494.34,804585.0,804585.0,13,300605.XSHE,4800,4800,10.14,48672.0,母版持仓&资金记录-20260501-20260623.txt,475,parsed
2026-06-17,,position,806079.34,1494.34,1494.34,804585.0,804585.0,13,301167.XSHE,6000,6000,13.63,81780.0,母版持仓&资金记录-20260501-20260623.txt,476,parsed
2026-06-17,,position,806079.34,1494.34,1494.34,804585.0,804585.0,13,600455.XSHG,3400,3400,23.39,79526.0,母版持仓&资金记录-20260501-20260623.txt,477,parsed
2026-06-17,,position,806079.34,1494.34,1494.34,804585.0,804585.0,13,300417.XSHE,7200,7200,10.98,79056.0,母版持仓&资金记录-20260501-20260623.txt,478,parsed
2026-06-17,,position,806079.34,1494.34,1494.34,804585.0,804585.0,13,300929.XSHE,7500,7500,10.6,79500.0,母版持仓&资金记录-20260501-20260623.txt,479,parsed
2026-06-17,,position,806079.34,1494.34,1494.34,804585.0,804585.0,13,300886.XSHE,1400,1400,21.81,30534.0,母版持仓&资金记录-20260501-20260623.txt,480,parsed
2026-06-17,,position,806079.34,1494.34,1494.34,804585.0,804585.0,13,600493.XSHG,13900,13900,5.73,79647.0,母版持仓&资金记录-20260501-20260623.txt,481,parsed
2026-06-18,,position,801540.34,1494.34,1494.34,800046.0,800046.0,13,301098.XSHE,2100,2100,8.93,18753.0,母版持仓&资金记录-20260501-20260623.txt,485,parsed
2026-06-18,,position,801540.34,1494.34,1494.34,800046.0,800046.0,13,300535.XSHE,5600,5600,14.55,81480.0,母版持仓&资金记录-20260501-20260623.txt,486,parsed
2026-06-18,,position,801540.34,1494.34,1494.34,800046.0,800046.0,13,300405.XSHE,11000,11000,5.67,62370.0,母版持仓&资金记录-20260501-20260623.txt,487,parsed
2026-06-18,,position,801540.34,1494.34,1494.34,800046.0,800046.0,13,600561.XSHG,15000,15000,5.36,80400.0,母版持仓&资金记录-20260501-20260623.txt,488,parsed
2026-06-18,,position,801540.34,1494.34,1494.34,800046.0,800046.0,13,603879.XSHG,10400,10400,4.56,47424.0,母版持仓&资金记录-20260501-20260623.txt,489,parsed
2026-06-18,,position,801540.34,1494.34,1494.34,800046.0,800046.0,13,600697.XSHG,3200,3200,10.25,32800.0,母版持仓&资金记录-20260501-20260623.txt,490,parsed
2026-06-18,,position,801540.34,1494.34,1494.34,800046.0,800046.0,13,300605.XSHE,4800,4800,10.07,48336.0,母版持仓&资金记录-20260501-20260623.txt,491,parsed
2026-06-18,,position,801540.34,1494.34,1494.34,800046.0,800046.0,13,301167.XSHE,6000,6000,13.45,80700.0,母版持仓&资金记录-20260501-20260623.txt,492,parsed
2026-06-18,,position,801540.34,1494.34,1494.34,800046.0,800046.0,13,600455.XSHG,3400,3400,23.39,79526.0,母版持仓&资金记录-20260501-20260623.txt,493,parsed
2026-06-18,,position,801540.34,1494.34,1494.34,800046.0,800046.0,13,300417.XSHE,7200,7200,11.03,79416.0,母版持仓&资金记录-20260501-20260623.txt,494,parsed
2026-06-18,,position,801540.34,1494.34,1494.34,800046.0,800046.0,13,300929.XSHE,7500,7500,10.62,79650.0,母版持仓&资金记录-20260501-20260623.txt,495,parsed
2026-06-18,,position,801540.34,1494.34,1494.34,800046.0,800046.0,13,300886.XSHE,1400,1400,21.5,30100.0,母版持仓&资金记录-20260501-20260623.txt,496,parsed
2026-06-18,,position,801540.34,1494.34,1494.34,800046.0,800046.0,13,600493.XSHG,13900,13900,5.69,79091.0,母版持仓&资金记录-20260501-20260623.txt,497,parsed
2026-06-22,,position,815795.34,1494.34,1494.34,814301.0,814301.0,13,301098.XSHE,2100,2100,8.7,18270.0,母版持仓&资金记录-20260501-20260623.txt,501,parsed
2026-06-22,,position,815795.34,1494.34,1494.34,814301.0,814301.0,13,300535.XSHE,5600,5600,14.86,83216.0,母版持仓&资金记录-20260501-20260623.txt,502,parsed
2026-06-22,,position,815795.34,1494.34,1494.34,814301.0,814301.0,13,300405.XSHE,11000,11000,5.78,63580.0,母版持仓&资金记录-20260501-20260623.txt,503,parsed
2026-06-22,,position,815795.34,1494.34,1494.34,814301.0,814301.0,13,600561.XSHG,15000,15000,5.43,81450.0,母版持仓&资金记录-20260501-20260623.txt,504,parsed
2026-06-22,,position,815795.34,1494.34,1494.34,814301.0,814301.0,13,603879.XSHG,10400,10400,4.6,47840.0,母版持仓&资金记录-20260501-20260623.txt,505,parsed
2026-06-22,,position,815795.34,1494.34,1494.34,814301.0,814301.0,13,600697.XSHG,3200,3200,10.36,33152.0,母版持仓&资金记录-20260501-20260623.txt,506,parsed
2026-06-22,,position,815795.34,1494.34,1494.34,814301.0,814301.0,13,300605.XSHE,4800,4800,10.31,49488.0,母版持仓&资金记录-20260501-20260623.txt,507,parsed
2026-06-22,,position,815795.34,1494.34,1494.34,814301.0,814301.0,13,301167.XSHE,6000,6000,13.54,81240.0,母版持仓&资金记录-20260501-20260623.txt,508,parsed
2026-06-22,,position,815795.34,1494.34,1494.34,814301.0,814301.0,13,600455.XSHG,3400,3400,23.6,80240.0,母版持仓&资金记录-20260501-20260623.txt,509,parsed
2026-06-22,,position,815795.34,1494.34,1494.34,814301.0,814301.0,13,300417.XSHE,7200,7200,11.13,80136.0,母版持仓&资金记录-20260501-20260623.txt,510,parsed
2026-06-22,,position,815795.34,1494.34,1494.34,814301.0,814301.0,13,300929.XSHE,7500,7500,11.29,84675.0,母版持仓&资金记录-20260501-20260623.txt,511,parsed
2026-06-22,,position,815795.34,1494.34,1494.34,814301.0,814301.0,13,300886.XSHE,1400,1400,21.71,30394.0,母版持仓&资金记录-20260501-20260623.txt,512,parsed
2026-06-22,,position,815795.34,1494.34,1494.34,814301.0,814301.0,13,600493.XSHG,13900,13900,5.8,80620.0,母版持仓&资金记录-20260501-20260623.txt,513,parsed
2026-06-23,,position,834499.06,1429.06,1429.06,833070.0,833070.0,13,301098.XSHE,1900,1900,9.47,17993.0,母版持仓&资金记录-20260501-20260623.txt,517,parsed
2026-06-23,,position,834499.06,1429.06,1429.06,833070.0,833070.0,13,300535.XSHE,5500,5500,15.25,83875.0,母版持仓&资金记录-20260501-20260623.txt,518,parsed
2026-06-23,,position,834499.06,1429.06,1429.06,833070.0,833070.0,13,300405.XSHE,14000,14000,5.81,81340.0,母版持仓&资金记录-20260501-20260623.txt,519,parsed
2026-06-23,,position,834499.06,1429.06,1429.06,833070.0,833070.0,13,600561.XSHG,15000,15000,5.55,83250.0,母版持仓&资金记录-20260501-20260623.txt,520,parsed
2026-06-23,,position,834499.06,1429.06,1429.06,833070.0,833070.0,13,603879.XSHG,7100,7100,4.84,34364.0,母版持仓&资金记录-20260501-20260623.txt,521,parsed
2026-06-23,,position,834499.06,1429.06,1429.06,833070.0,833070.0,13,600697.XSHG,4700,4700,10.54,49538.0,母版持仓&资金记录-20260501-20260623.txt,522,parsed
2026-06-23,,position,834499.06,1429.06,1429.06,833070.0,833070.0,13,300605.XSHE,3200,3200,10.47,33504.0,母版持仓&资金记录-20260501-20260623.txt,523,parsed
2026-06-23,,position,834499.06,1429.06,1429.06,833070.0,833070.0,13,301167.XSHE,6000,6000,13.85,83100.0,母版持仓&资金记录-20260501-20260623.txt,524,parsed
2026-06-23,,position,834499.06,1429.06,1429.06,833070.0,833070.0,13,600455.XSHG,3400,3400,24.03,81702.0,母版持仓&资金记录-20260501-20260623.txt,525,parsed
2026-06-23,,position,834499.06,1429.06,1429.06,833070.0,833070.0,13,300417.XSHE,7300,7300,11.36,82928.0,母版持仓&资金记录-20260501-20260623.txt,526,parsed
2026-06-23,,position,834499.06,1429.06,1429.06,833070.0,833070.0,13,300929.XSHE,7300,7300,11.78,85994.0,母版持仓&资金记录-20260501-20260623.txt,527,parsed
2026-06-23,,position,834499.06,1429.06,1429.06,833070.0,833070.0,13,300886.XSHE,1500,1500,21.81,32715.0,母版持仓&资金记录-20260501-20260623.txt,528,parsed
2026-06-23,,position,834499.06,1429.06,1429.06,833070.0,833070.0,13,600493.XSHG,14100,14100,5.87,82767.0,母版持仓&资金记录-20260501-20260623.txt,529,parsed
2026-06-24,,position,788859.06,1429.06,1429.06,787430.0,787430.0,13,301098.XSHE,1900,1900,9.03,17157.0,母版持仓&资金记录-20260501-20260623.txt,533,parsed
2026-06-24,,position,788859.06,1429.06,1429.06,787430.0,787430.0,13,300535.XSHE,5500,5500,14.42,79310.0,母版持仓&资金记录-20260501-20260623.txt,534,parsed
2026-06-24,,position,788859.06,1429.06,1429.06,787430.0,787430.0,13,300405.XSHE,14000,14000,5.53,77420.0,母版持仓&资金记录-20260501-20260623.txt,535,parsed
2026-06-24,,position,788859.06,1429.06,1429.06,787430.0,787430.0,13,600561.XSHG,15000,15000,5.2,78000.0,母版持仓&资金记录-20260501-20260623.txt,536,parsed
2026-06-24,,position,788859.06,1429.06,1429.06,787430.0,787430.0,13,603879.XSHG,7100,7100,4.53,32163.0,母版持仓&资金记录-20260501-20260623.txt,537,parsed
2026-06-24,,position,788859.06,1429.06,1429.06,787430.0,787430.0,13,600697.XSHG,4700,4700,10.13,47611.0,母版持仓&资金记录-20260501-20260623.txt,538,parsed
2026-06-24,,position,788859.06,1429.06,1429.06,787430.0,787430.0,13,300605.XSHE,3200,3200,9.84,31488.0,母版持仓&资金记录-20260501-20260623.txt,539,parsed
2026-06-24,,position,788859.06,1429.06,1429.06,787430.0,787430.0,13,301167.XSHE,6000,6000,13.12,78720.0,母版持仓&资金记录-20260501-20260623.txt,540,parsed
2026-06-24,,position,788859.06,1429.06,1429.06,787430.0,787430.0,13,600455.XSHG,3400,3400,22.65,77010.0,母版持仓&资金记录-20260501-20260623.txt,541,parsed
2026-06-24,,position,788859.06,1429.06,1429.06,787430.0,787430.0,13,300417.XSHE,7300,7300,10.84,79132.0,母版持仓&资金记录-20260501-20260623.txt,542,parsed
2026-06-24,,position,788859.06,1429.06,1429.06,787430.0,787430.0,13,300929.XSHE,7300,7300,10.97,80081.0,母版持仓&资金记录-20260501-20260623.txt,543,parsed
2026-06-24,,position,788859.06,1429.06,1429.06,787430.0,787430.0,13,300886.XSHE,1500,1500,20.91,31365.0,母版持仓&资金记录-20260501-20260623.txt,544,parsed
2026-06-24,,position,788859.06,1429.06,1429.06,787430.0,787430.0,13,600493.XSHG,14100,14100,5.53,77973.0,母版持仓&资金记录-20260501-20260623.txt,545,parsed
