date,sequence,code,side,jq_quantity,local_quantity,quantity_diff,jq_price,local_price,price_diff,jq_gross_amount,local_gross_amount,gross_amount_diff,jq_commission,local_commission,commission_diff,jq_tax,local_tax,tax_diff,match_status,diff_reason,evidence_level
2026-05-06,0,300405.XSHE,buy,2800.0,2800.0,0.0,7.06,7.06,0.0,19768.0,19768.0,0.0,5.0,5.0,0.0,0,0,0,exact_match,none,A
2026-05-06,0,300417.XSHE,buy,1400.0,1400.0,0.0,14.26,14.26,0.0,19964.0,19964.0,0.0,5.0,5.0,0.0,0,0,0,exact_match,none,A
2026-05-06,0,300500.XSHE,buy,1600.0,1600.0,0.0,11.91,11.91,0.0,19056.0,19056.0,0.0,5.0,5.0,0.0,0,0,0,exact_match,none,A
2026-05-06,0,300665.XSHE,buy,2300.0,2300.0,0.0,8.6,8.6,0.0,19780.0,19780.0,0.0,5.0,5.0,0.0,0,0,0,exact_match,none,A
2026-05-06,0,300929.XSHE,buy,1300.0,1300.0,0.0,14.29,14.29,0.0,18577.0,18577.0,0.0,5.0,5.0,0.0,0,0,0,exact_match,none,A
2026-05-06,0,301098.XSHE,buy,2000.0,2000.0,0.0,9.63,9.63,0.0,19260.0,19260.0,0.0,5.0,5.0,0.0,0,0,0,exact_match,none,A
2026-05-06,0,301167.XSHE,buy,1100.0,1100.0,0.0,17.8,17.8,0.0,19580.0,19580.0,0.0,5.0,5.0,0.0,0,0,0,exact_match,none,A
2026-05-06,0,600455.XSHG,buy,700.0,700.0,0.0,28.5,28.5,0.0,19950.0,19950.0,0.0,5.0,5.0,0.0,0,0,0,exact_match,none,A
2026-05-06,0,600561.XSHG,buy,2800.0,2800.0,0.0,7.07,7.07,0.0,19796.0,19796.0,0.0,5.0,5.0,0.0,0,0,0,exact_match,none,A
2026-05-06,0,600697.XSHG,buy,1500.0,1500.0,0.0,12.64,12.64,0.0,18960.0,18960.0,0.0,5.0,5.0,0.0,0,0,0,exact_match,none,A
2026-05-11,0,300405.XSHE,buy,2800.0,2800.0,0.0,7.17,7.17,0.0,20076.0,20076.0,0.0,5.0,5.0,0.0,0,0,0,exact_match,none,A
2026-05-11,0,300417.XSHE,buy,1200.0,1200.0,0.0,15.47,15.47,0.0,18564.0,18564.0,0.0,5.0,5.0,0.0,0,0,0,exact_match,none,A
2026-05-11,0,300665.XSHE,buy,2100.0,2100.0,0.0,9.09,9.09,0.0,19089.0,19089.0,0.0,5.0,5.0,0.0,0,0,0,exact_match,none,A
2026-05-11,0,300929.XSHE,buy,1400.0,1400.0,0.0,14.72,14.72,0.0,20608.0,20608.0,0.0,5.0,5.0,0.0,0,0,0,exact_match,none,A
2026-05-11,0,301098.XSHE,buy,2100.0,2100.0,0.0,9.79,9.79,0.0,20559.0,20559.0,0.0,5.0,5.0,0.0,0,0,0,exact_match,none,A
2026-05-11,0,301167.XSHE,buy,1100.0,1100.0,0.0,18.02,18.02,0.0,19822.0,19822.0,0.0,5.0,5.0,0.0,0,0,0,exact_match,none,A
2026-05-11,0,600455.XSHG,buy,600.0,600.0,0.0,29.39,29.39,0.0,17634.0,17634.0,0.0,5.0,5.0,0.0,0,0,0,exact_match,none,A
2026-05-11,0,600493.XSHG,buy,2600.0,2600.0,0.0,7.67,7.67,0.0,19942.0,19942.0,0.0,5.0,5.0,0.0,0,0,0,exact_match,none,A
2026-05-11,0,600561.XSHG,buy,2800.0,2800.0,0.0,7.13,7.13,0.0,19964.0,19964.0,0.0,5.0,5.0,0.0,0,0,0,exact_match,none,A
2026-05-11,0,600697.XSHG,buy,1600.0,1600.0,0.0,12.84,12.84,0.0,20544.0,20544.0,0.0,5.0,5.0,0.0,0,0,0,exact_match,none,A
2026-05-14,0,300417.XSHE,buy,1300.0,1300.0,0.0,15.24,15.24,0.0,19812.0,19812.0,0.0,5.0,5.0,0.0,0,0,0,exact_match,none,A
2026-05-14,0,300535.XSHE,buy,1000.0,1000.0,0.0,18.53,18.53,0.0,18530.0,18530.0,0.0,5.0,5.0,0.0,0,0,0,exact_match,none,A
2026-05-14,0,300665.XSHE,buy,2100.0,2100.0,0.0,9.25,9.25,0.0,19425.0,19425.0,0.0,5.0,5.0,0.0,0,0,0,exact_match,none,A
2026-05-14,0,300929.XSHE,buy,1500.0,1500.0,0.0,14.14,14.14,0.0,21210.0,21210.0,0.0,5.0,5.0,0.0,0,0,0,exact_match,none,A
2026-05-14,0,301098.XSHE,buy,1400.0,1400.0,0.0,10.8,10.8,0.0,15120.0,15120.000000000002,-1.8189894035458565e-12,5.0,5.0,0.0,0,0,0,exact_match,none,A
2026-05-14,0,301167.XSHE,buy,1200.0,1200.0,0.0,17.73,17.73,0.0,21276.0,21276.0,0.0,5.0,5.0,0.0,0,0,0,exact_match,none,A
2026-05-14,0,600455.XSHG,buy,700.0,700.0,0.0,29.04,29.04,0.0,20328.0,20328.0,0.0,5.0,5.0,0.0,0,0,0,exact_match,none,A
2026-05-14,0,600493.XSHG,buy,2800.0,2800.0,0.0,7.37,7.37,0.0,20636.0,20636.0,0.0,5.0,5.0,0.0,0,0,0,exact_match,none,A
2026-05-14,0,600561.XSHG,buy,2900.0,2900.0,0.0,7.03,7.03,0.0,20387.0,20387.0,0.0,5.0,5.0,0.0,0,0,0,exact_match,none,A
2026-05-14,0,600697.XSHG,buy,1700.0,1700.0,0.0,12.44,12.44,0.0,21148.0,21148.0,0.0,5.0,5.0,0.0,0,0,0,exact_match,none,A
2026-05-19,0,300405.XSHE,buy,2700.0,2700.0,0.0,7.28,7.28,0.0,19656.0,19656.0,0.0,5.0,5.0,0.0,0,0,0,exact_match,none,A
2026-05-19,0,300417.XSHE,buy,1300.0,1300.0,0.0,15.23,15.23,0.0,19799.0,19799.0,0.0,5.0,5.0,0.0,0,0,0,exact_match,none,A
2026-05-19,0,300535.XSHE,buy,1100.0,1100.0,0.0,18.56,18.56,0.0,20416.0,20416.0,0.0,5.0,5.0,0.0,0,0,0,exact_match,none,A
2026-05-19,0,300665.XSHE,sell,300.0,300.0,0.0,9.85,9.85,0.0,-2955.0,2955.0,-5910.0,7.96,5.0,2.96,0,0,0,exact_match,none,A
2026-05-19,0,300929.XSHE,buy,1500.0,1500.0,0.0,14.0,14.0,0.0,21000.0,21000.0,0.0,5.0,5.0,0.0,0,0,0,exact_match,none,A
2026-05-19,0,301098.XSHE,buy,2000.0,2000.0,0.0,10.66,10.66,0.0,21320.0,21320.0,0.0,5.0,5.0,0.0,0,0,0,exact_match,none,A
2026-05-19,0,301167.XSHE,buy,1200.0,1200.0,0.0,17.52,17.52,0.0,21024.0,21024.0,0.0,5.0,5.0,0.0,0,0,0,exact_match,none,A
2026-05-19,0,600455.XSHG,buy,700.0,700.0,0.0,29.71,29.71,0.0,20797.0,20797.0,0.0,5.0,5.0,0.0,0,0,0,exact_match,none,A
2026-05-19,0,600493.XSHG,buy,2700.0,2700.0,0.0,7.4,7.4,0.0,19980.0,19980.0,0.0,5.0,5.0,0.0,0,0,0,exact_match,none,A
2026-05-19,0,600561.XSHG,buy,3100.0,3100.0,0.0,6.94,6.94,0.0,21514.0,21514.0,0.0,5.0,5.0,0.0,0,0,0,exact_match,none,A
2026-05-19,0,600697.XSHG,buy,1600.0,1600.0,0.0,12.48,12.48,0.0,19968.0,19968.0,0.0,5.0,5.0,0.0,0,0,0,exact_match,none,A
2026-05-22,0,300405.XSHE,buy,100.0,100.0,0.0,6.87,6.87,0.0,687.0,687.0,0.0,5.0,5.0,0.0,0,0,0,exact_match,none,A
2026-05-22,0,300417.XSHE,buy,1400.0,1400.0,0.0,14.48,14.48,0.0,20272.0,20272.0,0.0,5.0,5.0,0.0,0,0,0,exact_match,none,A
2026-05-22,0,300535.XSHE,buy,1100.0,1100.0,0.0,17.65,17.65,0.0,19415.0,19415.0,0.0,5.0,5.0,0.0,0,0,0,exact_match,none,A
2026-05-22,0,300929.XSHE,buy,1600.0,1600.0,0.0,13.25,13.25,0.0,21200.0,21200.0,0.0,5.0,5.0,0.0,0,0,0,exact_match,none,A
2026-05-22,0,301098.XSHE,buy,1900.0,1900.0,0.0,10.3,10.3,0.0,19570.0,19570.0,0.0,5.0,5.0,0.0,0,0,0,exact_match,none,A
2026-05-22,0,301167.XSHE,buy,1200.0,1200.0,0.0,16.48,16.48,0.0,19776.0,19776.0,0.0,5.0,5.0,0.0,0,0,0,exact_match,none,A
2026-05-22,0,600455.XSHG,buy,600.0,600.0,0.0,28.62,28.62,0.0,17172.0,17172.0,0.0,5.0,5.0,0.0,0,0,0,exact_match,none,A
2026-05-22,0,600493.XSHG,buy,2900.0,2900.0,0.0,7.01,7.01,0.0,20329.0,20329.0,0.0,5.0,5.0,0.0,0,0,0,exact_match,none,A
2026-05-22,0,600561.XSHG,buy,3000.0,3000.0,0.0,6.61,6.61,0.0,19830.0,19830.0,0.0,5.0,5.0,0.0,0,0,0,exact_match,none,A
2026-05-22,0,600697.XSHG,buy,1700.0,1700.0,0.0,11.87,11.87,0.0,20179.0,20179.0,0.0,5.0,5.0,0.0,0,0,0,exact_match,none,A
2026-05-22,0,603879.XSHG,buy,3600.0,3600.0,0.0,5.34,5.34,0.0,19224.0,19224.0,0.0,5.0,5.0,0.0,0,0,0,exact_match,none,A
2026-05-27,0,300405.XSHE,sell,2800.0,2800.0,0.0,6.92,6.92,0.0,-19376.0,19376.0,-38752.0,24.38,5.0,19.38,0,0,0,exact_match,none,A
2026-05-27,0,300417.XSHE,sell,1100.0,1100.0,0.0,14.17,14.17,0.0,-15587.0,15587.0,-31174.0,20.59,5.0,15.59,0,0,0,exact_match,none,A
2026-05-27,0,300500.XSHE,sell,1600.0,1600.0,0.0,11.36,11.36,0.0,-18176.0,18176.0,-36352.0,23.18,5.0,18.18,0,0,0,exact_match,none,A
2026-05-27,0,300535.XSHE,buy,1100.0,1100.0,0.0,17.42,17.42,0.0,19162.0,19162.000000000004,-3.637978807091713e-12,5.0,5.0,0.0,0,0,0,exact_match,none,A
2026-05-27,0,300605.XSHE,buy,1600.0,1600.0,0.0,11.52,11.52,0.0,18432.0,18432.0,0.0,5.0,5.0,0.0,0,0,0,exact_match,none,A
2026-05-27,0,300665.XSHE,sell,2300.0,2300.0,0.0,9.84,9.84,0.0,-22632.0,22632.0,-45264.0,27.63,5.0,22.63,0,0,0,exact_match,none,A
2026-05-27,0,301167.XSHE,buy,100.0,100.0,0.0,16.01,16.01,0.0,1601.0,1601.0000000000002,-2.2737367544323206e-13,5.0,5.0,0.0,0,0,0,exact_match,none,A
2026-05-27,0,600493.XSHG,buy,3000.0,3000.0,0.0,6.81,6.81,0.0,20430.0,20430.0,0.0,5.0,5.0,0.0,0,0,0,exact_match,none,A
2026-05-27,0,600561.XSHG,buy,100.0,100.0,0.0,6.48,6.48,0.0,648.0,648.0,0.0,5.0,5.0,0.0,0,0,0,exact_match,none,A
2026-05-27,0,600697.XSHG,buy,100.0,100.0,0.0,11.63,11.63,0.0,1163.0,1163.0,0.0,5.0,5.0,0.0,0,0,0,exact_match,none,A
2026-05-27,0,603879.XSHG,buy,3600.0,3600.0,0.0,5.3,5.3,0.0,19080.0,19080.0,0.0,5.0,5.0,0.0,0,0,0,exact_match,none,A
2026-06-01,0,300405.XSHE,sell,2700.0,2700.0,0.0,6.4,6.4,0.0,-17280.0,17280.0,-34560.0,22.28,5.0,17.28,0,0,0,exact_match,none,A
2026-06-01,0,300535.XSHE,buy,1200.0,1200.0,0.0,16.33,16.33,0.0,19596.0,19595.999999999996,3.637978807091713e-12,5.0,5.0,0.0,0,0,0,exact_match,none,A
2026-06-01,0,300605.XSHE,buy,1600.0,1600.0,0.0,10.96,10.96,0.0,17536.0,17536.0,0.0,5.0,5.0,0.0,0,0,0,exact_match,none,A
2026-06-01,0,300665.XSHE,sell,2000.0,2000.0,0.0,9.54,9.54,0.0,-19080.0,19080.0,-38160.0,24.08,5.0,19.08,0,0,0,exact_match,none,A
2026-06-01,0,300886.XSHE,buy,700.0,700.0,0.0,24.11,24.11,0.0,16877.0,16877.0,0.0,5.0,5.0,0.0,0,0,0,exact_match,none,A
2026-06-01,0,300929.XSHE,buy,200.0,200.0,0.0,12.02,12.02,0.0,2404.0,2404.0,0.0,5.0,5.0,0.0,0,0,0,exact_match,none,A
2026-06-01,0,301098.XSHE,sell,2100.0,2100.0,0.0,9.94,9.94,0.0,-20874.0,20874.0,-41748.0,25.87,5.0,20.87,0,0,0,exact_match,none,A
2026-06-01,0,301167.XSHE,buy,100.0,100.0,0.0,15.0,15.0,0.0,1500.0,1500.0,0.0,5.0,5.0,0.0,0,0,0,exact_match,none,A
2026-06-01,0,600561.XSHG,buy,300.0,300.0,0.0,5.99,5.99,0.0,1797.0,1797.0,0.0,5.0,5.0,0.0,0,0,0,exact_match,none,A
2026-06-01,0,600697.XSHG,sell,1800.0,1800.0,0.0,11.35,11.35,0.0,-20430.0,20430.0,-40860.0,25.43,5.0,20.43,0,0,0,exact_match,none,A
2026-06-01,0,603879.XSHG,buy,3700.0,3700.0,0.0,4.94,4.94,0.0,18278.0,18278.0,0.0,5.0,5.0,0.0,0,0,0,exact_match,none,A
2026-06-04,0,300405.XSHE,buy,2700.0,2700.0,0.0,6.24,6.24,0.0,16848.0,16848.0,0.0,5.0,5.0,0.0,0,0,0,exact_match,none,A
2026-06-04,0,300535.XSHE,buy,100.0,100.0,0.0,15.66,15.66,0.0,1566.0,1566.0,0.0,5.0,5.0,0.0,0,0,0,exact_match,none,A
2026-06-04,0,300605.XSHE,buy,1600.0,1600.0,0.0,10.83,10.83,0.0,17328.0,17328.0,0.0,5.0,5.0,0.0,0,0,0,exact_match,none,A
2026-06-04,0,300665.XSHE,sell,1900.0,1900.0,0.0,9.81,9.81,0.0,-18639.0,18639.0,-37278.0,23.64,5.0,18.64,0,0,0,exact_match,none,A
2026-06-04,0,301098.XSHE,sell,1400.0,1400.0,0.0,9.09,9.09,0.0,-12726.0,12726.0,-25452.0,17.73,5.0,12.73,0,0,0,exact_match,none,A
2026-06-04,0,600455.XSHG,buy,100.0,100.0,0.0,25.7,25.7,0.0,2570.0,2570.0,0.0,5.0,5.0,0.0,0,0,0,exact_match,none,A
2026-06-04,0,600493.XSHG,sell,0,100.0,-100.0,0,6.33,-6.33,0,633.0,-633.0,0,5.0,-5.0,0,0,0,missing_in_jq,cascade_after_first_divergence,B
2026-06-04,0,600697.XSHG,sell,100.0,100.0,0.0,11.25,11.25,0.0,-1125.0,1125.0,-2250.0,6.12,5.0,1.12,0,0,0,exact_match,none,A
2026-06-04,0,603879.XSHG,sell,300.0,300.0,0.0,5.0,5.0,0.0,-1500.0,1500.0,-3000.0,6.5,5.0,1.5,0,0,0,exact_match,none,A
2026-06-09,0,301098.XSHE,buy,100.0,100.0,0.0,8.26,8.26,0.0,826.0,826.0,0.0,5.0,5.0,0.0,0,0,0,exact_match,none,A
2026-06-09,1,301098.XSHE,buy,100.0,100.0,0.0,8.26,8.26,0.0,826.0,826.0,0.0,5.0,5.0,0.0,0,0,0,exact_match,none,A
2026-06-09,0,600493.XSHG,sell,200.0,100.0,100.0,6.19,6.19,0.0,-1238.0,619.0,-1857.0,6.24,5.0,1.2400000000000002,0,0,0,exact_match,none,A
2026-06-09,0,600697.XSHG,sell,1600.0,1600.0,0.0,11.1,11.1,0.0,-17760.0,17760.0,-35520.0,22.76,5.0,17.76,0,0,0,exact_match,none,A
2026-06-09,0,603879.XSHG,buy,3600.0,3500.0,100.0,4.8,4.8,0.0,17280.0,16800.0,480.0,5.0,5.0,0.0,0,0,0,exact_match,none,A
2026-06-12,0,300405.XSHE,buy,2700.0,2700.0,0.0,6.01,6.01,0.0,16227.0,16227.0,0.0,5.0,5.0,0.0,0,0,0,exact_match,none,A
2026-06-12,0,300417.XSHE,buy,300.0,300.0,0.0,11.52,11.52,0.0,3456.0,3456.0,0.0,5.0,5.0,0.0,0,0,0,exact_match,none,A
2026-06-12,0,300605.XSHE,buy,1600.0,1500.0,100.0,10.36,10.36,0.0,16576.0,15540.0,1036.0,5.0,5.0,0.0,0,0,0,exact_match,none,A
2026-06-12,0,301098.XSHE,sell,2200.0,2200.0,0.0,8.74,8.74,0.0,-19228.0,19228.0,-38456.0,24.23,5.0,19.23,0,0,0,exact_match,none,A
2026-06-12,0,600493.XSHG,buy,100.0,100.0,0.0,6.04,6.04,0.0,604.0,604.0,0.0,5.0,5.0,0.0,0,0,0,exact_match,none,A
2026-06-12,0,600697.XSHG,sell,1500.0,1500.0,0.0,10.76,10.76,0.0,-16140.0,16140.0,-32280.0,21.14,5.0,16.14,0,0,0,exact_match,none,A
2026-06-12,0,603879.XSHG,sell,100.0,0,100.0,4.8,0,4.8,-480.0,0,-480.0,5.48,0,5.48,0,0,0,missing_in_local,cascade_after_first_divergence,B
2026-06-17,0,300405.XSHE,buy,2700.0,0,2700.0,6.0,0,6.0,16200.0,0,16200.0,5.0,0,5.0,0,0,0,missing_in_local,cascade_after_first_divergence,B
2026-06-17,0,300417.XSHE,buy,1300.0,0,1300.0,11.44,0,11.44,14872.0,0,14872.0,5.0,0,5.0,0,0,0,missing_in_local,cascade_after_first_divergence,B
2026-06-17,1,300417.XSHE,buy,100.0,0,100.0,11.44,0,11.44,1144.0,0,1144.0,5.0,0,5.0,0,0,0,missing_in_local,cascade_after_first_divergence,B
2026-06-17,0,300605.XSHE,sell,1600.0,0,1600.0,10.46,0,10.46,-16736.0,0,-16736.0,21.74,0,21.74,0,0,0,missing_in_local,cascade_after_first_divergence,B
2026-06-17,0,300886.XSHE,buy,700.0,0,700.0,22.26,0,22.26,15582.0,0,15582.0,5.0,0,5.0,0,0,0,missing_in_local,cascade_after_first_divergence,B
2026-06-17,0,301098.XSHE,sell,1800.0,0,1800.0,8.21,0,8.21,-14778.0,0,-14778.0,19.78,0,19.78,0,0,0,missing_in_local,cascade_after_first_divergence,B
2026-06-17,0,603879.XSHG,sell,3700.0,0,3700.0,4.79,0,4.79,-17723.0,0,-17723.0,22.72,0,22.72,0,0,0,missing_in_local,cascade_after_first_divergence,B
2026-06-23,0,300405.XSHE,buy,700.0,0,700.0,5.78,0,5.78,4046.0,0,4046.0,5.0,0,5.0,0,0,0,missing_in_local,cascade_after_first_divergence,B
2026-06-23,1,300405.XSHE,buy,2300.0,0,2300.0,5.78,0,5.78,13294.0,0,13294.0,5.0,0,5.0,0,0,0,missing_in_local,cascade_after_first_divergence,B
2026-06-23,0,300417.XSHE,buy,100.0,0,100.0,11.11,0,11.11,1111.0,0,1111.0,5.0,0,5.0,0,0,0,missing_in_local,cascade_after_first_divergence,B
2026-06-23,0,300535.XSHE,sell,100.0,0,100.0,14.82,0,14.82,-1482.0,0,-1482.0,6.48,0,6.48,0,0,0,missing_in_local,cascade_after_first_divergence,B
2026-06-23,0,300605.XSHE,sell,1600.0,0,1600.0,10.35,0,10.35,-16560.0,0,-16560.0,21.56,0,21.56,0,0,0,missing_in_local,cascade_after_first_divergence,B
2026-06-23,0,300886.XSHE,buy,100.0,0,100.0,21.69,0,21.69,2169.0,0,2169.0,5.0,0,5.0,0,0,0,missing_in_local,cascade_after_first_divergence,B
2026-06-23,0,300929.XSHE,sell,200.0,0,200.0,11.3,0,11.3,-2260.0,0,-2260.0,7.26,0,7.26,0,0,0,missing_in_local,cascade_after_first_divergence,B
2026-06-23,0,301098.XSHE,sell,200.0,0,200.0,8.82,0,8.82,-1764.0,0,-1764.0,6.76,0,6.76,0,0,0,missing_in_local,cascade_after_first_divergence,B
2026-06-23,0,600493.XSHG,buy,200.0,0,200.0,5.76,0,5.76,1152.0,0,1152.0,5.0,0,5.0,0,0,0,missing_in_local,cascade_after_first_divergence,B
2026-06-23,0,603879.XSHG,sell,3300.0,0,3300.0,4.61,0,4.61,-15213.0,0,-15213.0,20.21,0,20.21,0,0,0,missing_in_local,cascade_after_first_divergence,B
