date,event_time,security,previous_close,open,high,low,close,high_limit,low_limit,engine_rejection_reason,jq_trade_quantity,jq_trade_price,jq_trade_time
2026-05-26,14:00,300665.XSHE,10.029999732971191,10.0,10.100000381469727,9.649999618530273,9.84000015258789,12.040000000000001,8.02,limit down,0,,
2026-05-26,14:00,300405.XSHE,7.090000152587891,7.070000171661377,7.119999885559082,6.849999904632568,6.889999866485596,8.51,5.67,limit down,0,,
2026-05-27,14:00,301098.XSHE,10.199999809265137,10.199999809265137,10.319999694824219,9.899999618530273,10.270000457763672,12.24,8.16,limit down,0,,
2026-05-27,14:00,600455.XSHG,28.360000610351562,28.280000686645508,28.469999313354492,26.950000762939453,27.479999542236328,31.2,25.52,limit down,0,,
2026-05-27,14:00,300665.XSHE,9.84000015258789,9.84000015258789,9.84000015258789,9.399999618530273,9.5,11.81,7.87,limit down,2300,9.84,09:30:00
2026-05-27,14:00,300929.XSHE,13.09000015258789,13.149999618530273,13.220000267028809,12.430000305175781,12.699999809265137,15.71,10.47,limit down,0,,
2026-05-27,14:00,300417.XSHE,14.199999809265137,14.170000076293945,14.25,13.239999771118164,13.75,17.04,11.36,limit down,1100,14.17,09:30:00
2026-05-27,14:00,300405.XSHE,6.889999866485596,6.920000076293945,6.920000076293945,6.590000152587891,6.769999980926514,8.27,5.51,limit down,2800,6.92,09:30:00
2026-05-27,14:00,600561.XSHG,6.480000019073486,6.480000019073486,6.519999980926514,6.059999942779541,6.269999980926514,7.13,5.83,limit down,100,6.48,09:30:00
2026-05-27,14:00,301167.XSHE,16.049999237060547,16.010000228881836,16.100000381469727,15.260000228881836,15.65999984741211,19.26,12.84,limit down,100,16.01,09:30:00
2026-05-27,14:00,600697.XSHG,11.710000038146973,11.630000114440918,11.710000038146973,11.210000038146973,11.399999618530273,12.88,10.540000000000001,limit down,100,11.63,09:30:00
2026-05-27,14:00,300500.XSHE,11.40999984741211,11.359999656677246,11.40999984741211,10.90999984741211,11.140000343322754,13.69,9.13,limit down,1600,11.36,09:30:00
2026-05-27,14:00,603879.XSHG,5.289999961853027,5.300000190734863,5.329999923706055,5.110000133514404,5.210000038146973,5.82,4.76,limit down,3600,5.3,09:30:00
2026-05-29,14:00,301098.XSHE,10.34000015258789,10.289999961853027,10.4399995803833,9.84000015258789,9.9399995803833,12.41,8.27,limit down,0,,
2026-05-29,14:00,600455.XSHG,27.209999084472656,27.329999923706055,27.5,26.200000762939453,26.489999771118164,29.93,24.490000000000002,limit down,0,,
2026-05-29,14:00,300929.XSHE,12.619999885559082,12.640000343322754,12.789999961853027,11.920000076293945,12.069999694824219,15.14,10.1,limit down,0,,
2026-05-29,14:00,300417.XSHE,13.75,13.770000457763672,13.920000076293945,12.869999885559082,13.100000381469727,16.5,11.0,limit down,0,,
2026-05-29,14:00,300405.XSHE,6.800000190734863,6.769999980926514,6.880000114440918,6.329999923706055,6.420000076293945,8.16,5.44,limit down,0,,
2026-05-29,14:00,600561.XSHG,6.230000019073486,6.25,6.309999942779541,6.010000228881836,6.059999942779541,6.8500000000000005,5.61,limit down,0,,
2026-05-29,14:00,301167.XSHE,15.609999656677246,15.5600004196167,15.979999542236328,15.050000190734863,15.270000457763672,18.73,12.49,limit down,0,,
2026-05-29,14:00,300500.XSHE,11.300000190734863,11.329999923706055,11.760000228881836,10.960000038146973,11.069999694824219,13.56,9.040000000000001,limit down,0,,
2026-05-29,14:00,600493.XSHG,6.679999828338623,6.699999809265137,6.730000019073486,6.429999828338623,6.440000057220459,7.3500000000000005,6.01,limit down,0,,
2026-06-01,14:00,301098.XSHE,9.9399995803833,9.9399995803833,10.039999961853027,9.600000381469727,9.680000305175781,11.93,7.95,limit down,2100,9.94,09:30:00
2026-06-01,14:00,600455.XSHG,26.489999771118164,26.610000610351562,27.65999984741211,25.799999237060547,27.420000076293945,29.14,23.84,limit down,0,,
2026-06-01,14:00,300929.XSHE,12.069999694824219,12.020000457763672,12.59000015258789,11.859999656677246,12.390000343322754,14.48,9.66,limit down,200,12.02,09:30:00
2026-06-01,14:00,300417.XSHE,13.100000381469727,12.960000038146973,13.5,12.569999694824219,13.300000190734863,15.72,10.48,limit down,0,,
2026-06-01,14:00,300405.XSHE,6.420000076293945,6.400000095367432,6.670000076293945,6.130000114440918,6.599999904632568,7.7,5.14,limit down,2700,6.4,09:30:00
2026-06-01,14:00,301167.XSHE,15.180000305175781,15.0,15.699999809265137,14.850000381469727,15.5600004196167,18.22,12.14,limit down,100,15.0,09:30:00
2026-06-01,14:00,603879.XSHG,4.949999809265137,4.940000057220459,5.25,4.820000171661377,5.199999809265137,5.44,4.45,limit down,3700,4.94,09:30:00
2026-06-02,14:00,301098.XSHE,9.680000305175781,9.5600004196167,9.710000038146973,8.819999694824219,9.260000228881836,11.620000000000001,7.74,limit down,0,,
2026-06-02,14:00,600455.XSHG,27.420000076293945,27.40999984741211,27.719999313354492,26.440000534057617,26.649999618530273,30.16,24.68,limit down,0,,
2026-06-02,14:00,300665.XSHE,9.720000267028809,9.720000267028809,9.989999771118164,9.260000228881836,9.619999885559082,11.66,7.78,limit down,0,,
2026-06-02,14:00,300929.XSHE,12.390000343322754,12.539999961853027,12.770000457763672,11.930000305175781,12.029999732971191,14.870000000000001,9.91,limit down,0,,
2026-06-02,14:00,300417.XSHE,13.229999542236328,13.239999771118164,13.579999923706055,12.569999694824219,12.829999923706055,15.88,10.58,limit down,0,,
2026-06-02,14:00,300405.XSHE,6.599999904632568,6.599999904632568,6.75,6.260000228881836,6.360000133514404,7.92,5.28,limit down,0,,
2026-06-02,14:00,600561.XSHG,6.300000190734863,6.409999847412109,6.440000057220459,5.949999809265137,6.019999980926514,6.93,5.67,limit down,0,,
2026-06-02,14:00,301167.XSHE,15.5600004196167,15.5600004196167,15.800000190734863,14.859999656677246,14.960000038146973,18.67,12.450000000000001,limit down,0,,
2026-06-02,14:00,300500.XSHE,11.460000038146973,11.479999542236328,11.630000114440918,10.890000343322754,10.979999542236328,13.75,9.17,limit down,0,,
2026-06-02,14:00,600493.XSHG,6.710000038146973,6.760000228881836,6.78000020980835,6.420000076293945,6.429999828338623,7.38,6.04,limit down,0,,
2026-06-02,14:00,603879.XSHG,5.199999809265137,5.210000038146973,5.230000019073486,4.96999979019165,5.019999980926514,5.72,4.68,limit down,0,,
2026-06-03,14:00,301098.XSHE,9.260000228881836,9.180000305175781,9.4399995803833,8.949999809265137,9.279999732971191,11.11,7.41,limit down,0,,
2026-06-03,14:00,600455.XSHG,26.649999618530273,26.639999389648438,26.649999618530273,25.56999969482422,25.700000762939453,29.310000000000002,23.98,limit down,0,,
2026-06-03,14:00,300929.XSHE,12.029999732971191,12.020000457763672,12.130000114440918,11.710000038146973,11.930000305175781,14.44,9.620000000000001,limit down,0,,
2026-06-03,14:00,300417.XSHE,12.829999923706055,13.029999732971191,13.09000015258789,12.40999984741211,12.569999694824219,15.4,10.26,limit down,0,,
2026-06-03,14:00,300405.XSHE,6.360000133514404,6.349999904632568,6.460000038146973,6.210000038146973,6.269999980926514,7.63,5.09,limit down,0,,
2026-06-03,14:00,600561.XSHG,6.019999980926514,6.010000228881836,6.050000190734863,5.800000190734863,5.909999847412109,6.62,5.42,limit down,0,,
2026-06-03,14:00,301167.XSHE,14.960000038146973,15.079999923706055,15.079999923706055,14.600000381469727,14.720000267028809,17.95,11.97,limit down,0,,
2026-06-03,14:00,600697.XSHG,11.600000381469727,11.59000015258789,11.600000381469727,11.170000076293945,11.300000190734863,12.76,10.44,limit down,0,,
2026-06-03,14:00,300500.XSHE,10.979999542236328,11.0,11.100000381469727,10.75,10.829999923706055,13.18,8.78,limit down,0,,
2026-06-03,14:00,600493.XSHG,6.429999828338623,6.420000076293945,6.46999979019165,6.289999961853027,6.340000152587891,7.07,5.79,limit down,0,,
2026-06-03,14:00,603879.XSHG,5.019999980926514,5.070000171661377,5.090000152587891,4.920000076293945,5.019999980926514,5.5200000000000005,4.5200000000000005,limit down,0,,
2026-06-04,14:00,301098.XSHE,9.279999732971191,9.09000015258789,9.239999771118164,8.829999923706055,8.970000267028809,11.14,7.42,limit down,1400,9.09,09:30:00
2026-06-04,14:00,600455.XSHG,25.700000762939453,25.700000762939453,25.90999984741211,24.709999084472656,24.979999542236328,28.27,23.13,limit down,100,25.7,09:30:00
2026-06-04,14:00,300929.XSHE,11.930000305175781,11.859999656677246,12.039999961853027,11.510000228881836,11.609999656677246,14.32,9.540000000000001,limit down,0,,
2026-06-04,14:00,300417.XSHE,12.569999694824219,12.649999618530273,12.649999618530273,12.130000114440918,12.399999618530273,15.08,10.06,limit down,0,,
2026-06-04,14:00,300405.XSHE,6.269999980926514,6.239999771118164,6.340000152587891,6.059999942779541,6.119999885559082,7.5200000000000005,5.0200000000000005,limit down,2700,6.24,09:30:00
2026-06-04,14:00,600561.XSHG,5.909999847412109,5.849999904632568,5.980000019073486,5.679999828338623,5.75,6.5,5.32,limit down,0,,
2026-06-04,14:00,301167.XSHE,14.720000267028809,14.600000381469727,14.760000228881836,14.220000267028809,14.380000114440918,17.66,11.78,limit down,0,,
2026-06-04,14:00,600697.XSHG,11.300000190734863,11.25,11.420000076293945,10.859999656677246,10.930000305175781,12.43,10.17,limit down,100,11.25,09:30:00
2026-06-04,14:00,300500.XSHE,10.829999923706055,10.739999771118164,10.880000114440918,10.4399995803833,10.510000228881836,13.0,8.66,limit down,0,,
2026-06-04,14:00,600493.XSHG,6.340000152587891,6.329999923706055,6.400000095367432,6.159999847412109,6.239999771118164,6.97,5.71,limit down,0,,
2026-06-04,14:00,300535.XSHE,15.6899995803833,15.65999984741211,15.6899995803833,15.109999656677246,15.34000015258789,18.830000000000002,12.55,limit down,100,15.66,09:30:00
2026-06-04,14:00,603879.XSHG,5.019999980926514,5.0,5.059999942779541,4.849999904632568,4.920000076293945,5.5200000000000005,4.5200000000000005,limit down,300,5.0,09:30:00
2026-06-05,14:00,301098.XSHE,8.970000267028809,8.899999618530273,8.899999618530273,8.430000305175781,8.5,10.76,7.18,limit down,0,,
2026-06-05,14:00,600455.XSHG,24.979999542236328,24.989999771118164,25.649999618530273,24.1200008392334,25.299999237060547,27.48,22.48,limit down,0,,
2026-06-05,14:00,300929.XSHE,11.609999656677246,11.59000015258789,12.149999618530273,11.300000190734863,11.90999984741211,13.93,9.290000000000001,limit down,0,,
2026-06-05,14:00,300417.XSHE,12.399999618530273,12.050000190734863,12.979999542236328,11.899999618530273,12.649999618530273,14.88,9.92,limit down,0,,
2026-06-05,14:00,300405.XSHE,6.119999885559082,6.079999923706055,6.460000038146973,5.900000095367432,6.289999961853027,7.34,4.9,limit down,0,,
2026-06-05,14:00,600561.XSHG,5.75,5.75,5.980000019073486,5.610000133514404,5.880000114440918,6.32,5.18,limit down,0,,
2026-06-05,14:00,301167.XSHE,14.380000114440918,14.40999984741211,14.920000076293945,14.050000190734863,14.899999618530273,17.26,11.5,limit down,0,,
2026-06-05,14:00,600697.XSHG,10.930000305175781,10.979999542236328,11.449999809265137,10.9399995803833,11.3100004196167,12.02,9.84,limit down,0,,
2026-06-05,14:00,300500.XSHE,10.510000228881836,10.5,10.850000381469727,10.199999809265137,10.670000076293945,12.61,8.41,limit down,0,,
2026-06-05,14:00,600493.XSHG,6.239999771118164,6.360000133514404,6.389999866485596,6.079999923706055,6.320000171661377,6.86,5.62,limit down,0,,
2026-06-05,14:00,300535.XSHE,15.34000015258789,15.380000114440918,15.970000267028809,14.899999618530273,15.880000114440918,18.41,12.27,limit down,0,,
2026-06-05,14:00,603879.XSHG,4.920000076293945,4.900000095367432,5.050000190734863,4.78000020980835,4.989999771118164,5.41,4.43,limit down,0,,
2026-06-08,14:00,301098.XSHE,8.5,8.329999923706055,8.550000190734863,7.929999828338623,8.15999984741211,10.200000000000001,6.8,limit down,0,,
2026-06-08,14:00,600455.XSHG,25.299999237060547,24.450000762939453,25.75,24.299999237060547,25.09000015258789,27.830000000000002,22.77,limit down,0,,
2026-06-08,14:00,300929.XSHE,11.90999984741211,11.829999923706055,11.949999809265137,11.079999923706055,11.449999809265137,14.290000000000001,9.53,limit down,0,,
2026-06-08,14:00,300417.XSHE,12.649999618530273,12.3100004196167,12.680000305175781,11.640000343322754,12.100000381469727,15.18,10.120000000000001,limit down,0,,
2026-06-08,14:00,300405.XSHE,6.289999961853027,6.28000020980835,6.389999866485596,5.849999904632568,5.989999771118164,7.55,5.03,limit down,0,,
2026-06-08,14:00,600561.XSHG,5.880000114440918,5.739999771118164,5.929999828338623,5.590000152587891,5.650000095367432,6.47,5.29,limit down,0,,
2026-06-08,14:00,301167.XSHE,14.899999618530273,14.609999656677246,14.979999542236328,14.100000381469727,14.34000015258789,17.88,11.92,limit down,0,,
2026-06-08,14:00,600697.XSHG,11.3100004196167,10.930000305175781,11.550000190734863,10.880000114440918,11.09000015258789,12.44,10.18,limit down,0,,
2026-06-08,14:00,300500.XSHE,10.670000076293945,10.5600004196167,10.960000038146973,10.289999961853027,10.489999771118164,12.8,8.540000000000001,limit down,0,,
2026-06-08,14:00,600493.XSHG,6.320000171661377,6.199999809265137,6.400000095367432,6.019999980926514,6.130000114440918,6.95,5.69,limit down,0,,
2026-06-08,14:00,300535.XSHE,15.880000114440918,15.449999809265137,16.0,14.859999656677246,15.130000114440918,19.06,12.700000000000001,limit down,0,,
2026-06-08,14:00,603879.XSHG,4.989999771118164,4.889999866485596,5.059999942779541,4.710000038146973,4.800000190734863,5.49,4.49,limit down,0,,
2026-06-09,14:00,301098.XSHE,8.15999984741211,8.260000228881836,9.789999961853027,7.929999828338623,9.380000114440918,9.790000000000001,6.53,limit down,200,8.26,09:30:00
2026-06-09,14:00,600455.XSHG,25.09000015258789,24.479999542236328,25.280000686645508,24.459999084472656,24.799999237060547,27.6,22.580000000000002,limit down,0,,
2026-06-09,14:00,300929.XSHE,11.449999809265137,11.449999809265137,11.649999618530273,11.220000267028809,11.5,13.74,9.16,limit down,0,,
2026-06-09,14:00,300417.XSHE,12.100000381469727,12.210000038146973,12.449999809265137,11.899999618530273,12.039999961853027,14.52,9.68,limit down,0,,
2026-06-09,14:00,300405.XSHE,5.989999771118164,6.070000171661377,6.119999885559082,5.889999866485596,5.96999979019165,7.19,4.79,limit down,0,,
2026-06-09,14:00,600561.XSHG,5.650000095367432,5.710000038146973,5.820000171661377,5.579999923706055,5.659999847412109,6.22,5.09,limit down,0,,
2026-06-09,14:00,301167.XSHE,14.34000015258789,14.399999618530273,14.640000343322754,14.119999885559082,14.289999961853027,17.21,11.47,limit down,0,,
2026-06-09,14:00,600697.XSHG,11.09000015258789,11.100000381469727,11.15999984741211,10.720000267028809,10.960000038146973,12.200000000000001,9.98,limit down,1600,11.1,09:30:00
2026-06-09,14:00,300500.XSHE,10.489999771118164,10.539999961853027,10.850000381469727,10.289999961853027,10.449999809265137,12.59,8.39,limit down,0,,
2026-06-09,14:00,600493.XSHG,6.130000114440918,6.190000057220459,6.21999979019165,6.0,6.110000133514404,6.74,5.5200000000000005,limit down,200,6.19,09:30:00
2026-06-09,14:00,300535.XSHE,15.130000114440918,15.270000457763672,15.880000114440918,15.149999618530273,15.319999694824219,18.16,12.1,limit down,0,,
2026-06-09,14:00,603879.XSHG,4.800000190734863,4.800000190734863,4.929999828338623,4.71999979019165,4.849999904632568,5.28,4.32,limit down,3600,4.8,09:30:00
2026-06-10,14:00,301098.XSHE,9.380000114440918,9.180000305175781,9.510000228881836,8.25,8.40999984741211,11.26,7.5,limit down,0,,
2026-06-10,14:00,600455.XSHG,24.799999237060547,24.639999389648438,25.0,24.280000686645508,24.700000762939453,27.28,22.32,limit down,0,,
2026-06-10,14:00,300929.XSHE,11.5,11.470000267028809,11.619999885559082,10.979999542236328,11.350000381469727,13.8,9.200000000000001,limit down,0,,
2026-06-10,14:00,300417.XSHE,12.039999961853027,11.819999694824219,12.039999961853027,11.399999618530273,11.6899995803833,14.450000000000001,9.63,limit down,0,,
2026-06-10,14:00,300405.XSHE,5.96999979019165,5.920000076293945,6.050000190734863,5.639999866485596,5.860000133514404,7.16,4.78,limit down,0,,
2026-06-10,14:00,600561.XSHG,5.659999847412109,5.650000095367432,5.769999980926514,5.510000228881836,5.670000076293945,6.23,5.09,limit down,0,,
2026-06-10,14:00,301167.XSHE,14.289999961853027,14.15999984741211,14.350000381469727,13.859999656677246,14.220000267028809,17.150000000000002,11.43,limit down,0,,
2026-06-10,14:00,600697.XSHG,10.960000038146973,10.960000038146973,11.0600004196167,10.760000228881836,10.899999618530273,12.06,9.86,limit down,0,,
2026-06-10,14:00,300500.XSHE,10.449999809265137,10.350000381469727,10.430000305175781,10.039999961853027,10.270000457763672,12.540000000000001,8.36,limit down,0,,
2026-06-10,14:00,600493.XSHG,6.110000133514404,6.059999942779541,6.150000095367432,5.880000114440918,6.079999923706055,6.72,5.5,limit down,0,,
2026-06-10,14:00,300535.XSHE,15.319999694824219,15.220000267028809,15.550000190734863,14.75,15.149999618530273,18.38,12.26,limit down,0,,
2026-06-10,14:00,603879.XSHG,4.849999904632568,4.849999904632568,4.900000095367432,4.760000228881836,4.840000152587891,5.33,4.36,limit down,0,,
2026-06-11,14:00,301098.XSHE,8.40999984741211,8.569999694824219,8.930000305175781,8.09000015258789,8.65999984741211,10.09,6.73,limit down,0,,
2026-06-11,14:00,600455.XSHG,24.700000762939453,24.520000457763672,24.790000915527344,23.760000228881836,24.260000228881836,27.17,22.23,limit down,0,,
2026-06-11,14:00,300929.XSHE,11.350000381469727,11.25,11.369999885559082,10.8100004196167,11.140000343322754,13.620000000000001,9.08,limit down,0,,
2026-06-11,14:00,300417.XSHE,11.6899995803833,11.65999984741211,11.75,11.100000381469727,11.399999618530273,14.030000000000001,9.35,limit down,0,,
2026-06-11,14:00,300405.XSHE,5.860000133514404,5.789999961853027,6.139999866485596,5.619999885559082,5.929999828338623,7.03,4.69,limit down,0,,
2026-06-11,14:00,600561.XSHG,5.670000076293945,5.659999847412109,5.670000076293945,5.429999828338623,5.559999942779541,6.24,5.1000000000000005,limit down,0,,
2026-06-11,14:00,301167.XSHE,14.220000267028809,14.100000381469727,14.210000038146973,13.600000381469727,14.050000190734863,17.06,11.38,limit down,0,,
2026-06-11,14:00,600697.XSHG,10.899999618530273,10.880000114440918,10.9399995803833,10.630000114440918,10.8100004196167,11.99,9.81,limit down,0,,
2026-06-11,14:00,300500.XSHE,10.270000457763672,10.199999809265137,10.279999732971191,9.90999984741211,10.0600004196167,12.32,8.22,limit down,0,,
2026-06-11,14:00,600493.XSHG,6.079999923706055,6.050000190734863,6.079999923706055,5.829999923706055,5.989999771118164,6.69,5.47,limit down,0,,
2026-06-11,14:00,300535.XSHE,15.149999618530273,15.319999694824219,15.390000343322754,14.699999809265137,15.0600004196167,18.18,12.120000000000001,limit down,0,,
2026-06-11,14:00,603879.XSHG,4.840000152587891,4.809999942779541,4.849999904632568,4.650000095367432,4.730000019073486,5.32,4.36,limit down,0,,
2026-06-12,14:00,301098.XSHE,8.65999984741211,8.739999771118164,9.270000457763672,8.399999618530273,8.40999984741211,10.39,6.93,limit down,2200,8.74,09:30:00
2026-06-12,14:00,600455.XSHG,24.260000228881836,24.5,24.8700008392334,23.889999389648438,24.389999389648438,26.69,21.830000000000002,limit down,0,,
2026-06-12,14:00,300929.XSHE,11.140000343322754,11.289999961853027,11.329999923706055,10.920000076293945,11.079999923706055,13.370000000000001,8.91,limit down,0,,
2026-06-12,14:00,300417.XSHE,11.399999618530273,11.520000457763672,11.710000038146973,11.140000343322754,11.289999961853027,13.68,9.120000000000001,limit down,300,11.52,09:30:00
2026-06-12,14:00,300405.XSHE,5.929999828338623,6.010000228881836,6.050000190734863,5.769999980926514,5.960000038146973,7.12,4.74,limit down,2700,6.01,09:30:00
2026-06-12,14:00,600561.XSHG,5.559999942779541,5.579999923706055,5.659999847412109,5.429999828338623,5.579999923706055,6.12,5.0,limit down,0,,
2026-06-12,14:00,301167.XSHE,14.050000190734863,14.050000190734863,14.289999961853027,13.699999809265137,14.079999923706055,16.86,11.24,limit down,0,,
2026-06-12,14:00,600697.XSHG,10.8100004196167,10.760000228881836,11.130000114440918,10.680000305175781,10.989999771118164,11.89,9.73,limit down,1500,10.76,09:30:00
2026-06-12,14:00,300500.XSHE,10.0600004196167,10.15999984741211,10.399999618530273,9.90999984741211,10.210000038146973,12.07,8.05,limit down,0,,
2026-06-12,14:00,600493.XSHG,5.989999771118164,6.039999961853027,6.090000152587891,5.880000114440918,6.019999980926514,6.59,5.39,limit down,100,6.04,09:30:00
2026-06-12,14:00,300535.XSHE,15.0600004196167,15.279999732971191,15.489999771118164,14.90999984741211,15.260000228881836,18.07,12.05,limit down,0,,
2026-06-12,14:00,603879.XSHG,4.730000019073486,4.800000190734863,4.889999866485596,4.679999828338623,4.849999904632568,5.2,4.26,limit down,100,4.8,09:30:00
2026-06-15,14:00,301098.XSHE,8.40999984741211,8.460000038146973,8.65999984741211,8.09000015258789,8.140000343322754,10.09,6.73,limit down,0,,
2026-06-15,14:00,600455.XSHG,24.389999389648438,24.6299991607666,24.770000457763672,23.610000610351562,23.719999313354492,26.830000000000002,21.95,limit down,0,,
2026-06-15,14:00,300929.XSHE,11.079999923706055,11.1899995803833,11.5,10.710000038146973,10.880000114440918,13.3,8.86,limit down,0,,
2026-06-15,14:00,300417.XSHE,11.289999961853027,11.579999923706055,11.84000015258789,11.039999961853027,11.210000038146973,13.55,9.03,limit down,0,,
2026-06-15,14:00,300405.XSHE,5.960000038146973,5.989999771118164,6.210000038146973,5.760000228881836,5.800000190734863,7.15,4.7700000000000005,limit down,0,,
2026-06-15,14:00,600561.XSHG,5.579999923706055,5.659999847412109,5.769999980926514,5.400000095367432,5.5,6.140000000000001,5.0200000000000005,limit down,0,,
2026-06-15,14:00,301167.XSHE,14.079999923706055,14.100000381469727,14.529999732971191,13.8100004196167,13.890000343322754,16.9,11.26,limit down,0,,
2026-06-15,14:00,600697.XSHG,10.989999771118164,11.050000190734863,11.289999961853027,10.729999542236328,10.760000228881836,12.09,9.89,limit down,0,,
2026-06-15,14:00,300500.XSHE,10.210000038146973,10.300000190734863,10.539999961853027,9.90999984741211,9.960000038146973,12.25,8.17,limit down,0,,
2026-06-15,14:00,600493.XSHG,6.019999980926514,6.050000190734863,6.329999923706055,5.900000095367432,5.980000019073486,6.62,5.42,limit down,0,,
2026-06-15,14:00,300535.XSHE,15.260000228881836,15.5,15.779999732971191,14.789999961853027,14.979999542236328,18.31,12.21,limit down,0,,
2026-06-15,14:00,603879.XSHG,4.849999904632568,4.900000095367432,5.019999980926514,4.75,4.820000171661377,5.33,4.36,limit down,0,,
2026-06-16,14:00,301098.XSHE,8.140000343322754,8.109999656677246,8.699999809265137,7.829999923706055,8.399999618530273,9.77,6.51,limit down,0,,
2026-06-16,14:00,600455.XSHG,23.719999313354492,24.020000457763672,24.100000381469727,22.989999771118164,23.8799991607666,26.09,21.35,limit down,0,,
2026-06-16,14:00,300929.XSHE,10.880000114440918,10.829999923706055,11.170000076293945,10.5600004196167,10.899999618530273,13.06,8.700000000000001,limit down,0,,
2026-06-16,14:00,300417.XSHE,11.210000038146973,11.109999656677246,11.550000190734863,10.850000381469727,11.479999542236328,13.450000000000001,8.97,limit down,0,,
2026-06-16,14:00,300405.XSHE,5.800000190734863,5.889999866485596,6.050000190734863,5.659999847412109,5.960000038146973,6.96,4.64,limit down,0,,
2026-06-16,14:00,600561.XSHG,5.5,5.5,5.570000171661377,5.28000020980835,5.519999980926514,6.05,4.95,limit down,0,,
2026-06-16,14:00,301167.XSHE,13.890000343322754,13.880000114440918,14.109999656677246,13.569999694824219,13.9399995803833,16.67,11.11,limit down,0,,
2026-06-16,14:00,600697.XSHG,10.760000228881836,10.779999732971191,10.800000190734863,10.5,10.670000076293945,11.84,9.68,limit down,0,,
2026-06-16,14:00,300500.XSHE,9.960000038146973,10.149999618530273,10.210000038146973,9.850000381469727,10.130000114440918,11.950000000000001,7.97,limit down,0,,
2026-06-16,14:00,600493.XSHG,5.980000019073486,6.03000020980835,6.03000020980835,5.809999942779541,5.949999809265137,6.58,5.38,limit down,0,,
2026-06-16,14:00,300535.XSHE,14.979999542236328,14.989999771118164,15.279999732971191,14.520000457763672,15.0600004196167,17.98,11.98,limit down,0,,
2026-06-16,14:00,603879.XSHG,4.820000171661377,4.809999942779541,4.829999923706055,4.639999866485596,4.75,5.3,4.34,limit down,0,,
2026-06-17,14:00,301098.XSHE,8.399999618530273,8.210000038146973,8.699999809265137,8.210000038146973,8.600000381469727,10.08,6.72,limit down,1800,8.21,09:30:00
2026-06-17,14:00,600455.XSHG,23.8799991607666,23.81999969482422,24.020000457763672,23.25,23.389999389648438,26.27,21.490000000000002,limit down,0,,
2026-06-17,14:00,300929.XSHE,10.899999618530273,11.050000190734863,11.050000190734863,10.520000457763672,10.600000381469727,13.08,8.72,limit down,0,,
2026-06-17,14:00,300417.XSHE,11.479999542236328,11.4399995803833,11.4399995803833,10.880000114440918,10.979999542236328,13.780000000000001,9.18,limit down,1400,11.44,09:30:00
2026-06-17,14:00,300405.XSHE,5.960000038146973,6.0,6.019999980926514,5.699999809265137,5.760000228881836,7.15,4.7700000000000005,limit down,2700,6.0,09:30:00
2026-06-17,14:00,600561.XSHG,5.519999980926514,5.539999961853027,5.539999961853027,5.329999923706055,5.429999828338623,6.07,4.97,limit down,0,,
2026-06-17,14:00,301167.XSHE,13.9399995803833,13.890000343322754,13.989999771118164,13.510000228881836,13.630000114440918,16.73,11.15,limit down,0,,
2026-06-17,14:00,600697.XSHG,10.670000076293945,10.6899995803833,10.6899995803833,10.359999656677246,10.399999618530273,11.74,9.6,limit down,0,,
2026-06-17,14:00,300500.XSHE,10.130000114440918,10.010000228881836,10.140000343322754,9.640000343322754,9.6899995803833,12.16,8.1,limit down,0,,
2026-06-17,14:00,600493.XSHG,5.949999809265137,5.960000038146973,5.960000038146973,5.699999809265137,5.730000019073486,6.54,5.3500000000000005,limit down,0,,
2026-06-17,14:00,300535.XSHE,15.0600004196167,15.050000190734863,15.09000015258789,14.5,14.640000343322754,18.07,12.05,limit down,0,,
2026-06-17,14:00,603879.XSHG,4.75,4.789999961853027,4.789999961853027,4.539999961853027,4.590000152587891,5.22,4.28,limit down,3700,4.79,09:30:00
2026-06-18,14:00,301098.XSHE,8.600000381469727,8.460000038146973,9.220000267028809,8.460000038146973,8.930000305175781,10.32,6.88,limit down,0,,
2026-06-18,14:00,600455.XSHG,23.389999389648438,23.389999389648438,23.540000915527344,22.68000030517578,23.389999389648438,25.73,21.05,limit down,0,,
2026-06-18,14:00,300929.XSHE,10.600000381469727,10.600000381469727,10.75,10.260000228881836,10.619999885559082,12.72,8.48,limit down,0,,
2026-06-18,14:00,300417.XSHE,10.979999542236328,10.850000381469727,11.149999618530273,10.680000305175781,11.029999732971191,13.18,8.78,limit down,0,,
2026-06-18,14:00,300405.XSHE,5.760000228881836,5.710000038146973,5.760000228881836,5.550000190734863,5.670000076293945,6.91,4.61,limit down,0,,
2026-06-18,14:00,600561.XSHG,5.429999828338623,5.360000133514404,5.449999809265137,5.190000057220459,5.360000133514404,5.97,4.89,limit down,0,,
2026-06-18,14:00,301167.XSHE,13.630000114440918,13.470000267028809,13.609999656677246,13.210000038146973,13.449999809265137,16.36,10.9,limit down,0,,
2026-06-18,14:00,600697.XSHG,10.399999618530273,10.350000381469727,10.40999984741211,10.119999885559082,10.25,11.44,9.36,limit down,0,,
2026-06-18,14:00,300500.XSHE,9.6899995803833,9.640000343322754,9.779999732971191,9.449999809265137,9.630000114440918,11.63,7.75,limit down,0,,
2026-06-18,14:00,600493.XSHG,5.730000019073486,5.710000038146973,5.78000020980835,5.53000020980835,5.690000057220459,6.3,5.16,limit down,0,,
2026-06-18,14:00,300535.XSHE,14.640000343322754,14.5,14.859999656677246,14.199999809265137,14.550000190734863,17.57,11.71,limit down,0,,
2026-06-18,14:00,603879.XSHG,4.590000152587891,4.519999980926514,4.639999866485596,4.420000076293945,4.559999942779541,5.05,4.13,limit down,0,,
2026-06-22,14:00,301098.XSHE,8.930000305175781,8.880000114440918,8.930000305175781,8.520000457763672,8.699999809265137,10.72,7.140000000000001,limit down,0,,
2026-06-22,14:00,600455.XSHG,23.389999389648438,23.239999771118164,23.709999084472656,22.329999923706055,23.600000381469727,25.73,21.05,limit down,0,,
2026-06-22,14:00,300929.XSHE,10.619999885559082,10.5600004196167,11.489999771118164,10.420000076293945,11.289999961853027,12.74,8.5,limit down,0,,
2026-06-22,14:00,300417.XSHE,11.029999732971191,10.90999984741211,11.180000305175781,10.380000114440918,11.130000114440918,13.24,8.82,limit down,0,,
2026-06-22,14:00,300405.XSHE,5.670000076293945,5.559999942779541,5.78000020980835,5.389999866485596,5.78000020980835,6.8,4.54,limit down,0,,
2026-06-22,14:00,600561.XSHG,5.360000133514404,5.340000152587891,5.46999979019165,5.150000095367432,5.429999828338623,5.9,4.82,limit down,0,,
2026-06-22,14:00,301167.XSHE,13.449999809265137,13.369999885559082,13.539999961853027,12.770000457763672,13.539999961853027,16.14,10.76,limit down,0,,
2026-06-22,14:00,600697.XSHG,10.25,10.15999984741211,10.380000114440918,9.880000114440918,10.359999656677246,11.28,9.22,limit down,0,,
2026-06-22,14:00,300500.XSHE,9.630000114440918,9.539999961853027,9.710000038146973,9.180000305175781,9.6899995803833,11.56,7.7,limit down,0,,
2026-06-22,14:00,600493.XSHG,5.690000057220459,5.690000057220459,5.800000190734863,5.420000076293945,5.800000190734863,6.26,5.12,limit down,0,,
2026-06-22,14:00,300535.XSHE,14.550000190734863,14.350000381469727,14.949999809265137,13.8100004196167,14.859999656677246,17.46,11.64,limit down,0,,
2026-06-22,14:00,603879.XSHG,4.559999942779541,4.579999923706055,4.630000114440918,4.300000190734863,4.599999904632568,5.0200000000000005,4.1,limit down,0,,
2026-06-23,14:00,301098.XSHE,8.699999809265137,8.819999694824219,9.770000457763672,8.720000267028809,9.470000267028809,10.44,6.96,limit down,200,8.82,09:30:00
2026-06-23,14:00,600455.XSHG,23.600000381469727,23.450000762939453,24.389999389648438,23.43000030517578,24.030000686645508,25.96,21.240000000000002,limit down,0,,
2026-06-23,14:00,300929.XSHE,11.289999961853027,11.300000190734863,12.149999618530273,11.109999656677246,11.779999732971191,13.55,9.03,limit down,200,11.3,09:30:00
2026-06-23,14:00,300417.XSHE,11.130000114440918,11.109999656677246,11.640000343322754,11.010000228881836,11.359999656677246,13.36,8.9,limit down,100,11.11,09:30:00
2026-06-23,14:00,300405.XSHE,5.78000020980835,5.78000020980835,5.980000019073486,5.75,5.809999942779541,6.94,4.62,limit down,3000,5.78,09:30:00
2026-06-23,14:00,600561.XSHG,5.429999828338623,5.429999828338623,5.679999828338623,5.369999885559082,5.550000190734863,5.97,4.89,limit down,0,,
2026-06-23,14:00,301167.XSHE,13.539999961853027,13.40999984741211,14.050000190734863,13.350000381469727,13.850000381469727,16.25,10.83,limit down,0,,
2026-06-23,14:00,600697.XSHG,10.359999656677246,10.319999694824219,10.720000267028809,10.260000228881836,10.539999961853027,11.4,9.32,limit down,1500,10.32,09:30:00
2026-06-23,14:00,300500.XSHE,9.6899995803833,9.84000015258789,10.119999885559082,9.59000015258789,9.930000305175781,11.63,7.75,limit down,0,,
2026-06-23,14:00,600493.XSHG,5.800000190734863,5.760000228881836,6.0,5.730000019073486,5.869999885559082,6.38,5.22,limit down,200,5.76,09:30:00
2026-06-23,14:00,300535.XSHE,14.859999656677246,14.819999694824219,15.579999923706055,14.65999984741211,15.25,17.830000000000002,11.89,limit down,100,14.82,09:30:00
2026-06-23,14:00,603879.XSHG,4.599999904632568,4.610000133514404,4.909999847412109,4.539999961853027,4.840000152587891,5.0600000000000005,4.14,limit down,3300,4.61,09:30:00
2026-06-24,14:00,301098.XSHE,9.470000267028809,9.510000228881836,9.699999809265137,8.800000190734863,9.029999732971191,11.36,7.58,limit down,0,,
2026-06-24,14:00,600455.XSHG,24.030000686645508,24.0,24.270000457763672,22.6200008392334,22.649999618530273,26.43,21.63,limit down,0,,
2026-06-24,14:00,300929.XSHE,11.779999732971191,11.739999771118164,11.869999885559082,10.890000343322754,10.970000267028809,14.14,9.42,limit down,0,,
2026-06-24,14:00,300417.XSHE,11.359999656677246,11.300000190734863,11.390000343322754,10.6899995803833,10.84000015258789,13.63,9.09,limit down,0,,
2026-06-24,14:00,300405.XSHE,5.809999942779541,5.789999961853027,5.889999866485596,5.480000019073486,5.53000020980835,6.97,4.65,limit down,0,,
2026-06-24,14:00,600561.XSHG,5.550000190734863,5.599999904632568,5.659999847412109,5.170000076293945,5.199999809265137,6.11,5.0,limit down,0,,
2026-06-24,14:00,301167.XSHE,13.850000381469727,13.850000381469727,13.890000343322754,13.029999732971191,13.119999885559082,16.62,11.08,limit down,0,,
2026-06-24,14:00,600697.XSHG,10.539999961853027,10.5600004196167,10.59000015258789,10.050000190734863,10.130000114440918,11.59,9.49,limit down,0,,
2026-06-24,14:00,300500.XSHE,9.930000305175781,9.890000343322754,9.9399995803833,9.359999656677246,9.380000114440918,11.92,7.94,limit down,0,,
2026-06-24,14:00,600493.XSHG,5.869999885559082,5.840000152587891,6.190000057220459,5.5,5.53000020980835,6.46,5.28,limit down,0,,
2026-06-24,14:00,300535.XSHE,15.25,15.25,15.25,14.359999656677246,14.420000076293945,18.3,12.200000000000001,limit down,0,,
2026-06-24,14:00,603879.XSHG,4.840000152587891,4.880000114440918,4.880000114440918,4.460000038146973,4.53000020980835,5.32,4.36,limit down,0,,
