date,security,side,jq_quantity,jq_price,local_filled_quantity,local_filled_price,order_intent_buy_target,order_intent_sell_target,rejection_reason,alignment
2026-05-06,301098.XSHE,buy,2000,9.63,2000,9.63,,,,MATCH
2026-05-06,600455.XSHG,buy,700,28.5,700,28.5,,,,MATCH
2026-05-06,300665.XSHE,buy,2300,8.6,2300,8.6,,,,MATCH
2026-05-06,300929.XSHE,buy,1300,14.29,1300,14.29,,,,MATCH
2026-05-06,300417.XSHE,buy,1400,14.26,1400,14.26,,,,MATCH
2026-05-06,300405.XSHE,buy,2800,7.06,2800,7.06,,,,MATCH
2026-05-06,600561.XSHG,buy,2800,7.07,2800,7.07,,,,MATCH
2026-05-06,301167.XSHE,buy,1100,17.8,1100,17.8,,,,MATCH
2026-05-06,600697.XSHG,buy,1500,12.64,1500,12.64,,,,MATCH
2026-05-06,300500.XSHE,buy,1600,11.91,1600,11.91,,,,MATCH
2026-05-11,301098.XSHE,buy,2100,9.79,2100,9.79,,,,MATCH
2026-05-11,600455.XSHG,buy,600,29.39,600,29.39,,,,MATCH
2026-05-11,300665.XSHE,buy,2100,9.09,2100,9.09,,,,MATCH
2026-05-11,300929.XSHE,buy,1400,14.72,1400,14.72,,,,MATCH
2026-05-11,300417.XSHE,buy,1200,15.47,1200,15.47,,,,MATCH
2026-05-11,300405.XSHE,buy,2800,7.17,2800,7.17,,,,MATCH
2026-05-11,600561.XSHG,buy,2800,7.13,2800,7.13,,,,MATCH
2026-05-11,301167.XSHE,buy,1100,18.02,1100,18.02,,,,MATCH
2026-05-11,600697.XSHG,buy,1600,12.84,1600,12.84,,,,MATCH
2026-05-11,600493.XSHG,buy,2600,7.67,2600,7.67,,,,MATCH
2026-05-14,301098.XSHE,buy,1400,10.8,1400,10.8,,,,MATCH
2026-05-14,600455.XSHG,buy,700,29.04,700,29.04,,,,MATCH
2026-05-14,300665.XSHE,buy,2100,9.25,2100,9.25,,,,MATCH
2026-05-14,300929.XSHE,buy,1500,14.14,1500,14.14,,,,MATCH
2026-05-14,300417.XSHE,buy,1300,15.24,1300,15.24,,,,MATCH
2026-05-14,600561.XSHG,buy,2900,7.03,2900,7.03,,,,MATCH
2026-05-14,301167.XSHE,buy,1200,17.73,1200,17.73,,,,MATCH
2026-05-14,600697.XSHG,buy,1700,12.44,1700,12.44,,,,MATCH
2026-05-14,600493.XSHG,buy,2800,7.37,2800,7.37,,,,MATCH
2026-05-14,300535.XSHE,buy,1000,18.53,1000,18.53,,,,MATCH
2026-05-19,301098.XSHE,buy,2000,10.66,2000,10.66,,,,MATCH
2026-05-19,600455.XSHG,buy,700,29.71,700,29.71,,,,MATCH
2026-05-19,300665.XSHE,sell,300,9.85,400,9.85,,,,LOCAL=400
2026-05-19,300929.XSHE,buy,1500,14.0,1500,14.0,,,,MATCH
2026-05-19,300417.XSHE,buy,1300,15.23,1300,15.23,,,,MATCH
2026-05-19,300405.XSHE,buy,2700,7.28,2800,7.28,,,,LOCAL=2800
2026-05-19,600561.XSHG,buy,3100,6.94,3100,6.94,,,,MATCH
2026-05-19,301167.XSHE,buy,1200,17.52,1200,17.52,,,,MATCH
2026-05-19,600697.XSHG,buy,1600,12.48,1600,12.48,,,,MATCH
2026-05-19,600493.XSHG,buy,2700,7.4,2700,7.4,,,,MATCH
2026-05-19,300535.XSHE,buy,1100,18.56,1100,18.56,,,,MATCH
2026-05-22,301098.XSHE,buy,1900,10.3,1900,10.3,,,,MATCH
2026-05-22,600455.XSHG,buy,600,28.62,600,28.62,,,,MATCH
2026-05-22,300929.XSHE,buy,1600,13.25,1600,13.25,,,,MATCH
2026-05-22,300417.XSHE,buy,1400,14.48,1400,14.48,,,,MATCH
2026-05-22,300405.XSHE,buy,100,6.87,100,6.87,,,,MATCH
2026-05-22,600561.XSHG,buy,3000,6.61,3000,6.61,,,,MATCH
2026-05-22,301167.XSHE,buy,1200,16.48,1200,16.48,,,,MATCH
2026-05-22,600697.XSHG,buy,1700,11.87,1700,11.87,,,,MATCH
2026-05-22,600493.XSHG,buy,2900,7.01,2900,7.01,,,,MATCH
2026-05-22,300535.XSHE,buy,1100,17.65,1100,17.65,,,,MATCH
2026-05-22,603879.XSHG,buy,3600,5.34,3600,5.34,,,,MATCH
2026-05-27,300665.XSHE,sell,2300,9.84,0,,,,limit down,LOCAL=0
2026-05-27,300417.XSHE,sell,1100,14.17,0,,,,limit down,LOCAL=0
2026-05-27,300405.XSHE,sell,2800,6.92,0,,,,limit down,LOCAL=0
2026-05-27,600561.XSHG,buy,100,6.48,0,,,,limit down,LOCAL=0
2026-05-27,301167.XSHE,buy,100,16.01,0,,,,limit down,LOCAL=0
2026-05-27,600697.XSHG,buy,100,11.63,0,,,,limit down,LOCAL=0
2026-05-27,300500.XSHE,sell,1600,11.36,0,,,,limit down,LOCAL=0
2026-05-27,600493.XSHG,buy,3000,6.81,0,,,,,LOCAL=0
2026-05-27,300535.XSHE,buy,1100,17.42,0,,,,,LOCAL=0
2026-05-27,603879.XSHG,buy,3600,5.3,0,,,,limit down,LOCAL=0
2026-05-27,300605.XSHE,buy,1600,11.52,0,,,,,LOCAL=0
2026-06-01,301098.XSHE,sell,2100,9.94,0,,,,limit down,LOCAL=0
2026-06-01,300665.XSHE,sell,2000,9.54,0,,,,,LOCAL=0
2026-06-01,300929.XSHE,buy,200,12.02,0,,,,limit down,LOCAL=0
2026-06-01,300405.XSHE,sell,2700,6.4,0,,,,limit down,LOCAL=0
2026-06-01,600561.XSHG,buy,300,5.99,0,,,,,LOCAL=0
2026-06-01,301167.XSHE,buy,100,15.0,0,,,,limit down,LOCAL=0
2026-06-01,600697.XSHG,sell,1800,11.35,0,,,,,LOCAL=0
2026-06-01,300535.XSHE,buy,1200,16.33,0,,,,,LOCAL=0
2026-06-01,603879.XSHG,buy,3700,4.94,0,,,,limit down,LOCAL=0
2026-06-01,300605.XSHE,buy,1600,10.96,0,,,,,LOCAL=0
2026-06-01,300886.XSHE,buy,700,24.11,0,,,,,LOCAL=0
2026-06-04,301098.XSHE,sell,1400,9.09,0,,,,limit down,LOCAL=0
2026-06-04,600455.XSHG,buy,100,25.7,0,,,,limit down,LOCAL=0
2026-06-04,300665.XSHE,sell,1900,9.81,0,,,,,LOCAL=0
2026-06-04,300405.XSHE,buy,2700,6.24,0,,,,limit down,LOCAL=0
2026-06-04,600697.XSHG,sell,100,11.25,0,,,,limit down,LOCAL=0
2026-06-04,300535.XSHE,buy,100,15.66,0,,,,limit down,LOCAL=0
2026-06-04,603879.XSHG,sell,300,5.0,0,,,,limit down,LOCAL=0
2026-06-04,300605.XSHE,buy,1600,10.83,0,,,,,LOCAL=0
2026-06-09,301098.XSHE,buy,100,8.26,0,,,,limit down,LOCAL=0
2026-06-09,600697.XSHG,sell,1600,11.1,0,,,,limit down,LOCAL=0
2026-06-09,600493.XSHG,sell,200,6.19,0,,,,limit down,LOCAL=0
2026-06-09,603879.XSHG,buy,3600,4.8,0,,,,limit down,LOCAL=0
2026-06-09,301098.XSHE,buy,100,8.26,0,,,,limit down,LOCAL=0
2026-06-12,301098.XSHE,sell,2200,8.74,0,,,,limit down,LOCAL=0
2026-06-12,300417.XSHE,buy,300,11.52,0,,,,limit down,LOCAL=0
2026-06-12,300405.XSHE,buy,2700,6.01,0,,,,limit down,LOCAL=0
2026-06-12,600697.XSHG,sell,1500,10.76,0,,,,limit down,LOCAL=0
2026-06-12,600493.XSHG,buy,100,6.04,0,,,,limit down,LOCAL=0
2026-06-12,603879.XSHG,sell,100,4.8,0,,,,limit down,LOCAL=0
2026-06-12,300605.XSHE,buy,1600,10.36,0,,,,,LOCAL=0
2026-06-17,301098.XSHE,sell,1800,8.21,0,,,,limit down,LOCAL=0
2026-06-17,300417.XSHE,buy,1300,11.44,0,,,,limit down,LOCAL=0
2026-06-17,603879.XSHG,sell,3700,4.79,0,,,,limit down,LOCAL=0
2026-06-17,300605.XSHE,sell,1600,10.46,0,,,,,LOCAL=0
2026-06-17,300886.XSHE,buy,700,22.26,0,,,,,LOCAL=0
2026-06-17,300417.XSHE,buy,100,11.44,0,,,,limit down,LOCAL=0
2026-06-17,300405.XSHE,buy,2700,6.0,0,,,,limit down,LOCAL=0
2026-06-23,301098.XSHE,sell,200,8.82,0,,,,limit down,LOCAL=0
2026-06-23,300929.XSHE,sell,200,11.3,0,,,,limit down,LOCAL=0
2026-06-23,300417.XSHE,buy,100,11.11,0,,,,limit down,LOCAL=0
2026-06-23,300405.XSHE,buy,700,5.78,0,,,,limit down,LOCAL=0
2026-06-23,300535.XSHE,sell,100,14.82,0,,,,limit down,LOCAL=0
2026-06-23,603879.XSHG,sell,3300,4.61,0,,,,limit down,LOCAL=0
2026-06-23,300605.XSHE,sell,1600,10.35,0,,,,,LOCAL=0
2026-06-23,300886.XSHE,buy,100,21.69,0,,,,,LOCAL=0
2026-06-23,600493.XSHG,buy,200,5.76,0,,,,limit down,LOCAL=0
2026-06-23,300405.XSHE,buy,2300,5.78,0,,,,limit down,LOCAL=0
2026-06-23,600697.XSHG,buy,1500,10.32,0,,,,limit down,LOCAL=0
